ISO-10303-21;
HEADER;
FILE_DESCRIPTION(('FreeCAD Model'),'2;1');
FILE_NAME('Open CASCADE Shape Model','2026-08-27T18:06:24',(''),(''),
  'Open CASCADE STEP processor 7.8','FreeCAD','Unknown');
FILE_SCHEMA(('AUTOMOTIVE_DESIGN { 1 0 10303 214 1 1 1 1 }'));
ENDSEC;
DATA;
#1 = APPLICATION_PROTOCOL_DEFINITION('international standard',
  'automotive_design',2000,#2);
#2 = APPLICATION_CONTEXT(
  'core data for automotive mechanical design processes');
#3 = SHAPE_DEFINITION_REPRESENTATION(#4,#10);
#4 = PRODUCT_DEFINITION_SHAPE('','',#5);
#5 = PRODUCT_DEFINITION('design','',#6,#9);
#6 = PRODUCT_DEFINITION_FORMATION('','',#7);
#7 = PRODUCT('Fillet002','Fillet002','',(#8));
#8 = PRODUCT_CONTEXT('',#2,'mechanical');
#9 = PRODUCT_DEFINITION_CONTEXT('part definition',#2,'design');
#10 = ADVANCED_BREP_SHAPE_REPRESENTATION('',(#11,#15),#4913);
#11 = AXIS2_PLACEMENT_3D('',#12,#13,#14);
#12 = CARTESIAN_POINT('',(0.,0.,0.));
#13 = DIRECTION('',(0.,0.,1.));
#14 = DIRECTION('',(1.,0.,-0.));
#15 = MANIFOLD_SOLID_BREP('',#16);
#16 = CLOSED_SHELL('',(#17,#1241,#1272,#1297,#1322,#1346,#1370,#1395,
    #1419,#1443,#1467,#1492,#1516,#1540,#1564,#1589,#1613,#1637,#1661,
    #1686,#1710,#1734,#1758,#1783,#1808,#1832,#1856,#1881,#1906,#1930,
    #1954,#1979,#2004,#2028,#2052,#2077,#2102,#2126,#2150,#2175,#2200,
    #2224,#2248,#2273,#2298,#2322,#2346,#2371,#2396,#2420,#2444,#2469,
    #2494,#2518,#2542,#2567,#2592,#2616,#2640,#2665,#2690,#2714,#2738,
    #2763,#2788,#2812,#2836,#2861,#2886,#2910,#2934,#2959,#2984,#3008,
    #3032,#3057,#3082,#3106,#3130,#3155,#3180,#3204,#3228,#3253,#3278,
    #3302,#3326,#3351,#3376,#3400,#3424,#3449,#3474,#3498,#3522,#3547,
    #3572,#3596,#3620,#3645,#3670,#3694,#3718,#3743,#3768,#3792,#3816,
    #3841,#3866,#3890,#3914,#3939,#3964,#3988,#4012,#4037,#4062,#4086,
    #4110,#4135,#4160,#4184,#4208,#4233,#4258,#4282,#4306,#4330,#4355,
    #4379,#4403,#4427,#4452,#4476,#4500,#4524,#4549,#4573,#4597,#4621,
    #4646,#4670,#4694,#4719,#4744,#4761));
#17 = ADVANCED_FACE('',(#18),#1236,.T.);
#18 = FACE_BOUND('',#19,.T.);
#19 = EDGE_LOOP('',(#20,#30,#39,#47,#55,#63,#71,#79,#87,#95,#103,#111,
    #120,#128,#137,#145,#154,#162,#171,#179,#188,#196,#205,#213,#222,
    #230,#239,#247,#256,#264,#273,#281,#290,#298,#307,#315,#324,#332,
    #341,#349,#358,#366,#375,#383,#392,#400,#409,#417,#426,#434,#443,
    #451,#460,#468,#477,#485,#494,#502,#511,#519,#528,#536,#545,#553,
    #562,#570,#579,#587,#596,#604,#613,#621,#630,#638,#647,#655,#663,
    #671,#679,#687,#695,#703,#711,#719,#728,#736,#745,#753,#762,#770,
    #779,#787,#796,#804,#813,#821,#830,#838,#847,#855,#864,#872,#881,
    #889,#898,#906,#915,#923,#932,#940,#949,#957,#966,#974,#983,#991,
    #1000,#1008,#1017,#1025,#1034,#1042,#1051,#1059,#1068,#1076,#1085,
    #1093,#1102,#1110,#1119,#1127,#1136,#1144,#1153,#1161,#1170,#1178,
    #1187,#1195,#1204,#1212,#1221,#1229));
#20 = ORIENTED_EDGE('',*,*,#21,.F.);
#21 = EDGE_CURVE('',#22,#24,#26,.T.);
#22 = VERTEX_POINT('',#23);
#23 = CARTESIAN_POINT('',(-32.16707,-8.972934,14.));
#24 = VERTEX_POINT('',#25);
#25 = CARTESIAN_POINT('',(-32.16707,-8.972734,14.));
#26 = LINE('',#27,#28);
#27 = CARTESIAN_POINT('',(-32.16707,-9.222834,14.));
#28 = VECTOR('',#29,1.);
#29 = DIRECTION('',(0.,1.,0.));
#30 = ORIENTED_EDGE('',*,*,#31,.F.);
#31 = EDGE_CURVE('',#32,#22,#34,.T.);
#32 = VERTEX_POINT('',#33);
#33 = CARTESIAN_POINT('',(-32.41697,-9.222834,14.));
#34 = CIRCLE('',#35,0.2499);
#35 = AXIS2_PLACEMENT_3D('',#36,#37,#38);
#36 = CARTESIAN_POINT('',(-32.41697,-8.972934,14.));
#37 = DIRECTION('',(-0.,0.,1.));
#38 = DIRECTION('',(0.,-1.,0.));
#39 = ORIENTED_EDGE('',*,*,#40,.T.);
#40 = EDGE_CURVE('',#32,#41,#43,.T.);
#41 = VERTEX_POINT('',#42);
#42 = CARTESIAN_POINT('',(-32.41707,-9.222834,14.));
#43 = LINE('',#44,#45);
#44 = CARTESIAN_POINT('',(-32.16707,-9.222834,14.));
#45 = VECTOR('',#46,1.);
#46 = DIRECTION('',(-1.,0.,0.));
#47 = ORIENTED_EDGE('',*,*,#48,.T.);
#48 = EDGE_CURVE('',#41,#49,#51,.T.);
#49 = VERTEX_POINT('',#50);
#50 = CARTESIAN_POINT('',(-32.41707,-12.722834,14.));
#51 = LINE('',#52,#53);
#52 = CARTESIAN_POINT('',(-32.41707,-9.222834,14.));
#53 = VECTOR('',#54,1.);
#54 = DIRECTION('',(0.,-1.,0.));
#55 = ORIENTED_EDGE('',*,*,#56,.T.);
#56 = EDGE_CURVE('',#49,#57,#59,.T.);
#57 = VERTEX_POINT('',#58);
#58 = CARTESIAN_POINT('',(-35.41707,-12.722834,14.));
#59 = LINE('',#60,#61);
#60 = CARTESIAN_POINT('',(-32.41707,-12.722834,14.));
#61 = VECTOR('',#62,1.);
#62 = DIRECTION('',(-1.,0.,0.));
#63 = ORIENTED_EDGE('',*,*,#64,.T.);
#64 = EDGE_CURVE('',#57,#65,#67,.T.);
#65 = VERTEX_POINT('',#66);
#66 = CARTESIAN_POINT('',(-35.41707,-17.722834,14.));
#67 = LINE('',#68,#69);
#68 = CARTESIAN_POINT('',(-35.41707,-12.722834,14.));
#69 = VECTOR('',#70,1.);
#70 = DIRECTION('',(0.,-1.,0.));
#71 = ORIENTED_EDGE('',*,*,#72,.T.);
#72 = EDGE_CURVE('',#65,#73,#75,.T.);
#73 = VERTEX_POINT('',#74);
#74 = CARTESIAN_POINT('',(-24.91707,-17.722834,14.));
#75 = LINE('',#76,#77);
#76 = CARTESIAN_POINT('',(-35.41707,-17.722834,14.));
#77 = VECTOR('',#78,1.);
#78 = DIRECTION('',(1.,0.,0.));
#79 = ORIENTED_EDGE('',*,*,#80,.T.);
#80 = EDGE_CURVE('',#73,#81,#83,.T.);
#81 = VERTEX_POINT('',#82);
#82 = CARTESIAN_POINT('',(-24.91707,-12.722834,14.));
#83 = LINE('',#84,#85);
#84 = CARTESIAN_POINT('',(-24.91707,-17.722834,14.));
#85 = VECTOR('',#86,1.);
#86 = DIRECTION('',(0.,1.,0.));
#87 = ORIENTED_EDGE('',*,*,#88,.T.);
#88 = EDGE_CURVE('',#81,#89,#91,.T.);
#89 = VERTEX_POINT('',#90);
#90 = CARTESIAN_POINT('',(-27.91707,-12.722834,14.));
#91 = LINE('',#92,#93);
#92 = CARTESIAN_POINT('',(-24.91707,-12.722834,14.));
#93 = VECTOR('',#94,1.);
#94 = DIRECTION('',(-1.,0.,0.));
#95 = ORIENTED_EDGE('',*,*,#96,.T.);
#96 = EDGE_CURVE('',#89,#97,#99,.T.);
#97 = VERTEX_POINT('',#98);
#98 = CARTESIAN_POINT('',(-27.91707,-9.222834,14.));
#99 = LINE('',#100,#101);
#100 = CARTESIAN_POINT('',(-27.91707,-12.722834,14.));
#101 = VECTOR('',#102,1.);
#102 = DIRECTION('',(0.,1.,0.));
#103 = ORIENTED_EDGE('',*,*,#104,.T.);
#104 = EDGE_CURVE('',#97,#105,#107,.T.);
#105 = VERTEX_POINT('',#106);
#106 = CARTESIAN_POINT('',(-27.9171699183,-9.222834,14.));
#107 = LINE('',#108,#109);
#108 = CARTESIAN_POINT('',(-27.91707,-9.222834,14.));
#109 = VECTOR('',#110,1.);
#110 = DIRECTION('',(-1.,0.,0.));
#111 = ORIENTED_EDGE('',*,*,#112,.F.);
#112 = EDGE_CURVE('',#113,#105,#115,.T.);
#113 = VERTEX_POINT('',#114);
#114 = CARTESIAN_POINT('',(-28.1670699183,-8.972934,14.));
#115 = CIRCLE('',#116,0.2499);
#116 = AXIS2_PLACEMENT_3D('',#117,#118,#119);
#117 = CARTESIAN_POINT('',(-27.9171699183,-8.972934,14.));
#118 = DIRECTION('',(-0.,0.,1.));
#119 = DIRECTION('',(0.,-1.,0.));
#120 = ORIENTED_EDGE('',*,*,#121,.T.);
#121 = EDGE_CURVE('',#113,#122,#124,.T.);
#122 = VERTEX_POINT('',#123);
#123 = CARTESIAN_POINT('',(-28.1670699183,-8.722834,14.));
#124 = LINE('',#125,#126);
#125 = CARTESIAN_POINT('',(-28.1670699183,-9.222834,14.));
#126 = VECTOR('',#127,1.);
#127 = DIRECTION('',(0.,1.,0.));
#128 = ORIENTED_EDGE('',*,*,#129,.T.);
#129 = EDGE_CURVE('',#122,#130,#132,.T.);
#130 = VERTEX_POINT('',#131);
#131 = CARTESIAN_POINT('',(-28.6670697549,-8.222834,14.));
#132 = CIRCLE('',#133,0.5);
#133 = AXIS2_PLACEMENT_3D('',#134,#135,#136);
#134 = CARTESIAN_POINT('',(-28.6670699183,-8.722834,14.));
#135 = DIRECTION('',(0.,0.,1.));
#136 = DIRECTION('',(1.,0.,0.));
#137 = ORIENTED_EDGE('',*,*,#138,.F.);
#138 = EDGE_CURVE('',#139,#130,#141,.T.);
#139 = VERTEX_POINT('',#140);
#140 = CARTESIAN_POINT('',(-34.16707011764,-8.222834,14.));
#141 = LINE('',#142,#143);
#142 = CARTESIAN_POINT('',(-34.16707011764,-8.222834,14.));
#143 = VECTOR('',#144,1.);
#144 = DIRECTION('',(1.,0.,0.));
#145 = ORIENTED_EDGE('',*,*,#146,.F.);
#146 = EDGE_CURVE('',#147,#139,#149,.T.);
#147 = VERTEX_POINT('',#148);
#148 = CARTESIAN_POINT('',(-34.16707004084,-7.722834,14.));
#149 = CIRCLE('',#150,0.25);
#150 = AXIS2_PLACEMENT_3D('',#151,#152,#153);
#151 = CARTESIAN_POINT('',(-34.16707012254,-7.972834,14.));
#152 = DIRECTION('',(0.,0.,1.));
#153 = DIRECTION('',(1.,0.,0.));
#154 = ORIENTED_EDGE('',*,*,#155,.T.);
#155 = EDGE_CURVE('',#147,#156,#158,.T.);
#156 = VERTEX_POINT('',#157);
#157 = CARTESIAN_POINT('',(-26.16707004084,-7.722834,14.));
#158 = LINE('',#159,#160);
#159 = CARTESIAN_POINT('',(-34.16707004084,-7.722834,14.));
#160 = VECTOR('',#161,1.);
#161 = DIRECTION('',(1.,0.,0.));
#162 = ORIENTED_EDGE('',*,*,#163,.T.);
#163 = EDGE_CURVE('',#156,#164,#166,.T.);
#164 = VERTEX_POINT('',#165);
#165 = CARTESIAN_POINT('',(-26.16707025652,-6.222833999999,14.));
#166 = CIRCLE('',#167,0.750000000001);
#167 = AXIS2_PLACEMENT_3D('',#168,#169,#170);
#168 = CARTESIAN_POINT('',(-26.16707001878,-6.972833999999,14.));
#169 = DIRECTION('',(0.,0.,1.));
#170 = DIRECTION('',(1.,0.,0.));
#171 = ORIENTED_EDGE('',*,*,#172,.T.);
#172 = EDGE_CURVE('',#164,#173,#175,.T.);
#173 = VERTEX_POINT('',#174);
#174 = CARTESIAN_POINT('',(-34.16707025652,-6.222833999999,14.));
#175 = LINE('',#176,#177);
#176 = CARTESIAN_POINT('',(-26.16707025652,-6.222833999999,14.));
#177 = VECTOR('',#178,1.);
#178 = DIRECTION('',(-1.,0.,0.));
#179 = ORIENTED_EDGE('',*,*,#180,.F.);
#180 = EDGE_CURVE('',#181,#173,#183,.T.);
#181 = VERTEX_POINT('',#182);
#182 = CARTESIAN_POINT('',(-34.16707017972,-5.722833999999,14.));
#183 = CIRCLE('',#184,0.25);
#184 = AXIS2_PLACEMENT_3D('',#185,#186,#187);
#185 = CARTESIAN_POINT('',(-34.16707026142,-5.972833999999,14.));
#186 = DIRECTION('',(0.,0.,1.));
#187 = DIRECTION('',(1.,0.,0.));
#188 = ORIENTED_EDGE('',*,*,#189,.T.);
#189 = EDGE_CURVE('',#181,#190,#192,.T.);
#190 = VERTEX_POINT('',#191);
#191 = CARTESIAN_POINT('',(-26.16706931041,-5.722833999999,14.));
#192 = LINE('',#193,#194);
#193 = CARTESIAN_POINT('',(-34.16707017972,-5.722833999999,14.));
#194 = VECTOR('',#195,1.);
#195 = DIRECTION('',(1.,0.,0.));
#196 = ORIENTED_EDGE('',*,*,#197,.T.);
#197 = EDGE_CURVE('',#190,#198,#200,.T.);
#198 = VERTEX_POINT('',#199);
#199 = CARTESIAN_POINT('',(-26.16706959964,-4.222833999999,14.));
#200 = CIRCLE('',#201,0.75);
#201 = AXIS2_PLACEMENT_3D('',#202,#203,#204);
#202 = CARTESIAN_POINT('',(-26.16706932512,-4.972833999999,14.));
#203 = DIRECTION('',(0.,0.,1.));
#204 = DIRECTION('',(1.,0.,0.));
#205 = ORIENTED_EDGE('',*,*,#206,.F.);
#206 = EDGE_CURVE('',#207,#198,#209,.T.);
#207 = VERTEX_POINT('',#208);
#208 = CARTESIAN_POINT('',(-34.16706959964,-4.222833999999,14.));
#209 = LINE('',#210,#211);
#210 = CARTESIAN_POINT('',(-34.16706959964,-4.222833999999,14.));
#211 = VECTOR('',#212,1.);
#212 = DIRECTION('',(1.,-1.1E-16,0.));
#213 = ORIENTED_EDGE('',*,*,#214,.F.);
#214 = EDGE_CURVE('',#215,#207,#217,.T.);
#215 = VERTEX_POINT('',#216);
#216 = CARTESIAN_POINT('',(-34.16706977285,-3.722833999999,14.));
#217 = CIRCLE('',#218,0.25);
#218 = AXIS2_PLACEMENT_3D('',#219,#220,#221);
#219 = CARTESIAN_POINT('',(-34.16706960455,-3.972833999999,14.));
#220 = DIRECTION('',(0.,0.,1.));
#221 = DIRECTION('',(1.,0.,0.));
#222 = ORIENTED_EDGE('',*,*,#223,.T.);
#223 = EDGE_CURVE('',#215,#224,#226,.T.);
#224 = VERTEX_POINT('',#225);
#225 = CARTESIAN_POINT('',(-26.16706977285,-3.722833999999,14.));
#226 = LINE('',#227,#228);
#227 = CARTESIAN_POINT('',(-34.16706977285,-3.722833999999,14.));
#228 = VECTOR('',#229,1.);
#229 = DIRECTION('',(1.,0.,0.));
#230 = ORIENTED_EDGE('',*,*,#231,.T.);
#231 = EDGE_CURVE('',#224,#232,#234,.T.);
#232 = VERTEX_POINT('',#233);
#233 = CARTESIAN_POINT('',(-26.16707006208,-2.222833999999,14.));
#234 = CIRCLE('',#235,0.75);
#235 = AXIS2_PLACEMENT_3D('',#236,#237,#238);
#236 = CARTESIAN_POINT('',(-26.16706978756,-2.972833999999,14.));
#237 = DIRECTION('',(0.,0.,1.));
#238 = DIRECTION('',(1.,0.,0.));
#239 = ORIENTED_EDGE('',*,*,#240,.F.);
#240 = EDGE_CURVE('',#241,#232,#243,.T.);
#241 = VERTEX_POINT('',#242);
#242 = CARTESIAN_POINT('',(-34.16707006208,-2.222833999999,14.));
#243 = LINE('',#244,#245);
#244 = CARTESIAN_POINT('',(-34.16707006208,-2.222833999999,14.));
#245 = VECTOR('',#246,1.);
#246 = DIRECTION('',(1.,-6.E-17,0.));
#247 = ORIENTED_EDGE('',*,*,#248,.F.);
#248 = EDGE_CURVE('',#249,#241,#251,.T.);
#249 = VERTEX_POINT('',#250);
#250 = CARTESIAN_POINT('',(-34.16706998528,-1.722833999999,14.));
#251 = CIRCLE('',#252,0.25);
#252 = AXIS2_PLACEMENT_3D('',#253,#254,#255);
#253 = CARTESIAN_POINT('',(-34.16707006698,-1.972833999999,14.));
#254 = DIRECTION('',(0.,0.,1.));
#255 = DIRECTION('',(1.,0.,0.));
#256 = ORIENTED_EDGE('',*,*,#257,.T.);
#257 = EDGE_CURVE('',#249,#258,#260,.T.);
#258 = VERTEX_POINT('',#259);
#259 = CARTESIAN_POINT('',(-26.16706998528,-1.722833999999,14.));
#260 = LINE('',#261,#262);
#261 = CARTESIAN_POINT('',(-34.16706998528,-1.722833999999,14.));
#262 = VECTOR('',#263,1.);
#263 = DIRECTION('',(1.,3.E-17,0.));
#264 = ORIENTED_EDGE('',*,*,#265,.T.);
#265 = EDGE_CURVE('',#258,#266,#268,.T.);
#266 = VERTEX_POINT('',#267);
#267 = CARTESIAN_POINT('',(-26.16707027451,-0.222834,14.));
#268 = CIRCLE('',#269,0.75);
#269 = AXIS2_PLACEMENT_3D('',#270,#271,#272);
#270 = CARTESIAN_POINT('',(-26.16707,-0.972834,14.));
#271 = DIRECTION('',(0.,0.,1.));
#272 = DIRECTION('',(1.,0.,0.));
#273 = ORIENTED_EDGE('',*,*,#274,.F.);
#274 = EDGE_CURVE('',#275,#266,#277,.T.);
#275 = VERTEX_POINT('',#276);
#276 = CARTESIAN_POINT('',(-34.16707027451,-0.222834,14.));
#277 = LINE('',#278,#279);
#278 = CARTESIAN_POINT('',(-34.16707027451,-0.222834,14.));
#279 = VECTOR('',#280,1.);
#280 = DIRECTION('',(1.,0.,0.));
#281 = ORIENTED_EDGE('',*,*,#282,.F.);
#282 = EDGE_CURVE('',#283,#275,#285,.T.);
#283 = VERTEX_POINT('',#284);
#284 = CARTESIAN_POINT('',(-34.16707044772,0.277166,14.));
#285 = CIRCLE('',#286,0.25);
#286 = AXIS2_PLACEMENT_3D('',#287,#288,#289);
#287 = CARTESIAN_POINT('',(-34.16707027942,2.7166E-02,14.));
#288 = DIRECTION('',(0.,0.,1.));
#289 = DIRECTION('',(1.,0.,0.));
#290 = ORIENTED_EDGE('',*,*,#291,.T.);
#291 = EDGE_CURVE('',#283,#292,#294,.T.);
#292 = VERTEX_POINT('',#293);
#293 = CARTESIAN_POINT('',(-26.16707044772,0.277166,14.));
#294 = LINE('',#295,#296);
#295 = CARTESIAN_POINT('',(-34.16707044772,0.277166,14.));
#296 = VECTOR('',#297,1.);
#297 = DIRECTION('',(1.,0.,0.));
#298 = ORIENTED_EDGE('',*,*,#299,.T.);
#299 = EDGE_CURVE('',#292,#300,#302,.T.);
#300 = VERTEX_POINT('',#301);
#301 = CARTESIAN_POINT('',(-26.1670709183,1.777166,14.));
#302 = CIRCLE('',#303,0.75);
#303 = AXIS2_PLACEMENT_3D('',#304,#305,#306);
#304 = CARTESIAN_POINT('',(-26.1670705531,1.027166,14.));
#305 = DIRECTION('',(0.,0.,1.));
#306 = DIRECTION('',(1.,0.,0.));
#307 = ORIENTED_EDGE('',*,*,#308,.T.);
#308 = EDGE_CURVE('',#300,#309,#311,.T.);
#309 = VERTEX_POINT('',#310);
#310 = CARTESIAN_POINT('',(-34.1670709183,1.777166,14.));
#311 = LINE('',#312,#313);
#312 = CARTESIAN_POINT('',(-26.1670709183,1.777166,14.));
#313 = VECTOR('',#314,1.);
#314 = DIRECTION('',(-1.,0.,0.));
#315 = ORIENTED_EDGE('',*,*,#316,.F.);
#316 = EDGE_CURVE('',#317,#309,#319,.T.);
#317 = VERTEX_POINT('',#318);
#318 = CARTESIAN_POINT('',(-34.1670708415,2.277166,14.));
#319 = CIRCLE('',#320,0.25);
#320 = AXIS2_PLACEMENT_3D('',#321,#322,#323);
#321 = CARTESIAN_POINT('',(-34.1670709232,2.027166,14.));
#322 = DIRECTION('',(0.,0.,1.));
#323 = DIRECTION('',(1.,0.,0.));
#324 = ORIENTED_EDGE('',*,*,#325,.T.);
#325 = EDGE_CURVE('',#317,#326,#328,.T.);
#326 = VERTEX_POINT('',#327);
#327 = CARTESIAN_POINT('',(-26.1670708415,2.277166,14.));
#328 = LINE('',#329,#330);
#329 = CARTESIAN_POINT('',(-34.1670708415,2.277166,14.));
#330 = VECTOR('',#331,1.);
#331 = DIRECTION('',(1.,0.,0.));
#332 = ORIENTED_EDGE('',*,*,#333,.T.);
#333 = EDGE_CURVE('',#326,#334,#336,.T.);
#334 = VERTEX_POINT('',#335);
#335 = CARTESIAN_POINT('',(-26.16707131208,3.777166000001,14.));
#336 = CIRCLE('',#337,0.75);
#337 = AXIS2_PLACEMENT_3D('',#338,#339,#340);
#338 = CARTESIAN_POINT('',(-26.16707094689,3.027166,14.));
#339 = DIRECTION('',(0.,0.,1.));
#340 = DIRECTION('',(1.,0.,0.));
#341 = ORIENTED_EDGE('',*,*,#342,.T.);
#342 = EDGE_CURVE('',#334,#343,#345,.T.);
#343 = VERTEX_POINT('',#344);
#344 = CARTESIAN_POINT('',(-34.16707131208,3.777166000001,14.));
#345 = LINE('',#346,#347);
#346 = CARTESIAN_POINT('',(-26.16707131208,3.777166000001,14.));
#347 = VECTOR('',#348,1.);
#348 = DIRECTION('',(-1.,0.,0.));
#349 = ORIENTED_EDGE('',*,*,#350,.F.);
#350 = EDGE_CURVE('',#351,#343,#353,.T.);
#351 = VERTEX_POINT('',#352);
#352 = CARTESIAN_POINT('',(-34.16707123528,4.277166000002,14.));
#353 = CIRCLE('',#354,0.250000000001);
#354 = AXIS2_PLACEMENT_3D('',#355,#356,#357);
#355 = CARTESIAN_POINT('',(-34.16707131698,4.027166000001,14.));
#356 = DIRECTION('',(0.,0.,1.));
#357 = DIRECTION('',(1.,0.,0.));
#358 = ORIENTED_EDGE('',*,*,#359,.T.);
#359 = EDGE_CURVE('',#351,#360,#362,.T.);
#360 = VERTEX_POINT('',#361);
#361 = CARTESIAN_POINT('',(-26.16707123528,4.277166000002,14.));
#362 = LINE('',#363,#364);
#363 = CARTESIAN_POINT('',(-34.16707123528,4.277166000002,14.));
#364 = VECTOR('',#365,1.);
#365 = DIRECTION('',(1.,0.,0.));
#366 = ORIENTED_EDGE('',*,*,#367,.T.);
#367 = EDGE_CURVE('',#360,#368,#370,.T.);
#368 = VERTEX_POINT('',#369);
#369 = CARTESIAN_POINT('',(-26.16707388616,5.777166,14.));
#370 = CIRCLE('',#371,0.75);
#371 = AXIS2_PLACEMENT_3D('',#372,#373,#374);
#372 = CARTESIAN_POINT('',(-26.16707243082,5.027166000001,14.));
#373 = DIRECTION('',(0.,0.,1.));
#374 = DIRECTION('',(1.,0.,0.));
#375 = ORIENTED_EDGE('',*,*,#376,.T.);
#376 = EDGE_CURVE('',#368,#377,#379,.T.);
#377 = VERTEX_POINT('',#378);
#378 = CARTESIAN_POINT('',(-34.16707388616,5.777166,14.));
#379 = LINE('',#380,#381);
#380 = CARTESIAN_POINT('',(-26.16707388616,5.777166,14.));
#381 = VECTOR('',#382,1.);
#382 = DIRECTION('',(-1.,0.,0.));
#383 = ORIENTED_EDGE('',*,*,#384,.F.);
#384 = EDGE_CURVE('',#385,#377,#387,.T.);
#385 = VERTEX_POINT('',#386);
#386 = CARTESIAN_POINT('',(-34.16707380937,6.277166,14.));
#387 = CIRCLE('',#388,0.25);
#388 = AXIS2_PLACEMENT_3D('',#389,#390,#391);
#389 = CARTESIAN_POINT('',(-34.16707389106,6.027166,14.));
#390 = DIRECTION('',(0.,0.,1.));
#391 = DIRECTION('',(1.,0.,0.));
#392 = ORIENTED_EDGE('',*,*,#393,.T.);
#393 = EDGE_CURVE('',#385,#394,#396,.T.);
#394 = VERTEX_POINT('',#395);
#395 = CARTESIAN_POINT('',(-26.16707380937,6.277166,14.));
#396 = LINE('',#397,#398);
#397 = CARTESIAN_POINT('',(-34.16707380937,6.277166,14.));
#398 = VECTOR('',#399,1.);
#399 = DIRECTION('',(1.,0.,0.));
#400 = ORIENTED_EDGE('',*,*,#401,.T.);
#401 = EDGE_CURVE('',#394,#402,#404,.T.);
#402 = VERTEX_POINT('',#403);
#403 = CARTESIAN_POINT('',(-26.167075,7.777166,14.));
#404 = CIRCLE('',#405,0.75);
#405 = AXIS2_PLACEMENT_3D('',#406,#407,#408);
#406 = CARTESIAN_POINT('',(-26.16707427478,7.027166,14.));
#407 = DIRECTION('',(0.,0.,1.));
#408 = DIRECTION('',(1.,0.,0.));
#409 = ORIENTED_EDGE('',*,*,#410,.F.);
#410 = EDGE_CURVE('',#411,#402,#413,.T.);
#411 = VERTEX_POINT('',#412);
#412 = CARTESIAN_POINT('',(-34.16707499509,7.777166,14.));
#413 = LINE('',#414,#415);
#414 = CARTESIAN_POINT('',(-34.16707499509,7.777166,14.));
#415 = VECTOR('',#416,1.);
#416 = DIRECTION('',(1.,0.,0.));
#417 = ORIENTED_EDGE('',*,*,#418,.F.);
#418 = EDGE_CURVE('',#419,#411,#421,.T.);
#419 = VERTEX_POINT('',#420);
#420 = CARTESIAN_POINT('',(-34.1670749183,8.277166,14.));
#421 = CIRCLE('',#422,0.25);
#422 = AXIS2_PLACEMENT_3D('',#423,#424,#425);
#423 = CARTESIAN_POINT('',(-34.167075,8.027166,14.));
#424 = DIRECTION('',(0.,0.,1.));
#425 = DIRECTION('',(1.,0.,0.));
#426 = ORIENTED_EDGE('',*,*,#427,.T.);
#427 = EDGE_CURVE('',#419,#428,#430,.T.);
#428 = VERTEX_POINT('',#429);
#429 = CARTESIAN_POINT('',(-26.16707499509,8.277166,14.));
#430 = LINE('',#431,#432);
#431 = CARTESIAN_POINT('',(-34.1670749183,8.277166,14.));
#432 = VECTOR('',#433,1.);
#433 = DIRECTION('',(1.,0.,0.));
#434 = ORIENTED_EDGE('',*,*,#435,.T.);
#435 = EDGE_CURVE('',#428,#436,#438,.T.);
#436 = VERTEX_POINT('',#437);
#437 = CARTESIAN_POINT('',(-26.16707527451,9.777166,14.));
#438 = CIRCLE('',#439,0.75);
#439 = AXIS2_PLACEMENT_3D('',#440,#441,#442);
#440 = CARTESIAN_POINT('',(-26.167075,9.027166,14.));
#441 = DIRECTION('',(0.,0.,1.));
#442 = DIRECTION('',(1.,0.,0.));
#443 = ORIENTED_EDGE('',*,*,#444,.F.);
#444 = EDGE_CURVE('',#445,#436,#447,.T.);
#445 = VERTEX_POINT('',#446);
#446 = CARTESIAN_POINT('',(-34.16707561764,9.777166,14.));
#447 = LINE('',#448,#449);
#448 = CARTESIAN_POINT('',(-34.16707561764,9.777166,14.));
#449 = VECTOR('',#450,1.);
#450 = DIRECTION('',(1.,0.,0.));
#451 = ORIENTED_EDGE('',*,*,#452,.F.);
#452 = EDGE_CURVE('',#453,#445,#455,.T.);
#453 = VERTEX_POINT('',#454);
#454 = CARTESIAN_POINT('',(-34.16707554084,10.277166,14.));
#455 = CIRCLE('',#456,0.25);
#456 = AXIS2_PLACEMENT_3D('',#457,#458,#459);
#457 = CARTESIAN_POINT('',(-34.16707562254,10.027166,14.));
#458 = DIRECTION('',(0.,0.,1.));
#459 = DIRECTION('',(1.,0.,0.));
#460 = ORIENTED_EDGE('',*,*,#461,.T.);
#461 = EDGE_CURVE('',#453,#462,#464,.T.);
#462 = VERTEX_POINT('',#463);
#463 = CARTESIAN_POINT('',(-26.16707499019,10.277166,14.));
#464 = LINE('',#465,#466);
#465 = CARTESIAN_POINT('',(-34.16707554084,10.277166,14.));
#466 = VECTOR('',#467,1.);
#467 = DIRECTION('',(1.,0.,0.));
#468 = ORIENTED_EDGE('',*,*,#469,.T.);
#469 = EDGE_CURVE('',#462,#470,#472,.T.);
#470 = VERTEX_POINT('',#471);
#471 = CARTESIAN_POINT('',(-26.16707527942,11.777166,14.));
#472 = CIRCLE('',#473,0.75);
#473 = AXIS2_PLACEMENT_3D('',#474,#475,#476);
#474 = CARTESIAN_POINT('',(-26.1670750049,11.027166,14.));
#475 = DIRECTION('',(0.,0.,1.));
#476 = DIRECTION('',(1.,0.,0.));
#477 = ORIENTED_EDGE('',*,*,#478,.F.);
#478 = EDGE_CURVE('',#479,#470,#481,.T.);
#479 = VERTEX_POINT('',#480);
#480 = CARTESIAN_POINT('',(-34.16707499509,11.777166,14.));
#481 = LINE('',#482,#483);
#482 = CARTESIAN_POINT('',(-34.16707499509,11.777166,14.));
#483 = VECTOR('',#484,1.);
#484 = DIRECTION('',(1.,0.,0.));
#485 = ORIENTED_EDGE('',*,*,#486,.F.);
#486 = EDGE_CURVE('',#487,#479,#489,.T.);
#487 = VERTEX_POINT('',#488);
#488 = CARTESIAN_POINT('',(-34.1670749183,12.277166,14.));
#489 = CIRCLE('',#490,0.25);
#490 = AXIS2_PLACEMENT_3D('',#491,#492,#493);
#491 = CARTESIAN_POINT('',(-34.167075,12.027166,14.));
#492 = DIRECTION('',(0.,0.,1.));
#493 = DIRECTION('',(1.,0.,0.));
#494 = ORIENTED_EDGE('',*,*,#495,.T.);
#495 = EDGE_CURVE('',#487,#496,#498,.T.);
#496 = VERTEX_POINT('',#497);
#497 = CARTESIAN_POINT('',(-26.16707498528,12.277166,14.));
#498 = LINE('',#499,#500);
#499 = CARTESIAN_POINT('',(-34.1670749183,12.277166,14.));
#500 = VECTOR('',#501,1.);
#501 = DIRECTION('',(1.,0.,0.));
#502 = ORIENTED_EDGE('',*,*,#503,.T.);
#503 = EDGE_CURVE('',#496,#504,#506,.T.);
#504 = VERTEX_POINT('',#505);
#505 = CARTESIAN_POINT('',(-26.16707527451,13.777166,14.));
#506 = CIRCLE('',#507,0.75);
#507 = AXIS2_PLACEMENT_3D('',#508,#509,#510);
#508 = CARTESIAN_POINT('',(-26.167075,13.027166,14.));
#509 = DIRECTION('',(0.,0.,1.));
#510 = DIRECTION('',(1.,0.,0.));
#511 = ORIENTED_EDGE('',*,*,#512,.F.);
#512 = EDGE_CURVE('',#513,#504,#515,.T.);
#513 = VERTEX_POINT('',#514);
#514 = CARTESIAN_POINT('',(-34.16707491339,13.777166,14.));
#515 = LINE('',#516,#517);
#516 = CARTESIAN_POINT('',(-34.16707491339,13.777166,14.));
#517 = VECTOR('',#518,1.);
#518 = DIRECTION('',(1.,0.,0.));
#519 = ORIENTED_EDGE('',*,*,#520,.F.);
#520 = EDGE_CURVE('',#521,#513,#523,.T.);
#521 = VERTEX_POINT('',#522);
#522 = CARTESIAN_POINT('',(-34.1670748366,14.277166,14.));
#523 = CIRCLE('',#524,0.25);
#524 = AXIS2_PLACEMENT_3D('',#525,#526,#527);
#525 = CARTESIAN_POINT('',(-34.1670749183,14.027166,14.));
#526 = DIRECTION('',(0.,0.,1.));
#527 = DIRECTION('',(1.,0.,0.));
#528 = ORIENTED_EDGE('',*,*,#529,.T.);
#529 = EDGE_CURVE('',#521,#530,#532,.T.);
#530 = VERTEX_POINT('',#531);
#531 = CARTESIAN_POINT('',(-26.16707525735,14.277166,14.));
#532 = LINE('',#533,#534);
#533 = CARTESIAN_POINT('',(-34.1670748366,14.277166,14.));
#534 = VECTOR('',#535,1.);
#535 = DIRECTION('',(1.,0.,0.));
#536 = ORIENTED_EDGE('',*,*,#537,.T.);
#537 = EDGE_CURVE('',#530,#538,#540,.T.);
#538 = VERTEX_POINT('',#539);
#539 = CARTESIAN_POINT('',(-26.16707554658,15.777166,14.));
#540 = CIRCLE('',#541,0.75);
#541 = AXIS2_PLACEMENT_3D('',#542,#543,#544);
#542 = CARTESIAN_POINT('',(-26.16707527206,15.027166,14.));
#543 = DIRECTION('',(0.,0.,1.));
#544 = DIRECTION('',(1.,0.,0.));
#545 = ORIENTED_EDGE('',*,*,#546,.F.);
#546 = EDGE_CURVE('',#547,#538,#549,.T.);
#547 = VERTEX_POINT('',#548);
#548 = CARTESIAN_POINT('',(-34.16707476471,15.777166,14.));
#549 = LINE('',#550,#551);
#550 = CARTESIAN_POINT('',(-34.16707476471,15.777166,14.));
#551 = VECTOR('',#552,1.);
#552 = DIRECTION('',(1.,0.,0.));
#553 = ORIENTED_EDGE('',*,*,#554,.F.);
#554 = EDGE_CURVE('',#555,#547,#557,.T.);
#555 = VERTEX_POINT('',#556);
#556 = CARTESIAN_POINT('',(-34.16707468791,16.277166,14.));
#557 = CIRCLE('',#558,0.25);
#558 = AXIS2_PLACEMENT_3D('',#559,#560,#561);
#559 = CARTESIAN_POINT('',(-34.16707476961,16.027166,14.));
#560 = DIRECTION('',(0.,0.,1.));
#561 = DIRECTION('',(1.,0.,0.));
#562 = ORIENTED_EDGE('',*,*,#563,.T.);
#563 = EDGE_CURVE('',#555,#564,#566,.T.);
#564 = VERTEX_POINT('',#565);
#565 = CARTESIAN_POINT('',(-26.16707498528,16.277166,14.));
#566 = LINE('',#567,#568);
#567 = CARTESIAN_POINT('',(-34.16707468791,16.277166,14.));
#568 = VECTOR('',#569,1.);
#569 = DIRECTION('',(1.,0.,0.));
#570 = ORIENTED_EDGE('',*,*,#571,.T.);
#571 = EDGE_CURVE('',#564,#572,#574,.T.);
#572 = VERTEX_POINT('',#573);
#573 = CARTESIAN_POINT('',(-26.16707527451,17.777166,14.));
#574 = CIRCLE('',#575,0.75);
#575 = AXIS2_PLACEMENT_3D('',#576,#577,#578);
#576 = CARTESIAN_POINT('',(-26.167075,17.027166,14.));
#577 = DIRECTION('',(0.,0.,1.));
#578 = DIRECTION('',(1.,0.,0.));
#579 = ORIENTED_EDGE('',*,*,#580,.F.);
#580 = EDGE_CURVE('',#581,#572,#583,.T.);
#581 = VERTEX_POINT('',#582);
#582 = CARTESIAN_POINT('',(-34.16707499509,17.777166,14.));
#583 = LINE('',#584,#585);
#584 = CARTESIAN_POINT('',(-34.16707499509,17.777166,14.));
#585 = VECTOR('',#586,1.);
#586 = DIRECTION('',(1.,0.,0.));
#587 = ORIENTED_EDGE('',*,*,#588,.F.);
#588 = EDGE_CURVE('',#589,#581,#591,.T.);
#589 = VERTEX_POINT('',#590);
#590 = CARTESIAN_POINT('',(-34.1670749183,18.277166,14.));
#591 = CIRCLE('',#592,0.25);
#592 = AXIS2_PLACEMENT_3D('',#593,#594,#595);
#593 = CARTESIAN_POINT('',(-34.167075,18.027166,14.));
#594 = DIRECTION('',(0.,0.,1.));
#595 = DIRECTION('',(1.,0.,0.));
#596 = ORIENTED_EDGE('',*,*,#597,.T.);
#597 = EDGE_CURVE('',#589,#598,#600,.T.);
#598 = VERTEX_POINT('',#599);
#599 = CARTESIAN_POINT('',(-26.1670749183,18.277166,14.));
#600 = LINE('',#601,#602);
#601 = CARTESIAN_POINT('',(-34.1670749183,18.277166,14.));
#602 = VECTOR('',#603,1.);
#603 = DIRECTION('',(1.,0.,0.));
#604 = ORIENTED_EDGE('',*,*,#605,.T.);
#605 = EDGE_CURVE('',#598,#606,#608,.T.);
#606 = VERTEX_POINT('',#607);
#607 = CARTESIAN_POINT('',(-26.167075,19.777166,14.));
#608 = CIRCLE('',#609,0.75);
#609 = AXIS2_PLACEMENT_3D('',#610,#611,#612);
#610 = CARTESIAN_POINT('',(-26.16707482924,19.027166,14.));
#611 = DIRECTION('',(0.,0.,1.));
#612 = DIRECTION('',(1.,0.,0.));
#613 = ORIENTED_EDGE('',*,*,#614,.T.);
#614 = EDGE_CURVE('',#606,#615,#617,.T.);
#615 = VERTEX_POINT('',#616);
#616 = CARTESIAN_POINT('',(-27.917175,19.777166,14.));
#617 = LINE('',#618,#619);
#618 = CARTESIAN_POINT('',(-26.167075,19.777166,14.));
#619 = VECTOR('',#620,1.);
#620 = DIRECTION('',(-1.,0.,0.));
#621 = ORIENTED_EDGE('',*,*,#622,.T.);
#622 = EDGE_CURVE('',#615,#623,#625,.T.);
#623 = VERTEX_POINT('',#624);
#624 = CARTESIAN_POINT('',(-28.167075,20.027066,14.));
#625 = CIRCLE('',#626,0.2499);
#626 = AXIS2_PLACEMENT_3D('',#627,#628,#629);
#627 = CARTESIAN_POINT('',(-27.917175,20.027066,14.));
#628 = DIRECTION('',(0.,-0.,-1.));
#629 = DIRECTION('',(0.,1.,-0.));
#630 = ORIENTED_EDGE('',*,*,#631,.T.);
#631 = EDGE_CURVE('',#623,#632,#634,.T.);
#632 = VERTEX_POINT('',#633);
#633 = CARTESIAN_POINT('',(-28.167075,20.027266,14.));
#634 = LINE('',#635,#636);
#635 = CARTESIAN_POINT('',(-28.167075,19.777166,14.));
#636 = VECTOR('',#637,1.);
#637 = DIRECTION('',(0.,1.,0.));
#638 = ORIENTED_EDGE('',*,*,#639,.F.);
#639 = EDGE_CURVE('',#640,#632,#642,.T.);
#640 = VERTEX_POINT('',#641);
#641 = CARTESIAN_POINT('',(-27.917175,20.277166,14.));
#642 = CIRCLE('',#643,0.2499);
#643 = AXIS2_PLACEMENT_3D('',#644,#645,#646);
#644 = CARTESIAN_POINT('',(-27.917175,20.027266,14.));
#645 = DIRECTION('',(0.,-0.,1.));
#646 = DIRECTION('',(0.,1.,0.));
#647 = ORIENTED_EDGE('',*,*,#648,.T.);
#648 = EDGE_CURVE('',#640,#649,#651,.T.);
#649 = VERTEX_POINT('',#650);
#650 = CARTESIAN_POINT('',(-27.917075,20.277166,14.));
#651 = LINE('',#652,#653);
#652 = CARTESIAN_POINT('',(-28.167075,20.277166,14.));
#653 = VECTOR('',#654,1.);
#654 = DIRECTION('',(1.,0.,0.));
#655 = ORIENTED_EDGE('',*,*,#656,.T.);
#656 = EDGE_CURVE('',#649,#657,#659,.T.);
#657 = VERTEX_POINT('',#658);
#658 = CARTESIAN_POINT('',(-27.917075,23.777166,14.));
#659 = LINE('',#660,#661);
#660 = CARTESIAN_POINT('',(-27.917075,20.277166,14.));
#661 = VECTOR('',#662,1.);
#662 = DIRECTION('',(0.,1.,0.));
#663 = ORIENTED_EDGE('',*,*,#664,.T.);
#664 = EDGE_CURVE('',#657,#665,#667,.T.);
#665 = VERTEX_POINT('',#666);
#666 = CARTESIAN_POINT('',(-24.917075,23.777166,14.));
#667 = LINE('',#668,#669);
#668 = CARTESIAN_POINT('',(-27.917075,23.777166,14.));
#669 = VECTOR('',#670,1.);
#670 = DIRECTION('',(1.,0.,0.));
#671 = ORIENTED_EDGE('',*,*,#672,.T.);
#672 = EDGE_CURVE('',#665,#673,#675,.T.);
#673 = VERTEX_POINT('',#674);
#674 = CARTESIAN_POINT('',(-24.917075,28.777165896234,14.));
#675 = LINE('',#676,#677);
#676 = CARTESIAN_POINT('',(-24.917075,23.777166,14.));
#677 = VECTOR('',#678,1.);
#678 = DIRECTION('',(0.,1.,0.));
#679 = ORIENTED_EDGE('',*,*,#680,.T.);
#680 = EDGE_CURVE('',#673,#681,#683,.T.);
#681 = VERTEX_POINT('',#682);
#682 = CARTESIAN_POINT('',(-35.417075,28.777165896234,14.));
#683 = LINE('',#684,#685);
#684 = CARTESIAN_POINT('',(-24.917075,28.777165896234,14.));
#685 = VECTOR('',#686,1.);
#686 = DIRECTION('',(-1.,0.,0.));
#687 = ORIENTED_EDGE('',*,*,#688,.T.);
#688 = EDGE_CURVE('',#681,#689,#691,.T.);
#689 = VERTEX_POINT('',#690);
#690 = CARTESIAN_POINT('',(-35.417075,23.777165896234,14.));
#691 = LINE('',#692,#693);
#692 = CARTESIAN_POINT('',(-35.417075,28.777165896234,14.));
#693 = VECTOR('',#694,1.);
#694 = DIRECTION('',(0.,-1.,0.));
#695 = ORIENTED_EDGE('',*,*,#696,.F.);
#696 = EDGE_CURVE('',#697,#689,#699,.T.);
#697 = VERTEX_POINT('',#698);
#698 = CARTESIAN_POINT('',(-32.417075,23.777165896234,14.));
#699 = LINE('',#700,#701);
#700 = CARTESIAN_POINT('',(-32.417075,23.777165896234,14.));
#701 = VECTOR('',#702,1.);
#702 = DIRECTION('',(-1.,0.,0.));
#703 = ORIENTED_EDGE('',*,*,#704,.F.);
#704 = EDGE_CURVE('',#705,#697,#707,.T.);
#705 = VERTEX_POINT('',#706);
#706 = CARTESIAN_POINT('',(-32.417075,20.277165896234,14.));
#707 = LINE('',#708,#709);
#708 = CARTESIAN_POINT('',(-32.417075,20.277165896234,14.));
#709 = VECTOR('',#710,1.);
#710 = DIRECTION('',(0.,1.,0.));
#711 = ORIENTED_EDGE('',*,*,#712,.F.);
#712 = EDGE_CURVE('',#713,#705,#715,.T.);
#713 = VERTEX_POINT('',#714);
#714 = CARTESIAN_POINT('',(-32.416975,20.277165896234,14.));
#715 = LINE('',#716,#717);
#716 = CARTESIAN_POINT('',(-32.167075,20.277165896234,14.));
#717 = VECTOR('',#718,1.);
#718 = DIRECTION('',(-1.,0.,0.));
#719 = ORIENTED_EDGE('',*,*,#720,.F.);
#720 = EDGE_CURVE('',#721,#713,#723,.T.);
#721 = VERTEX_POINT('',#722);
#722 = CARTESIAN_POINT('',(-32.167075,20.027265896234,14.));
#723 = CIRCLE('',#724,0.2499);
#724 = AXIS2_PLACEMENT_3D('',#725,#726,#727);
#725 = CARTESIAN_POINT('',(-32.416975,20.027265896234,14.));
#726 = DIRECTION('',(0.,-0.,1.));
#727 = DIRECTION('',(0.,1.,0.));
#728 = ORIENTED_EDGE('',*,*,#729,.F.);
#729 = EDGE_CURVE('',#730,#721,#732,.T.);
#730 = VERTEX_POINT('',#731);
#731 = CARTESIAN_POINT('',(-32.167075,19.777165896234,14.));
#732 = LINE('',#733,#734);
#733 = CARTESIAN_POINT('',(-32.167075,19.777165896234,14.));
#734 = VECTOR('',#735,1.);
#735 = DIRECTION('',(0.,1.,0.));
#736 = ORIENTED_EDGE('',*,*,#737,.T.);
#737 = EDGE_CURVE('',#730,#738,#740,.T.);
#738 = VERTEX_POINT('',#739);
#739 = CARTESIAN_POINT('',(-31.66707492075,19.277166,14.));
#740 = CIRCLE('',#741,0.500000069439);
#741 = AXIS2_PLACEMENT_3D('',#742,#743,#744);
#742 = CARTESIAN_POINT('',(-31.66707493056,19.777166069439,14.));
#743 = DIRECTION('',(0.,0.,1.));
#744 = DIRECTION('',(1.,0.,0.));
#745 = ORIENTED_EDGE('',*,*,#746,.F.);
#746 = EDGE_CURVE('',#747,#738,#749,.T.);
#747 = VERTEX_POINT('',#748);
#748 = CARTESIAN_POINT('',(-26.16707492075,19.277166,14.));
#749 = LINE('',#750,#751);
#750 = CARTESIAN_POINT('',(-26.16707492075,19.277166,14.));
#751 = VECTOR('',#752,1.);
#752 = DIRECTION('',(-1.,0.,0.));
#753 = ORIENTED_EDGE('',*,*,#754,.F.);
#754 = EDGE_CURVE('',#755,#747,#757,.T.);
#755 = VERTEX_POINT('',#756);
#756 = CARTESIAN_POINT('',(-26.16707482434,18.777166,14.));
#757 = CIRCLE('',#758,0.25);
#758 = AXIS2_PLACEMENT_3D('',#759,#760,#761);
#759 = CARTESIAN_POINT('',(-26.16707482924,19.027166,14.));
#760 = DIRECTION('',(0.,0.,1.));
#761 = DIRECTION('',(1.,0.,0.));
#762 = ORIENTED_EDGE('',*,*,#763,.F.);
#763 = EDGE_CURVE('',#764,#755,#766,.T.);
#764 = VERTEX_POINT('',#765);
#765 = CARTESIAN_POINT('',(-34.16707487132,18.777166,14.));
#766 = LINE('',#767,#768);
#767 = CARTESIAN_POINT('',(-34.16707482434,18.777166,14.));
#768 = VECTOR('',#769,1.);
#769 = DIRECTION('',(1.,0.,0.));
#770 = ORIENTED_EDGE('',*,*,#771,.T.);
#771 = EDGE_CURVE('',#764,#772,#774,.T.);
#772 = VERTEX_POINT('',#773);
#773 = CARTESIAN_POINT('',(-34.1670747549,17.277166,14.));
#774 = CIRCLE('',#775,0.75);
#775 = AXIS2_PLACEMENT_3D('',#776,#777,#778);
#776 = CARTESIAN_POINT('',(-34.167075,18.027166,14.));
#777 = DIRECTION('',(0.,0.,1.));
#778 = DIRECTION('',(1.,0.,0.));
#779 = ORIENTED_EDGE('',*,*,#780,.T.);
#780 = EDGE_CURVE('',#772,#781,#783,.T.);
#781 = VERTEX_POINT('',#782);
#782 = CARTESIAN_POINT('',(-26.167075,17.277166,14.));
#783 = LINE('',#784,#785);
#784 = CARTESIAN_POINT('',(-34.1670747549,17.277166,14.));
#785 = VECTOR('',#786,1.);
#786 = DIRECTION('',(1.,0.,0.));
#787 = ORIENTED_EDGE('',*,*,#788,.F.);
#788 = EDGE_CURVE('',#789,#781,#791,.T.);
#789 = VERTEX_POINT('',#790);
#790 = CARTESIAN_POINT('',(-26.16707499509,16.777166,14.));
#791 = CIRCLE('',#792,0.25);
#792 = AXIS2_PLACEMENT_3D('',#793,#794,#795);
#793 = CARTESIAN_POINT('',(-26.167075,17.027166,14.));
#794 = DIRECTION('',(0.,0.,1.));
#795 = DIRECTION('',(1.,0.,0.));
#796 = ORIENTED_EDGE('',*,*,#797,.F.);
#797 = EDGE_CURVE('',#798,#789,#800,.T.);
#798 = VERTEX_POINT('',#799);
#799 = CARTESIAN_POINT('',(-34.1670747549,16.777166,14.));
#800 = LINE('',#801,#802);
#801 = CARTESIAN_POINT('',(-34.1670747549,16.777166,14.));
#802 = VECTOR('',#803,1.);
#803 = DIRECTION('',(1.,0.,0.));
#804 = ORIENTED_EDGE('',*,*,#805,.T.);
#805 = EDGE_CURVE('',#798,#806,#808,.T.);
#806 = VERTEX_POINT('',#807);
#807 = CARTESIAN_POINT('',(-34.1670747549,15.277166,14.));
#808 = CIRCLE('',#809,0.75);
#809 = AXIS2_PLACEMENT_3D('',#810,#811,#812);
#810 = CARTESIAN_POINT('',(-34.16707476961,16.027166,14.));
#811 = DIRECTION('',(0.,0.,1.));
#812 = DIRECTION('',(1.,0.,0.));
#813 = ORIENTED_EDGE('',*,*,#814,.T.);
#814 = EDGE_CURVE('',#806,#815,#817,.T.);
#815 = VERTEX_POINT('',#816);
#816 = CARTESIAN_POINT('',(-26.16707527451,15.277166,14.));
#817 = LINE('',#818,#819);
#818 = CARTESIAN_POINT('',(-34.1670747549,15.277166,14.));
#819 = VECTOR('',#820,1.);
#820 = DIRECTION('',(1.,0.,0.));
#821 = ORIENTED_EDGE('',*,*,#822,.F.);
#822 = EDGE_CURVE('',#823,#815,#825,.T.);
#823 = VERTEX_POINT('',#824);
#824 = CARTESIAN_POINT('',(-26.16707526961,14.777166,14.));
#825 = CIRCLE('',#826,0.25);
#826 = AXIS2_PLACEMENT_3D('',#827,#828,#829);
#827 = CARTESIAN_POINT('',(-26.16707527451,15.027166,14.));
#828 = DIRECTION('',(0.,0.,1.));
#829 = DIRECTION('',(1.,0.,0.));
#830 = ORIENTED_EDGE('',*,*,#831,.F.);
#831 = EDGE_CURVE('',#832,#823,#834,.T.);
#832 = VERTEX_POINT('',#833);
#833 = CARTESIAN_POINT('',(-34.167074875,14.777166,14.));
#834 = LINE('',#835,#836);
#835 = CARTESIAN_POINT('',(-34.167074875,14.777166,14.));
#836 = VECTOR('',#837,1.);
#837 = DIRECTION('',(1.,0.,0.));
#838 = ORIENTED_EDGE('',*,*,#839,.T.);
#839 = EDGE_CURVE('',#832,#840,#842,.T.);
#840 = VERTEX_POINT('',#841);
#841 = CARTESIAN_POINT('',(-34.167074875,13.277166,14.));
#842 = CIRCLE('',#843,0.75);
#843 = AXIS2_PLACEMENT_3D('',#844,#845,#846);
#844 = CARTESIAN_POINT('',(-34.167074875,14.027166,14.));
#845 = DIRECTION('',(0.,0.,1.));
#846 = DIRECTION('',(1.,0.,0.));
#847 = ORIENTED_EDGE('',*,*,#848,.T.);
#848 = EDGE_CURVE('',#840,#849,#851,.T.);
#849 = VERTEX_POINT('',#850);
#850 = CARTESIAN_POINT('',(-26.167075,13.277166,14.));
#851 = LINE('',#852,#853);
#852 = CARTESIAN_POINT('',(-34.167074875,13.277166,14.));
#853 = VECTOR('',#854,1.);
#854 = DIRECTION('',(1.,0.,0.));
#855 = ORIENTED_EDGE('',*,*,#856,.F.);
#856 = EDGE_CURVE('',#857,#849,#859,.T.);
#857 = VERTEX_POINT('',#858);
#858 = CARTESIAN_POINT('',(-26.167075,12.777166,14.));
#859 = CIRCLE('',#860,0.25);
#860 = AXIS2_PLACEMENT_3D('',#861,#862,#863);
#861 = CARTESIAN_POINT('',(-26.167075,13.027166,14.));
#862 = DIRECTION('',(0.,0.,1.));
#863 = DIRECTION('',(1.,0.,0.));
#864 = ORIENTED_EDGE('',*,*,#865,.F.);
#865 = EDGE_CURVE('',#866,#857,#868,.T.);
#866 = VERTEX_POINT('',#867);
#867 = CARTESIAN_POINT('',(-34.1670747549,12.777166,14.));
#868 = LINE('',#869,#870);
#869 = CARTESIAN_POINT('',(-34.1670747549,12.777166,14.));
#870 = VECTOR('',#871,1.);
#871 = DIRECTION('',(1.,0.,0.));
#872 = ORIENTED_EDGE('',*,*,#873,.T.);
#873 = EDGE_CURVE('',#866,#874,#876,.T.);
#874 = VERTEX_POINT('',#875);
#875 = CARTESIAN_POINT('',(-34.1670747549,11.277166,14.));
#876 = CIRCLE('',#877,0.75);
#877 = AXIS2_PLACEMENT_3D('',#878,#879,#880);
#878 = CARTESIAN_POINT('',(-34.167075,12.027166,14.));
#879 = DIRECTION('',(0.,0.,1.));
#880 = DIRECTION('',(1.,0.,0.));
#881 = ORIENTED_EDGE('',*,*,#882,.T.);
#882 = EDGE_CURVE('',#874,#883,#885,.T.);
#883 = VERTEX_POINT('',#884);
#884 = CARTESIAN_POINT('',(-26.16707509641,11.277166,14.));
#885 = LINE('',#886,#887);
#886 = CARTESIAN_POINT('',(-34.1670747549,11.277166,14.));
#887 = VECTOR('',#888,1.);
#888 = DIRECTION('',(1.,0.,0.));
#889 = ORIENTED_EDGE('',*,*,#890,.F.);
#890 = EDGE_CURVE('',#891,#883,#893,.T.);
#891 = VERTEX_POINT('',#892);
#892 = CARTESIAN_POINT('',(-26.167075,10.777166,14.));
#893 = CIRCLE('',#894,0.25);
#894 = AXIS2_PLACEMENT_3D('',#895,#896,#897);
#895 = CARTESIAN_POINT('',(-26.1670750049,11.027166,14.));
#896 = DIRECTION('',(0.,0.,1.));
#897 = DIRECTION('',(1.,0.,0.));
#898 = ORIENTED_EDGE('',*,*,#899,.F.);
#899 = EDGE_CURVE('',#900,#891,#902,.T.);
#900 = VERTEX_POINT('',#901);
#901 = CARTESIAN_POINT('',(-34.167076,10.777166,14.));
#902 = LINE('',#903,#904);
#903 = CARTESIAN_POINT('',(-34.167076,10.777166,14.));
#904 = VECTOR('',#905,1.);
#905 = DIRECTION('',(1.,0.,0.));
#906 = ORIENTED_EDGE('',*,*,#907,.T.);
#907 = EDGE_CURVE('',#900,#908,#910,.T.);
#908 = VERTEX_POINT('',#909);
#909 = CARTESIAN_POINT('',(-34.16707498528,9.277166,14.));
#910 = CIRCLE('',#911,0.75);
#911 = AXIS2_PLACEMENT_3D('',#912,#913,#914);
#912 = CARTESIAN_POINT('',(-34.16707562254,10.027166,14.));
#913 = DIRECTION('',(0.,0.,1.));
#914 = DIRECTION('',(1.,0.,0.));
#915 = ORIENTED_EDGE('',*,*,#916,.T.);
#916 = EDGE_CURVE('',#908,#917,#919,.T.);
#917 = VERTEX_POINT('',#918);
#918 = CARTESIAN_POINT('',(-26.167075,9.277166,14.));
#919 = LINE('',#920,#921);
#920 = CARTESIAN_POINT('',(-34.16707498528,9.277166,14.));
#921 = VECTOR('',#922,1.);
#922 = DIRECTION('',(1.,0.,0.));
#923 = ORIENTED_EDGE('',*,*,#924,.F.);
#924 = EDGE_CURVE('',#925,#917,#927,.T.);
#925 = VERTEX_POINT('',#926);
#926 = CARTESIAN_POINT('',(-26.16707499509,8.777166,14.));
#927 = CIRCLE('',#928,0.25);
#928 = AXIS2_PLACEMENT_3D('',#929,#930,#931);
#929 = CARTESIAN_POINT('',(-26.167075,9.027166,14.));
#930 = DIRECTION('',(0.,0.,1.));
#931 = DIRECTION('',(1.,0.,0.));
#932 = ORIENTED_EDGE('',*,*,#933,.F.);
#933 = EDGE_CURVE('',#934,#925,#936,.T.);
#934 = VERTEX_POINT('',#935);
#935 = CARTESIAN_POINT('',(-34.1670747549,8.777166,14.));
#936 = LINE('',#937,#938);
#937 = CARTESIAN_POINT('',(-34.1670747549,8.777166,14.));
#938 = VECTOR('',#939,1.);
#939 = DIRECTION('',(1.,0.,0.));
#940 = ORIENTED_EDGE('',*,*,#941,.T.);
#941 = EDGE_CURVE('',#934,#942,#944,.T.);
#942 = VERTEX_POINT('',#943);
#943 = CARTESIAN_POINT('',(-34.1670747549,7.277166,14.));
#944 = CIRCLE('',#945,0.75);
#945 = AXIS2_PLACEMENT_3D('',#946,#947,#948);
#946 = CARTESIAN_POINT('',(-34.167075,8.027166,14.));
#947 = DIRECTION('',(0.,0.,1.));
#948 = DIRECTION('',(1.,0.,0.));
#949 = ORIENTED_EDGE('',*,*,#950,.F.);
#950 = EDGE_CURVE('',#951,#942,#953,.T.);
#951 = VERTEX_POINT('',#952);
#952 = CARTESIAN_POINT('',(-26.167075,7.277166,14.));
#953 = LINE('',#954,#955);
#954 = CARTESIAN_POINT('',(-26.167075,7.277166,14.));
#955 = VECTOR('',#956,1.);
#956 = DIRECTION('',(-1.,0.,0.));
#957 = ORIENTED_EDGE('',*,*,#958,.F.);
#958 = EDGE_CURVE('',#959,#951,#961,.T.);
#959 = VERTEX_POINT('',#960);
#960 = CARTESIAN_POINT('',(-26.167075,6.777166,14.));
#961 = CIRCLE('',#962,0.25);
#962 = AXIS2_PLACEMENT_3D('',#963,#964,#965);
#963 = CARTESIAN_POINT('',(-26.16707490849,7.027166,14.));
#964 = DIRECTION('',(0.,0.,1.));
#965 = DIRECTION('',(1.,0.,0.));
#966 = ORIENTED_EDGE('',*,*,#967,.F.);
#967 = EDGE_CURVE('',#968,#959,#970,.T.);
#968 = VERTEX_POINT('',#969);
#969 = CARTESIAN_POINT('',(-34.167075,6.777166,14.));
#970 = LINE('',#971,#972);
#971 = CARTESIAN_POINT('',(-34.167075,6.777166,14.));
#972 = VECTOR('',#973,1.);
#973 = DIRECTION('',(1.,0.,0.));
#974 = ORIENTED_EDGE('',*,*,#975,.T.);
#975 = EDGE_CURVE('',#968,#976,#978,.T.);
#976 = VERTEX_POINT('',#977);
#977 = CARTESIAN_POINT('',(-34.16707252232,5.277166000001,14.));
#978 = CIRCLE('',#979,0.75);
#979 = AXIS2_PLACEMENT_3D('',#980,#981,#982);
#980 = CARTESIAN_POINT('',(-34.16707389106,6.027166,14.));
#981 = DIRECTION('',(0.,0.,1.));
#982 = DIRECTION('',(1.,0.,0.));
#983 = ORIENTED_EDGE('',*,*,#984,.F.);
#984 = EDGE_CURVE('',#985,#976,#987,.T.);
#985 = VERTEX_POINT('',#986);
#986 = CARTESIAN_POINT('',(-26.16707252232,5.277166000001,14.));
#987 = LINE('',#988,#989);
#988 = CARTESIAN_POINT('',(-26.16707252232,5.277166000001,14.));
#989 = VECTOR('',#990,1.);
#990 = DIRECTION('',(-1.,0.,0.));
#991 = ORIENTED_EDGE('',*,*,#992,.F.);
#992 = EDGE_CURVE('',#993,#985,#995,.T.);
#993 = VERTEX_POINT('',#994);
#994 = CARTESIAN_POINT('',(-26.16707242591,4.777166000001,14.));
#995 = CIRCLE('',#996,0.25);
#996 = AXIS2_PLACEMENT_3D('',#997,#998,#999);
#997 = CARTESIAN_POINT('',(-26.16707243082,5.027166000001,14.));
#998 = DIRECTION('',(0.,0.,1.));
#999 = DIRECTION('',(1.,0.,0.));
#1000 = ORIENTED_EDGE('',*,*,#1001,.F.);
#1001 = EDGE_CURVE('',#1002,#993,#1004,.T.);
#1002 = VERTEX_POINT('',#1003);
#1003 = CARTESIAN_POINT('',(-34.16707242591,4.777166000001,14.));
#1004 = LINE('',#1005,#1006);
#1005 = CARTESIAN_POINT('',(-34.16707242591,4.777166000001,14.));
#1006 = VECTOR('',#1007,1.);
#1007 = DIRECTION('',(1.,0.,0.));
#1008 = ORIENTED_EDGE('',*,*,#1009,.T.);
#1009 = EDGE_CURVE('',#1002,#1010,#1012,.T.);
#1010 = VERTEX_POINT('',#1011);
#1011 = CARTESIAN_POINT('',(-34.16707103839,3.277166,14.));
#1012 = CIRCLE('',#1013,0.750000000001);
#1013 = AXIS2_PLACEMENT_3D('',#1014,#1015,#1016);
#1014 = CARTESIAN_POINT('',(-34.16707186206,4.027166000001,14.));
#1015 = DIRECTION('',(0.,0.,1.));
#1016 = DIRECTION('',(1.,0.,0.));
#1017 = ORIENTED_EDGE('',*,*,#1018,.F.);
#1018 = EDGE_CURVE('',#1019,#1010,#1021,.T.);
#1019 = VERTEX_POINT('',#1020);
#1020 = CARTESIAN_POINT('',(-26.16707103839,3.277166,14.));
#1021 = LINE('',#1022,#1023);
#1022 = CARTESIAN_POINT('',(-26.16707103839,3.277166,14.));
#1023 = VECTOR('',#1024,1.);
#1024 = DIRECTION('',(-1.,0.,0.));
#1025 = ORIENTED_EDGE('',*,*,#1026,.F.);
#1026 = EDGE_CURVE('',#1027,#1019,#1029,.T.);
#1027 = VERTEX_POINT('',#1028);
#1028 = CARTESIAN_POINT('',(-26.16707094198,2.777166,14.));
#1029 = CIRCLE('',#1030,0.25);
#1030 = AXIS2_PLACEMENT_3D('',#1031,#1032,#1033);
#1031 = CARTESIAN_POINT('',(-26.16707094689,3.027166,14.));
#1032 = DIRECTION('',(0.,0.,1.));
#1033 = DIRECTION('',(1.,0.,0.));
#1034 = ORIENTED_EDGE('',*,*,#1035,.F.);
#1035 = EDGE_CURVE('',#1036,#1027,#1038,.T.);
#1036 = VERTEX_POINT('',#1037);
#1037 = CARTESIAN_POINT('',(-34.16707094198,2.777166,14.));
#1038 = LINE('',#1039,#1040);
#1039 = CARTESIAN_POINT('',(-34.16707094198,2.777166,14.));
#1040 = VECTOR('',#1041,1.);
#1041 = DIRECTION('',(1.,0.,0.));
#1042 = ORIENTED_EDGE('',*,*,#1043,.T.);
#1043 = EDGE_CURVE('',#1036,#1044,#1046,.T.);
#1044 = VERTEX_POINT('',#1045);
#1045 = CARTESIAN_POINT('',(-34.16707064461,1.277166,14.));
#1046 = CIRCLE('',#1047,0.75);
#1047 = AXIS2_PLACEMENT_3D('',#1048,#1049,#1050);
#1048 = CARTESIAN_POINT('',(-34.1670709232,2.027166,14.));
#1049 = DIRECTION('',(0.,0.,1.));
#1050 = DIRECTION('',(1.,0.,0.));
#1051 = ORIENTED_EDGE('',*,*,#1052,.F.);
#1052 = EDGE_CURVE('',#1053,#1044,#1055,.T.);
#1053 = VERTEX_POINT('',#1054);
#1054 = CARTESIAN_POINT('',(-26.16707064461,1.277166,14.));
#1055 = LINE('',#1056,#1057);
#1056 = CARTESIAN_POINT('',(-26.16707064461,1.277166,14.));
#1057 = VECTOR('',#1058,1.);
#1058 = DIRECTION('',(-1.,0.,0.));
#1059 = ORIENTED_EDGE('',*,*,#1060,.F.);
#1060 = EDGE_CURVE('',#1061,#1053,#1063,.T.);
#1061 = VERTEX_POINT('',#1062);
#1062 = CARTESIAN_POINT('',(-26.16707044772,0.777166,14.));
#1063 = CIRCLE('',#1064,0.25);
#1064 = AXIS2_PLACEMENT_3D('',#1065,#1066,#1067);
#1065 = CARTESIAN_POINT('',(-26.1670705531,1.027166,14.));
#1066 = DIRECTION('',(0.,0.,1.));
#1067 = DIRECTION('',(1.,0.,0.));
#1068 = ORIENTED_EDGE('',*,*,#1069,.T.);
#1069 = EDGE_CURVE('',#1061,#1070,#1072,.T.);
#1070 = VERTEX_POINT('',#1071);
#1071 = CARTESIAN_POINT('',(-34.16706986112,0.777166,14.));
#1072 = LINE('',#1073,#1074);
#1073 = CARTESIAN_POINT('',(-26.16707044772,0.777166,14.));
#1074 = VECTOR('',#1075,1.);
#1075 = DIRECTION('',(-1.,0.,0.));
#1076 = ORIENTED_EDGE('',*,*,#1077,.T.);
#1077 = EDGE_CURVE('',#1070,#1078,#1080,.T.);
#1078 = VERTEX_POINT('',#1079);
#1079 = CARTESIAN_POINT('',(-34.1670700915,-0.722833999999,14.));
#1080 = CIRCLE('',#1081,0.749999999999);
#1081 = AXIS2_PLACEMENT_3D('',#1082,#1083,#1084);
#1082 = CARTESIAN_POINT('',(-34.16707010621,2.716600000022E-02,14.));
#1083 = DIRECTION('',(0.,0.,1.));
#1084 = DIRECTION('',(1.,0.,0.));
#1085 = ORIENTED_EDGE('',*,*,#1086,.T.);
#1086 = EDGE_CURVE('',#1078,#1087,#1089,.T.);
#1087 = VERTEX_POINT('',#1088);
#1088 = CARTESIAN_POINT('',(-26.1670700915,-0.722833999999,14.));
#1089 = LINE('',#1090,#1091);
#1090 = CARTESIAN_POINT('',(-34.1670700915,-0.722833999999,14.));
#1091 = VECTOR('',#1092,1.);
#1092 = DIRECTION('',(1.,-1.E-17,0.));
#1093 = ORIENTED_EDGE('',*,*,#1094,.F.);
#1094 = EDGE_CURVE('',#1095,#1087,#1097,.T.);
#1095 = VERTEX_POINT('',#1096);
#1096 = CARTESIAN_POINT('',(-26.16706999509,-1.222833999999,14.));
#1097 = CIRCLE('',#1098,0.25);
#1098 = AXIS2_PLACEMENT_3D('',#1099,#1100,#1101);
#1099 = CARTESIAN_POINT('',(-26.16707,-0.972833999999,14.));
#1100 = DIRECTION('',(0.,0.,1.));
#1101 = DIRECTION('',(1.,0.,0.));
#1102 = ORIENTED_EDGE('',*,*,#1103,.F.);
#1103 = EDGE_CURVE('',#1104,#1095,#1106,.T.);
#1104 = VERTEX_POINT('',#1105);
#1105 = CARTESIAN_POINT('',(-34.16706999509,-1.222833999999,14.));
#1106 = LINE('',#1107,#1108);
#1107 = CARTESIAN_POINT('',(-34.16706999509,-1.222833999999,14.));
#1108 = VECTOR('',#1109,1.);
#1109 = DIRECTION('',(1.,0.,0.));
#1110 = ORIENTED_EDGE('',*,*,#1111,.T.);
#1111 = EDGE_CURVE('',#1104,#1112,#1114,.T.);
#1112 = VERTEX_POINT('',#1113);
#1113 = CARTESIAN_POINT('',(-34.16707022548,-2.722833999999,14.));
#1114 = CIRCLE('',#1115,0.75);
#1115 = AXIS2_PLACEMENT_3D('',#1116,#1117,#1118);
#1116 = CARTESIAN_POINT('',(-34.16707024019,-1.972833999999,14.));
#1117 = DIRECTION('',(0.,0.,1.));
#1118 = DIRECTION('',(1.,0.,0.));
#1119 = ORIENTED_EDGE('',*,*,#1120,.T.);
#1120 = EDGE_CURVE('',#1112,#1121,#1123,.T.);
#1121 = VERTEX_POINT('',#1122);
#1122 = CARTESIAN_POINT('',(-26.16707022548,-2.722833999999,14.));
#1123 = LINE('',#1124,#1125);
#1124 = CARTESIAN_POINT('',(-34.16707022548,-2.722833999999,14.));
#1125 = VECTOR('',#1126,1.);
#1126 = DIRECTION('',(1.,0.,0.));
#1127 = ORIENTED_EDGE('',*,*,#1128,.F.);
#1128 = EDGE_CURVE('',#1129,#1121,#1131,.T.);
#1129 = VERTEX_POINT('',#1130);
#1130 = CARTESIAN_POINT('',(-26.16707012907,-3.222833999999,14.));
#1131 = CIRCLE('',#1132,0.25);
#1132 = AXIS2_PLACEMENT_3D('',#1133,#1134,#1135);
#1133 = CARTESIAN_POINT('',(-26.16707013397,-2.972833999999,14.));
#1134 = DIRECTION('',(0.,0.,1.));
#1135 = DIRECTION('',(1.,0.,0.));
#1136 = ORIENTED_EDGE('',*,*,#1137,.F.);
#1137 = EDGE_CURVE('',#1138,#1129,#1140,.T.);
#1138 = VERTEX_POINT('',#1139);
#1139 = CARTESIAN_POINT('',(-34.16707012907,-3.222833999999,14.));
#1140 = LINE('',#1141,#1142);
#1141 = CARTESIAN_POINT('',(-34.16707012907,-3.222833999999,14.));
#1142 = VECTOR('',#1143,1.);
#1143 = DIRECTION('',(1.,-6.E-17,0.));
#1144 = ORIENTED_EDGE('',*,*,#1145,.T.);
#1145 = EDGE_CURVE('',#1138,#1146,#1148,.T.);
#1146 = VERTEX_POINT('',#1147);
#1147 = CARTESIAN_POINT('',(-34.16707035945,-4.722833999999,14.));
#1148 = CIRCLE('',#1149,0.75);
#1149 = AXIS2_PLACEMENT_3D('',#1150,#1151,#1152);
#1150 = CARTESIAN_POINT('',(-34.16707037416,-3.972833999999,14.));
#1151 = DIRECTION('',(0.,0.,1.));
#1152 = DIRECTION('',(1.,0.,0.));
#1153 = ORIENTED_EDGE('',*,*,#1154,.T.);
#1154 = EDGE_CURVE('',#1146,#1155,#1157,.T.);
#1155 = VERTEX_POINT('',#1156);
#1156 = CARTESIAN_POINT('',(-26.16707035945,-4.722833999999,14.));
#1157 = LINE('',#1158,#1159);
#1158 = CARTESIAN_POINT('',(-34.16707035945,-4.722833999999,14.));
#1159 = VECTOR('',#1160,1.);
#1160 = DIRECTION('',(1.,1.1E-16,0.));
#1161 = ORIENTED_EDGE('',*,*,#1162,.F.);
#1162 = EDGE_CURVE('',#1163,#1155,#1165,.T.);
#1163 = VERTEX_POINT('',#1164);
#1164 = CARTESIAN_POINT('',(-26.16707026304,-5.222833999999,14.));
#1165 = CIRCLE('',#1166,0.25);
#1166 = AXIS2_PLACEMENT_3D('',#1167,#1168,#1169);
#1167 = CARTESIAN_POINT('',(-26.16707026794,-4.972833999999,14.));
#1168 = DIRECTION('',(0.,0.,1.));
#1169 = DIRECTION('',(1.,0.,0.));
#1170 = ORIENTED_EDGE('',*,*,#1171,.F.);
#1171 = EDGE_CURVE('',#1172,#1163,#1174,.T.);
#1172 = VERTEX_POINT('',#1173);
#1173 = CARTESIAN_POINT('',(-34.16707026304,-5.222833999999,14.));
#1174 = LINE('',#1175,#1176);
#1175 = CARTESIAN_POINT('',(-34.16707026304,-5.222833999999,14.));
#1176 = VECTOR('',#1177,1.);
#1177 = DIRECTION('',(1.,0.,0.));
#1178 = ORIENTED_EDGE('',*,*,#1179,.T.);
#1179 = EDGE_CURVE('',#1172,#1180,#1182,.T.);
#1180 = VERTEX_POINT('',#1181);
#1181 = CARTESIAN_POINT('',(-34.16707,-6.722833999999,14.));
#1182 = CIRCLE('',#1183,0.75);
#1183 = AXIS2_PLACEMENT_3D('',#1184,#1185,#1186);
#1184 = CARTESIAN_POINT('',(-34.16707026142,-5.972833999999,14.));
#1185 = DIRECTION('',(0.,0.,1.));
#1186 = DIRECTION('',(1.,0.,0.));
#1187 = ORIENTED_EDGE('',*,*,#1188,.T.);
#1188 = EDGE_CURVE('',#1180,#1189,#1191,.T.);
#1189 = VERTEX_POINT('',#1190);
#1190 = CARTESIAN_POINT('',(-26.16707011028,-6.722833999999,14.));
#1191 = LINE('',#1192,#1193);
#1192 = CARTESIAN_POINT('',(-34.16707,-6.722833999999,14.));
#1193 = VECTOR('',#1194,1.);
#1194 = DIRECTION('',(1.,0.,0.));
#1195 = ORIENTED_EDGE('',*,*,#1196,.F.);
#1196 = EDGE_CURVE('',#1197,#1189,#1199,.T.);
#1197 = VERTEX_POINT('',#1198);
#1198 = CARTESIAN_POINT('',(-26.16707001387,-7.222834,14.));
#1199 = CIRCLE('',#1200,0.250000000001);
#1200 = AXIS2_PLACEMENT_3D('',#1201,#1202,#1203);
#1201 = CARTESIAN_POINT('',(-26.16707001878,-6.972833999999,14.));
#1202 = DIRECTION('',(0.,0.,1.));
#1203 = DIRECTION('',(1.,0.,0.));
#1204 = ORIENTED_EDGE('',*,*,#1205,.F.);
#1205 = EDGE_CURVE('',#1206,#1197,#1208,.T.);
#1206 = VERTEX_POINT('',#1207);
#1207 = CARTESIAN_POINT('',(-34.16706998528,-7.222834,14.));
#1208 = LINE('',#1209,#1210);
#1209 = CARTESIAN_POINT('',(-34.16706998528,-7.222834,14.));
#1210 = VECTOR('',#1211,1.);
#1211 = DIRECTION('',(1.,0.,0.));
#1212 = ORIENTED_EDGE('',*,*,#1213,.T.);
#1213 = EDGE_CURVE('',#1206,#1214,#1216,.T.);
#1214 = VERTEX_POINT('',#1215);
#1215 = CARTESIAN_POINT('',(-34.16707,-8.722834,14.));
#1216 = CIRCLE('',#1217,0.75);
#1217 = AXIS2_PLACEMENT_3D('',#1218,#1219,#1220);
#1218 = CARTESIAN_POINT('',(-34.16707012254,-7.972834,14.));
#1219 = DIRECTION('',(0.,0.,1.));
#1220 = DIRECTION('',(1.,0.,0.));
#1221 = ORIENTED_EDGE('',*,*,#1222,.T.);
#1222 = EDGE_CURVE('',#1214,#1223,#1225,.T.);
#1223 = VERTEX_POINT('',#1224);
#1224 = CARTESIAN_POINT('',(-32.41697,-8.722834,14.));
#1225 = LINE('',#1226,#1227);
#1226 = CARTESIAN_POINT('',(-34.16707,-8.722834,14.));
#1227 = VECTOR('',#1228,1.);
#1228 = DIRECTION('',(1.,0.,0.));
#1229 = ORIENTED_EDGE('',*,*,#1230,.F.);
#1230 = EDGE_CURVE('',#24,#1223,#1231,.T.);
#1231 = CIRCLE('',#1232,0.2499);
#1232 = AXIS2_PLACEMENT_3D('',#1233,#1234,#1235);
#1233 = CARTESIAN_POINT('',(-32.41697,-8.972734,14.));
#1234 = DIRECTION('',(0.,0.,1.));
#1235 = DIRECTION('',(0.,-1.,0.));
#1236 = PLANE('',#1237);
#1237 = AXIS2_PLACEMENT_3D('',#1238,#1239,#1240);
#1238 = CARTESIAN_POINT('',(-30.16707268247,5.527165924765,14.));
#1239 = DIRECTION('',(0.,0.,1.));
#1240 = DIRECTION('',(1.,0.,0.));
#1241 = ADVANCED_FACE('',(#1242),#1267,.T.);
#1242 = FACE_BOUND('',#1243,.T.);
#1243 = EDGE_LOOP('',(#1244,#1254,#1260,#1261));
#1244 = ORIENTED_EDGE('',*,*,#1245,.F.);
#1245 = EDGE_CURVE('',#1246,#1248,#1250,.T.);
#1246 = VERTEX_POINT('',#1247);
#1247 = CARTESIAN_POINT('',(-32.16707,-8.972934,0.));
#1248 = VERTEX_POINT('',#1249);
#1249 = CARTESIAN_POINT('',(-32.16707,-8.972734,0.));
#1250 = LINE('',#1251,#1252);
#1251 = CARTESIAN_POINT('',(-32.16707,-9.222834,0.));
#1252 = VECTOR('',#1253,1.);
#1253 = DIRECTION('',(0.,1.,0.));
#1254 = ORIENTED_EDGE('',*,*,#1255,.T.);
#1255 = EDGE_CURVE('',#1246,#22,#1256,.T.);
#1256 = LINE('',#1257,#1258);
#1257 = CARTESIAN_POINT('',(-32.16707,-8.972934,0.));
#1258 = VECTOR('',#1259,1.);
#1259 = DIRECTION('',(0.,0.,1.));
#1260 = ORIENTED_EDGE('',*,*,#21,.T.);
#1261 = ORIENTED_EDGE('',*,*,#1262,.F.);
#1262 = EDGE_CURVE('',#1248,#24,#1263,.T.);
#1263 = LINE('',#1264,#1265);
#1264 = CARTESIAN_POINT('',(-32.16707,-8.972734,0.));
#1265 = VECTOR('',#1266,1.);
#1266 = DIRECTION('',(0.,0.,1.));
#1267 = PLANE('',#1268);
#1268 = AXIS2_PLACEMENT_3D('',#1269,#1270,#1271);
#1269 = CARTESIAN_POINT('',(-32.16707,-9.222834,0.));
#1270 = DIRECTION('',(-1.,0.,0.));
#1271 = DIRECTION('',(0.,1.,0.));
#1272 = ADVANCED_FACE('',(#1273),#1292,.F.);
#1273 = FACE_BOUND('',#1274,.F.);
#1274 = EDGE_LOOP('',(#1275,#1284,#1290,#1291));
#1275 = ORIENTED_EDGE('',*,*,#1276,.T.);
#1276 = EDGE_CURVE('',#1248,#1277,#1279,.T.);
#1277 = VERTEX_POINT('',#1278);
#1278 = CARTESIAN_POINT('',(-32.41697,-8.722834,0.));
#1279 = CIRCLE('',#1280,0.2499);
#1280 = AXIS2_PLACEMENT_3D('',#1281,#1282,#1283);
#1281 = CARTESIAN_POINT('',(-32.41697,-8.972734,0.));
#1282 = DIRECTION('',(0.,0.,1.));
#1283 = DIRECTION('',(0.,-1.,0.));
#1284 = ORIENTED_EDGE('',*,*,#1285,.T.);
#1285 = EDGE_CURVE('',#1277,#1223,#1286,.T.);
#1286 = LINE('',#1287,#1288);
#1287 = CARTESIAN_POINT('',(-32.41697,-8.722834,0.));
#1288 = VECTOR('',#1289,1.);
#1289 = DIRECTION('',(0.,0.,1.));
#1290 = ORIENTED_EDGE('',*,*,#1230,.F.);
#1291 = ORIENTED_EDGE('',*,*,#1262,.F.);
#1292 = CYLINDRICAL_SURFACE('',#1293,0.2499);
#1293 = AXIS2_PLACEMENT_3D('',#1294,#1295,#1296);
#1294 = CARTESIAN_POINT('',(-32.41697,-8.972734,0.));
#1295 = DIRECTION('',(0.,0.,1.));
#1296 = DIRECTION('',(1.,0.,-0.));
#1297 = ADVANCED_FACE('',(#1298),#1317,.F.);
#1298 = FACE_BOUND('',#1299,.F.);
#1299 = EDGE_LOOP('',(#1300,#1309,#1310,#1311));
#1300 = ORIENTED_EDGE('',*,*,#1301,.T.);
#1301 = EDGE_CURVE('',#1302,#1246,#1304,.T.);
#1302 = VERTEX_POINT('',#1303);
#1303 = CARTESIAN_POINT('',(-32.41697,-9.222834,0.));
#1304 = CIRCLE('',#1305,0.2499);
#1305 = AXIS2_PLACEMENT_3D('',#1306,#1307,#1308);
#1306 = CARTESIAN_POINT('',(-32.41697,-8.972934,0.));
#1307 = DIRECTION('',(-0.,0.,1.));
#1308 = DIRECTION('',(0.,-1.,0.));
#1309 = ORIENTED_EDGE('',*,*,#1255,.T.);
#1310 = ORIENTED_EDGE('',*,*,#31,.F.);
#1311 = ORIENTED_EDGE('',*,*,#1312,.F.);
#1312 = EDGE_CURVE('',#1302,#32,#1313,.T.);
#1313 = LINE('',#1314,#1315);
#1314 = CARTESIAN_POINT('',(-32.41697,-9.222834,0.));
#1315 = VECTOR('',#1316,1.);
#1316 = DIRECTION('',(0.,0.,1.));
#1317 = CYLINDRICAL_SURFACE('',#1318,0.2499);
#1318 = AXIS2_PLACEMENT_3D('',#1319,#1320,#1321);
#1319 = CARTESIAN_POINT('',(-32.41697,-8.972934,0.));
#1320 = DIRECTION('',(0.,0.,1.));
#1321 = DIRECTION('',(0.,-1.,0.));
#1322 = ADVANCED_FACE('',(#1323),#1341,.F.);
#1323 = FACE_BOUND('',#1324,.F.);
#1324 = EDGE_LOOP('',(#1325,#1333,#1339,#1340));
#1325 = ORIENTED_EDGE('',*,*,#1326,.F.);
#1326 = EDGE_CURVE('',#1327,#1277,#1329,.T.);
#1327 = VERTEX_POINT('',#1328);
#1328 = CARTESIAN_POINT('',(-34.16707,-8.722834,0.));
#1329 = LINE('',#1330,#1331);
#1330 = CARTESIAN_POINT('',(-34.16707,-8.722834,0.));
#1331 = VECTOR('',#1332,1.);
#1332 = DIRECTION('',(1.,0.,0.));
#1333 = ORIENTED_EDGE('',*,*,#1334,.T.);
#1334 = EDGE_CURVE('',#1327,#1214,#1335,.T.);
#1335 = LINE('',#1336,#1337);
#1336 = CARTESIAN_POINT('',(-34.16707,-8.722834,0.));
#1337 = VECTOR('',#1338,1.);
#1338 = DIRECTION('',(0.,0.,1.));
#1339 = ORIENTED_EDGE('',*,*,#1222,.T.);
#1340 = ORIENTED_EDGE('',*,*,#1285,.F.);
#1341 = PLANE('',#1342);
#1342 = AXIS2_PLACEMENT_3D('',#1343,#1344,#1345);
#1343 = CARTESIAN_POINT('',(-34.16707,-8.722834,0.));
#1344 = DIRECTION('',(0.,1.,0.));
#1345 = DIRECTION('',(1.,0.,0.));
#1346 = ADVANCED_FACE('',(#1347),#1365,.F.);
#1347 = FACE_BOUND('',#1348,.F.);
#1348 = EDGE_LOOP('',(#1349,#1357,#1358,#1359));
#1349 = ORIENTED_EDGE('',*,*,#1350,.F.);
#1350 = EDGE_CURVE('',#1302,#1351,#1353,.T.);
#1351 = VERTEX_POINT('',#1352);
#1352 = CARTESIAN_POINT('',(-32.41707,-9.222834,0.));
#1353 = LINE('',#1354,#1355);
#1354 = CARTESIAN_POINT('',(-32.16707,-9.222834,0.));
#1355 = VECTOR('',#1356,1.);
#1356 = DIRECTION('',(-1.,0.,0.));
#1357 = ORIENTED_EDGE('',*,*,#1312,.T.);
#1358 = ORIENTED_EDGE('',*,*,#40,.T.);
#1359 = ORIENTED_EDGE('',*,*,#1360,.F.);
#1360 = EDGE_CURVE('',#1351,#41,#1361,.T.);
#1361 = LINE('',#1362,#1363);
#1362 = CARTESIAN_POINT('',(-32.41707,-9.222834,0.));
#1363 = VECTOR('',#1364,1.);
#1364 = DIRECTION('',(0.,0.,1.));
#1365 = PLANE('',#1366);
#1366 = AXIS2_PLACEMENT_3D('',#1367,#1368,#1369);
#1367 = CARTESIAN_POINT('',(-32.16707,-9.222834,0.));
#1368 = DIRECTION('',(0.,-1.,0.));
#1369 = DIRECTION('',(-1.,0.,0.));
#1370 = ADVANCED_FACE('',(#1371),#1390,.T.);
#1371 = FACE_BOUND('',#1372,.F.);
#1372 = EDGE_LOOP('',(#1373,#1381,#1382,#1383));
#1373 = ORIENTED_EDGE('',*,*,#1374,.T.);
#1374 = EDGE_CURVE('',#1375,#1206,#1377,.T.);
#1375 = VERTEX_POINT('',#1376);
#1376 = CARTESIAN_POINT('',(-34.16706998528,-7.222834,0.));
#1377 = LINE('',#1378,#1379);
#1378 = CARTESIAN_POINT('',(-34.16706998528,-7.222834,0.));
#1379 = VECTOR('',#1380,1.);
#1380 = DIRECTION('',(0.,0.,1.));
#1381 = ORIENTED_EDGE('',*,*,#1213,.T.);
#1382 = ORIENTED_EDGE('',*,*,#1334,.F.);
#1383 = ORIENTED_EDGE('',*,*,#1384,.F.);
#1384 = EDGE_CURVE('',#1375,#1327,#1385,.T.);
#1385 = CIRCLE('',#1386,0.75);
#1386 = AXIS2_PLACEMENT_3D('',#1387,#1388,#1389);
#1387 = CARTESIAN_POINT('',(-34.16707012254,-7.972834,0.));
#1388 = DIRECTION('',(0.,0.,1.));
#1389 = DIRECTION('',(1.,0.,0.));
#1390 = CYLINDRICAL_SURFACE('',#1391,0.75);
#1391 = AXIS2_PLACEMENT_3D('',#1392,#1393,#1394);
#1392 = CARTESIAN_POINT('',(-34.16707012254,-7.972834,0.));
#1393 = DIRECTION('',(-0.,-0.,-1.));
#1394 = DIRECTION('',(1.,0.,0.));
#1395 = ADVANCED_FACE('',(#1396),#1414,.F.);
#1396 = FACE_BOUND('',#1397,.F.);
#1397 = EDGE_LOOP('',(#1398,#1399,#1400,#1408));
#1398 = ORIENTED_EDGE('',*,*,#1360,.T.);
#1399 = ORIENTED_EDGE('',*,*,#48,.T.);
#1400 = ORIENTED_EDGE('',*,*,#1401,.F.);
#1401 = EDGE_CURVE('',#1402,#49,#1404,.T.);
#1402 = VERTEX_POINT('',#1403);
#1403 = CARTESIAN_POINT('',(-32.41707,-12.722834,0.));
#1404 = LINE('',#1405,#1406);
#1405 = CARTESIAN_POINT('',(-32.41707,-12.722834,0.));
#1406 = VECTOR('',#1407,1.);
#1407 = DIRECTION('',(0.,0.,1.));
#1408 = ORIENTED_EDGE('',*,*,#1409,.F.);
#1409 = EDGE_CURVE('',#1351,#1402,#1410,.T.);
#1410 = LINE('',#1411,#1412);
#1411 = CARTESIAN_POINT('',(-32.41707,-9.222834,0.));
#1412 = VECTOR('',#1413,1.);
#1413 = DIRECTION('',(0.,-1.,0.));
#1414 = PLANE('',#1415);
#1415 = AXIS2_PLACEMENT_3D('',#1416,#1417,#1418);
#1416 = CARTESIAN_POINT('',(-32.41707,-9.222834,0.));
#1417 = DIRECTION('',(1.,0.,0.));
#1418 = DIRECTION('',(0.,-1.,0.));
#1419 = ADVANCED_FACE('',(#1420),#1438,.T.);
#1420 = FACE_BOUND('',#1421,.T.);
#1421 = EDGE_LOOP('',(#1422,#1423,#1424,#1432));
#1422 = ORIENTED_EDGE('',*,*,#1374,.T.);
#1423 = ORIENTED_EDGE('',*,*,#1205,.T.);
#1424 = ORIENTED_EDGE('',*,*,#1425,.F.);
#1425 = EDGE_CURVE('',#1426,#1197,#1428,.T.);
#1426 = VERTEX_POINT('',#1427);
#1427 = CARTESIAN_POINT('',(-26.16707001387,-7.222834,0.));
#1428 = LINE('',#1429,#1430);
#1429 = CARTESIAN_POINT('',(-26.16707001387,-7.222834,0.));
#1430 = VECTOR('',#1431,1.);
#1431 = DIRECTION('',(0.,0.,1.));
#1432 = ORIENTED_EDGE('',*,*,#1433,.F.);
#1433 = EDGE_CURVE('',#1375,#1426,#1434,.T.);
#1434 = LINE('',#1435,#1436);
#1435 = CARTESIAN_POINT('',(-34.16706998528,-7.222834,0.));
#1436 = VECTOR('',#1437,1.);
#1437 = DIRECTION('',(1.,0.,0.));
#1438 = PLANE('',#1439);
#1439 = AXIS2_PLACEMENT_3D('',#1440,#1441,#1442);
#1440 = CARTESIAN_POINT('',(-34.16706998528,-7.222834,0.));
#1441 = DIRECTION('',(0.,1.,0.));
#1442 = DIRECTION('',(1.,0.,0.));
#1443 = ADVANCED_FACE('',(#1444),#1462,.F.);
#1444 = FACE_BOUND('',#1445,.F.);
#1445 = EDGE_LOOP('',(#1446,#1447,#1448,#1456));
#1446 = ORIENTED_EDGE('',*,*,#1401,.T.);
#1447 = ORIENTED_EDGE('',*,*,#56,.T.);
#1448 = ORIENTED_EDGE('',*,*,#1449,.F.);
#1449 = EDGE_CURVE('',#1450,#57,#1452,.T.);
#1450 = VERTEX_POINT('',#1451);
#1451 = CARTESIAN_POINT('',(-35.41707,-12.722834,0.));
#1452 = LINE('',#1453,#1454);
#1453 = CARTESIAN_POINT('',(-35.41707,-12.722834,0.));
#1454 = VECTOR('',#1455,1.);
#1455 = DIRECTION('',(0.,0.,1.));
#1456 = ORIENTED_EDGE('',*,*,#1457,.F.);
#1457 = EDGE_CURVE('',#1402,#1450,#1458,.T.);
#1458 = LINE('',#1459,#1460);
#1459 = CARTESIAN_POINT('',(-32.41707,-12.722834,0.));
#1460 = VECTOR('',#1461,1.);
#1461 = DIRECTION('',(-1.,0.,0.));
#1462 = PLANE('',#1463);
#1463 = AXIS2_PLACEMENT_3D('',#1464,#1465,#1466);
#1464 = CARTESIAN_POINT('',(-32.41707,-12.722834,0.));
#1465 = DIRECTION('',(0.,-1.,0.));
#1466 = DIRECTION('',(-1.,0.,0.));
#1467 = ADVANCED_FACE('',(#1468),#1487,.F.);
#1468 = FACE_BOUND('',#1469,.T.);
#1469 = EDGE_LOOP('',(#1470,#1471,#1472,#1480));
#1470 = ORIENTED_EDGE('',*,*,#1425,.T.);
#1471 = ORIENTED_EDGE('',*,*,#1196,.T.);
#1472 = ORIENTED_EDGE('',*,*,#1473,.F.);
#1473 = EDGE_CURVE('',#1474,#1189,#1476,.T.);
#1474 = VERTEX_POINT('',#1475);
#1475 = CARTESIAN_POINT('',(-26.16707011028,-6.722833999999,0.));
#1476 = LINE('',#1477,#1478);
#1477 = CARTESIAN_POINT('',(-26.16707011028,-6.722833999999,0.));
#1478 = VECTOR('',#1479,1.);
#1479 = DIRECTION('',(0.,0.,1.));
#1480 = ORIENTED_EDGE('',*,*,#1481,.F.);
#1481 = EDGE_CURVE('',#1426,#1474,#1482,.T.);
#1482 = CIRCLE('',#1483,0.250000000001);
#1483 = AXIS2_PLACEMENT_3D('',#1484,#1485,#1486);
#1484 = CARTESIAN_POINT('',(-26.16707001878,-6.972833999999,0.));
#1485 = DIRECTION('',(0.,0.,1.));
#1486 = DIRECTION('',(1.,0.,0.));
#1487 = CYLINDRICAL_SURFACE('',#1488,0.250000000001);
#1488 = AXIS2_PLACEMENT_3D('',#1489,#1490,#1491);
#1489 = CARTESIAN_POINT('',(-26.16707001878,-6.972833999999,0.));
#1490 = DIRECTION('',(-0.,-0.,-1.));
#1491 = DIRECTION('',(1.,0.,0.));
#1492 = ADVANCED_FACE('',(#1493),#1511,.F.);
#1493 = FACE_BOUND('',#1494,.F.);
#1494 = EDGE_LOOP('',(#1495,#1496,#1497,#1505));
#1495 = ORIENTED_EDGE('',*,*,#1449,.T.);
#1496 = ORIENTED_EDGE('',*,*,#64,.T.);
#1497 = ORIENTED_EDGE('',*,*,#1498,.F.);
#1498 = EDGE_CURVE('',#1499,#65,#1501,.T.);
#1499 = VERTEX_POINT('',#1500);
#1500 = CARTESIAN_POINT('',(-35.41707,-17.722834,0.));
#1501 = LINE('',#1502,#1503);
#1502 = CARTESIAN_POINT('',(-35.41707,-17.722834,0.));
#1503 = VECTOR('',#1504,1.);
#1504 = DIRECTION('',(0.,0.,1.));
#1505 = ORIENTED_EDGE('',*,*,#1506,.F.);
#1506 = EDGE_CURVE('',#1450,#1499,#1507,.T.);
#1507 = LINE('',#1508,#1509);
#1508 = CARTESIAN_POINT('',(-35.41707,-12.722834,0.));
#1509 = VECTOR('',#1510,1.);
#1510 = DIRECTION('',(0.,-1.,0.));
#1511 = PLANE('',#1512);
#1512 = AXIS2_PLACEMENT_3D('',#1513,#1514,#1515);
#1513 = CARTESIAN_POINT('',(-35.41707,-12.722834,0.));
#1514 = DIRECTION('',(1.,0.,0.));
#1515 = DIRECTION('',(0.,-1.,0.));
#1516 = ADVANCED_FACE('',(#1517),#1535,.F.);
#1517 = FACE_BOUND('',#1518,.F.);
#1518 = EDGE_LOOP('',(#1519,#1527,#1528,#1529));
#1519 = ORIENTED_EDGE('',*,*,#1520,.T.);
#1520 = EDGE_CURVE('',#1521,#1180,#1523,.T.);
#1521 = VERTEX_POINT('',#1522);
#1522 = CARTESIAN_POINT('',(-34.16707,-6.722833999999,0.));
#1523 = LINE('',#1524,#1525);
#1524 = CARTESIAN_POINT('',(-34.16707,-6.722833999999,0.));
#1525 = VECTOR('',#1526,1.);
#1526 = DIRECTION('',(0.,0.,1.));
#1527 = ORIENTED_EDGE('',*,*,#1188,.T.);
#1528 = ORIENTED_EDGE('',*,*,#1473,.F.);
#1529 = ORIENTED_EDGE('',*,*,#1530,.F.);
#1530 = EDGE_CURVE('',#1521,#1474,#1531,.T.);
#1531 = LINE('',#1532,#1533);
#1532 = CARTESIAN_POINT('',(-34.16707,-6.722833999999,0.));
#1533 = VECTOR('',#1534,1.);
#1534 = DIRECTION('',(1.,0.,0.));
#1535 = PLANE('',#1536);
#1536 = AXIS2_PLACEMENT_3D('',#1537,#1538,#1539);
#1537 = CARTESIAN_POINT('',(-34.16707,-6.722833999999,0.));
#1538 = DIRECTION('',(0.,1.,0.));
#1539 = DIRECTION('',(1.,0.,0.));
#1540 = ADVANCED_FACE('',(#1541),#1559,.F.);
#1541 = FACE_BOUND('',#1542,.F.);
#1542 = EDGE_LOOP('',(#1543,#1544,#1545,#1553));
#1543 = ORIENTED_EDGE('',*,*,#1498,.T.);
#1544 = ORIENTED_EDGE('',*,*,#72,.T.);
#1545 = ORIENTED_EDGE('',*,*,#1546,.F.);
#1546 = EDGE_CURVE('',#1547,#73,#1549,.T.);
#1547 = VERTEX_POINT('',#1548);
#1548 = CARTESIAN_POINT('',(-24.91707,-17.722834,0.));
#1549 = LINE('',#1550,#1551);
#1550 = CARTESIAN_POINT('',(-24.91707,-17.722834,0.));
#1551 = VECTOR('',#1552,1.);
#1552 = DIRECTION('',(0.,0.,1.));
#1553 = ORIENTED_EDGE('',*,*,#1554,.F.);
#1554 = EDGE_CURVE('',#1499,#1547,#1555,.T.);
#1555 = LINE('',#1556,#1557);
#1556 = CARTESIAN_POINT('',(-35.41707,-17.722834,0.));
#1557 = VECTOR('',#1558,1.);
#1558 = DIRECTION('',(1.,0.,0.));
#1559 = PLANE('',#1560);
#1560 = AXIS2_PLACEMENT_3D('',#1561,#1562,#1563);
#1561 = CARTESIAN_POINT('',(-35.41707,-17.722834,0.));
#1562 = DIRECTION('',(0.,1.,0.));
#1563 = DIRECTION('',(1.,0.,0.));
#1564 = ADVANCED_FACE('',(#1565),#1584,.T.);
#1565 = FACE_BOUND('',#1566,.F.);
#1566 = EDGE_LOOP('',(#1567,#1575,#1576,#1577));
#1567 = ORIENTED_EDGE('',*,*,#1568,.T.);
#1568 = EDGE_CURVE('',#1569,#1172,#1571,.T.);
#1569 = VERTEX_POINT('',#1570);
#1570 = CARTESIAN_POINT('',(-34.16707026304,-5.222833999999,0.));
#1571 = LINE('',#1572,#1573);
#1572 = CARTESIAN_POINT('',(-34.16707026304,-5.222833999999,0.));
#1573 = VECTOR('',#1574,1.);
#1574 = DIRECTION('',(0.,0.,1.));
#1575 = ORIENTED_EDGE('',*,*,#1179,.T.);
#1576 = ORIENTED_EDGE('',*,*,#1520,.F.);
#1577 = ORIENTED_EDGE('',*,*,#1578,.F.);
#1578 = EDGE_CURVE('',#1569,#1521,#1579,.T.);
#1579 = CIRCLE('',#1580,0.75);
#1580 = AXIS2_PLACEMENT_3D('',#1581,#1582,#1583);
#1581 = CARTESIAN_POINT('',(-34.16707026142,-5.972833999999,0.));
#1582 = DIRECTION('',(0.,0.,1.));
#1583 = DIRECTION('',(1.,0.,0.));
#1584 = CYLINDRICAL_SURFACE('',#1585,0.75);
#1585 = AXIS2_PLACEMENT_3D('',#1586,#1587,#1588);
#1586 = CARTESIAN_POINT('',(-34.16707026142,-5.972833999999,0.));
#1587 = DIRECTION('',(-0.,-0.,-1.));
#1588 = DIRECTION('',(1.,0.,0.));
#1589 = ADVANCED_FACE('',(#1590),#1608,.F.);
#1590 = FACE_BOUND('',#1591,.F.);
#1591 = EDGE_LOOP('',(#1592,#1593,#1594,#1602));
#1592 = ORIENTED_EDGE('',*,*,#1546,.T.);
#1593 = ORIENTED_EDGE('',*,*,#80,.T.);
#1594 = ORIENTED_EDGE('',*,*,#1595,.F.);
#1595 = EDGE_CURVE('',#1596,#81,#1598,.T.);
#1596 = VERTEX_POINT('',#1597);
#1597 = CARTESIAN_POINT('',(-24.91707,-12.722834,0.));
#1598 = LINE('',#1599,#1600);
#1599 = CARTESIAN_POINT('',(-24.91707,-12.722834,0.));
#1600 = VECTOR('',#1601,1.);
#1601 = DIRECTION('',(0.,0.,1.));
#1602 = ORIENTED_EDGE('',*,*,#1603,.F.);
#1603 = EDGE_CURVE('',#1547,#1596,#1604,.T.);
#1604 = LINE('',#1605,#1606);
#1605 = CARTESIAN_POINT('',(-24.91707,-17.722834,0.));
#1606 = VECTOR('',#1607,1.);
#1607 = DIRECTION('',(0.,1.,0.));
#1608 = PLANE('',#1609);
#1609 = AXIS2_PLACEMENT_3D('',#1610,#1611,#1612);
#1610 = CARTESIAN_POINT('',(-24.91707,-17.722834,0.));
#1611 = DIRECTION('',(-1.,0.,0.));
#1612 = DIRECTION('',(0.,1.,0.));
#1613 = ADVANCED_FACE('',(#1614),#1632,.T.);
#1614 = FACE_BOUND('',#1615,.T.);
#1615 = EDGE_LOOP('',(#1616,#1617,#1618,#1626));
#1616 = ORIENTED_EDGE('',*,*,#1568,.T.);
#1617 = ORIENTED_EDGE('',*,*,#1171,.T.);
#1618 = ORIENTED_EDGE('',*,*,#1619,.F.);
#1619 = EDGE_CURVE('',#1620,#1163,#1622,.T.);
#1620 = VERTEX_POINT('',#1621);
#1621 = CARTESIAN_POINT('',(-26.16707026304,-5.222833999999,0.));
#1622 = LINE('',#1623,#1624);
#1623 = CARTESIAN_POINT('',(-26.16707026304,-5.222833999999,0.));
#1624 = VECTOR('',#1625,1.);
#1625 = DIRECTION('',(0.,0.,1.));
#1626 = ORIENTED_EDGE('',*,*,#1627,.F.);
#1627 = EDGE_CURVE('',#1569,#1620,#1628,.T.);
#1628 = LINE('',#1629,#1630);
#1629 = CARTESIAN_POINT('',(-34.16707026304,-5.222833999999,0.));
#1630 = VECTOR('',#1631,1.);
#1631 = DIRECTION('',(1.,0.,0.));
#1632 = PLANE('',#1633);
#1633 = AXIS2_PLACEMENT_3D('',#1634,#1635,#1636);
#1634 = CARTESIAN_POINT('',(-34.16707026304,-5.222833999999,0.));
#1635 = DIRECTION('',(0.,1.,0.));
#1636 = DIRECTION('',(1.,0.,0.));
#1637 = ADVANCED_FACE('',(#1638),#1656,.F.);
#1638 = FACE_BOUND('',#1639,.F.);
#1639 = EDGE_LOOP('',(#1640,#1641,#1642,#1650));
#1640 = ORIENTED_EDGE('',*,*,#1595,.T.);
#1641 = ORIENTED_EDGE('',*,*,#88,.T.);
#1642 = ORIENTED_EDGE('',*,*,#1643,.F.);
#1643 = EDGE_CURVE('',#1644,#89,#1646,.T.);
#1644 = VERTEX_POINT('',#1645);
#1645 = CARTESIAN_POINT('',(-27.91707,-12.722834,0.));
#1646 = LINE('',#1647,#1648);
#1647 = CARTESIAN_POINT('',(-27.91707,-12.722834,0.));
#1648 = VECTOR('',#1649,1.);
#1649 = DIRECTION('',(0.,0.,1.));
#1650 = ORIENTED_EDGE('',*,*,#1651,.F.);
#1651 = EDGE_CURVE('',#1596,#1644,#1652,.T.);
#1652 = LINE('',#1653,#1654);
#1653 = CARTESIAN_POINT('',(-24.91707,-12.722834,0.));
#1654 = VECTOR('',#1655,1.);
#1655 = DIRECTION('',(-1.,0.,0.));
#1656 = PLANE('',#1657);
#1657 = AXIS2_PLACEMENT_3D('',#1658,#1659,#1660);
#1658 = CARTESIAN_POINT('',(-24.91707,-12.722834,0.));
#1659 = DIRECTION('',(0.,-1.,0.));
#1660 = DIRECTION('',(-1.,0.,0.));
#1661 = ADVANCED_FACE('',(#1662),#1681,.F.);
#1662 = FACE_BOUND('',#1663,.T.);
#1663 = EDGE_LOOP('',(#1664,#1665,#1666,#1674));
#1664 = ORIENTED_EDGE('',*,*,#1619,.T.);
#1665 = ORIENTED_EDGE('',*,*,#1162,.T.);
#1666 = ORIENTED_EDGE('',*,*,#1667,.F.);
#1667 = EDGE_CURVE('',#1668,#1155,#1670,.T.);
#1668 = VERTEX_POINT('',#1669);
#1669 = CARTESIAN_POINT('',(-26.16707035945,-4.722833999999,0.));
#1670 = LINE('',#1671,#1672);
#1671 = CARTESIAN_POINT('',(-26.16707035945,-4.722833999999,0.));
#1672 = VECTOR('',#1673,1.);
#1673 = DIRECTION('',(0.,0.,1.));
#1674 = ORIENTED_EDGE('',*,*,#1675,.F.);
#1675 = EDGE_CURVE('',#1620,#1668,#1676,.T.);
#1676 = CIRCLE('',#1677,0.25);
#1677 = AXIS2_PLACEMENT_3D('',#1678,#1679,#1680);
#1678 = CARTESIAN_POINT('',(-26.16707026794,-4.972833999999,0.));
#1679 = DIRECTION('',(0.,0.,1.));
#1680 = DIRECTION('',(1.,0.,0.));
#1681 = CYLINDRICAL_SURFACE('',#1682,0.25);
#1682 = AXIS2_PLACEMENT_3D('',#1683,#1684,#1685);
#1683 = CARTESIAN_POINT('',(-26.16707026794,-4.972833999999,0.));
#1684 = DIRECTION('',(-0.,-0.,-1.));
#1685 = DIRECTION('',(1.,0.,0.));
#1686 = ADVANCED_FACE('',(#1687),#1705,.F.);
#1687 = FACE_BOUND('',#1688,.F.);
#1688 = EDGE_LOOP('',(#1689,#1690,#1691,#1699));
#1689 = ORIENTED_EDGE('',*,*,#1643,.T.);
#1690 = ORIENTED_EDGE('',*,*,#96,.T.);
#1691 = ORIENTED_EDGE('',*,*,#1692,.F.);
#1692 = EDGE_CURVE('',#1693,#97,#1695,.T.);
#1693 = VERTEX_POINT('',#1694);
#1694 = CARTESIAN_POINT('',(-27.91707,-9.222834,0.));
#1695 = LINE('',#1696,#1697);
#1696 = CARTESIAN_POINT('',(-27.91707,-9.222834,0.));
#1697 = VECTOR('',#1698,1.);
#1698 = DIRECTION('',(0.,0.,1.));
#1699 = ORIENTED_EDGE('',*,*,#1700,.F.);
#1700 = EDGE_CURVE('',#1644,#1693,#1701,.T.);
#1701 = LINE('',#1702,#1703);
#1702 = CARTESIAN_POINT('',(-27.91707,-12.722834,0.));
#1703 = VECTOR('',#1704,1.);
#1704 = DIRECTION('',(0.,1.,0.));
#1705 = PLANE('',#1706);
#1706 = AXIS2_PLACEMENT_3D('',#1707,#1708,#1709);
#1707 = CARTESIAN_POINT('',(-27.91707,-12.722834,0.));
#1708 = DIRECTION('',(-1.,0.,0.));
#1709 = DIRECTION('',(0.,1.,0.));
#1710 = ADVANCED_FACE('',(#1711),#1729,.F.);
#1711 = FACE_BOUND('',#1712,.F.);
#1712 = EDGE_LOOP('',(#1713,#1721,#1722,#1723));
#1713 = ORIENTED_EDGE('',*,*,#1714,.T.);
#1714 = EDGE_CURVE('',#1715,#1146,#1717,.T.);
#1715 = VERTEX_POINT('',#1716);
#1716 = CARTESIAN_POINT('',(-34.16707035945,-4.722833999999,0.));
#1717 = LINE('',#1718,#1719);
#1718 = CARTESIAN_POINT('',(-34.16707035945,-4.722833999999,0.));
#1719 = VECTOR('',#1720,1.);
#1720 = DIRECTION('',(0.,0.,1.));
#1721 = ORIENTED_EDGE('',*,*,#1154,.T.);
#1722 = ORIENTED_EDGE('',*,*,#1667,.F.);
#1723 = ORIENTED_EDGE('',*,*,#1724,.F.);
#1724 = EDGE_CURVE('',#1715,#1668,#1725,.T.);
#1725 = LINE('',#1726,#1727);
#1726 = CARTESIAN_POINT('',(-34.16707035945,-4.722833999999,0.));
#1727 = VECTOR('',#1728,1.);
#1728 = DIRECTION('',(1.,1.1E-16,0.));
#1729 = PLANE('',#1730);
#1730 = AXIS2_PLACEMENT_3D('',#1731,#1732,#1733);
#1731 = CARTESIAN_POINT('',(-34.16707035945,-4.722833999999,0.));
#1732 = DIRECTION('',(-1.1E-16,1.,0.));
#1733 = DIRECTION('',(1.,1.1E-16,0.));
#1734 = ADVANCED_FACE('',(#1735),#1753,.F.);
#1735 = FACE_BOUND('',#1736,.F.);
#1736 = EDGE_LOOP('',(#1737,#1745,#1746,#1747));
#1737 = ORIENTED_EDGE('',*,*,#1738,.F.);
#1738 = EDGE_CURVE('',#1693,#1739,#1741,.T.);
#1739 = VERTEX_POINT('',#1740);
#1740 = CARTESIAN_POINT('',(-27.9171699183,-9.222834,0.));
#1741 = LINE('',#1742,#1743);
#1742 = CARTESIAN_POINT('',(-27.91707,-9.222834,0.));
#1743 = VECTOR('',#1744,1.);
#1744 = DIRECTION('',(-1.,0.,0.));
#1745 = ORIENTED_EDGE('',*,*,#1692,.T.);
#1746 = ORIENTED_EDGE('',*,*,#104,.T.);
#1747 = ORIENTED_EDGE('',*,*,#1748,.F.);
#1748 = EDGE_CURVE('',#1739,#105,#1749,.T.);
#1749 = LINE('',#1750,#1751);
#1750 = CARTESIAN_POINT('',(-27.9171699183,-9.222834,0.));
#1751 = VECTOR('',#1752,1.);
#1752 = DIRECTION('',(0.,0.,1.));
#1753 = PLANE('',#1754);
#1754 = AXIS2_PLACEMENT_3D('',#1755,#1756,#1757);
#1755 = CARTESIAN_POINT('',(-27.91707,-9.222834,0.));
#1756 = DIRECTION('',(0.,-1.,0.));
#1757 = DIRECTION('',(-1.,0.,0.));
#1758 = ADVANCED_FACE('',(#1759),#1778,.T.);
#1759 = FACE_BOUND('',#1760,.F.);
#1760 = EDGE_LOOP('',(#1761,#1769,#1770,#1771));
#1761 = ORIENTED_EDGE('',*,*,#1762,.T.);
#1762 = EDGE_CURVE('',#1763,#1138,#1765,.T.);
#1763 = VERTEX_POINT('',#1764);
#1764 = CARTESIAN_POINT('',(-34.16707012907,-3.222833999999,0.));
#1765 = LINE('',#1766,#1767);
#1766 = CARTESIAN_POINT('',(-34.16707012907,-3.222833999999,0.));
#1767 = VECTOR('',#1768,1.);
#1768 = DIRECTION('',(0.,0.,1.));
#1769 = ORIENTED_EDGE('',*,*,#1145,.T.);
#1770 = ORIENTED_EDGE('',*,*,#1714,.F.);
#1771 = ORIENTED_EDGE('',*,*,#1772,.F.);
#1772 = EDGE_CURVE('',#1763,#1715,#1773,.T.);
#1773 = CIRCLE('',#1774,0.75);
#1774 = AXIS2_PLACEMENT_3D('',#1775,#1776,#1777);
#1775 = CARTESIAN_POINT('',(-34.16707037416,-3.972833999999,0.));
#1776 = DIRECTION('',(0.,0.,1.));
#1777 = DIRECTION('',(1.,0.,0.));
#1778 = CYLINDRICAL_SURFACE('',#1779,0.75);
#1779 = AXIS2_PLACEMENT_3D('',#1780,#1781,#1782);
#1780 = CARTESIAN_POINT('',(-34.16707037416,-3.972833999999,0.));
#1781 = DIRECTION('',(-0.,-0.,-1.));
#1782 = DIRECTION('',(1.,0.,0.));
#1783 = ADVANCED_FACE('',(#1784),#1803,.F.);
#1784 = FACE_BOUND('',#1785,.F.);
#1785 = EDGE_LOOP('',(#1786,#1795,#1796,#1797));
#1786 = ORIENTED_EDGE('',*,*,#1787,.T.);
#1787 = EDGE_CURVE('',#1788,#1739,#1790,.T.);
#1788 = VERTEX_POINT('',#1789);
#1789 = CARTESIAN_POINT('',(-28.1670699183,-8.972934,0.));
#1790 = CIRCLE('',#1791,0.2499);
#1791 = AXIS2_PLACEMENT_3D('',#1792,#1793,#1794);
#1792 = CARTESIAN_POINT('',(-27.9171699183,-8.972934,0.));
#1793 = DIRECTION('',(-0.,0.,1.));
#1794 = DIRECTION('',(0.,-1.,0.));
#1795 = ORIENTED_EDGE('',*,*,#1748,.T.);
#1796 = ORIENTED_EDGE('',*,*,#112,.F.);
#1797 = ORIENTED_EDGE('',*,*,#1798,.F.);
#1798 = EDGE_CURVE('',#1788,#113,#1799,.T.);
#1799 = LINE('',#1800,#1801);
#1800 = CARTESIAN_POINT('',(-28.1670699183,-8.972934,0.));
#1801 = VECTOR('',#1802,1.);
#1802 = DIRECTION('',(0.,0.,1.));
#1803 = CYLINDRICAL_SURFACE('',#1804,0.2499);
#1804 = AXIS2_PLACEMENT_3D('',#1805,#1806,#1807);
#1805 = CARTESIAN_POINT('',(-27.9171699183,-8.972934,0.));
#1806 = DIRECTION('',(0.,0.,1.));
#1807 = DIRECTION('',(-1.,0.,0.));
#1808 = ADVANCED_FACE('',(#1809),#1827,.T.);
#1809 = FACE_BOUND('',#1810,.T.);
#1810 = EDGE_LOOP('',(#1811,#1812,#1813,#1821));
#1811 = ORIENTED_EDGE('',*,*,#1762,.T.);
#1812 = ORIENTED_EDGE('',*,*,#1137,.T.);
#1813 = ORIENTED_EDGE('',*,*,#1814,.F.);
#1814 = EDGE_CURVE('',#1815,#1129,#1817,.T.);
#1815 = VERTEX_POINT('',#1816);
#1816 = CARTESIAN_POINT('',(-26.16707012907,-3.222833999999,0.));
#1817 = LINE('',#1818,#1819);
#1818 = CARTESIAN_POINT('',(-26.16707012907,-3.222833999999,0.));
#1819 = VECTOR('',#1820,1.);
#1820 = DIRECTION('',(0.,0.,1.));
#1821 = ORIENTED_EDGE('',*,*,#1822,.F.);
#1822 = EDGE_CURVE('',#1763,#1815,#1823,.T.);
#1823 = LINE('',#1824,#1825);
#1824 = CARTESIAN_POINT('',(-34.16707012907,-3.222833999999,0.));
#1825 = VECTOR('',#1826,1.);
#1826 = DIRECTION('',(1.,-6.E-17,0.));
#1827 = PLANE('',#1828);
#1828 = AXIS2_PLACEMENT_3D('',#1829,#1830,#1831);
#1829 = CARTESIAN_POINT('',(-34.16707012907,-3.222833999999,0.));
#1830 = DIRECTION('',(6.E-17,1.,0.));
#1831 = DIRECTION('',(1.,-6.E-17,0.));
#1832 = ADVANCED_FACE('',(#1833),#1851,.F.);
#1833 = FACE_BOUND('',#1834,.F.);
#1834 = EDGE_LOOP('',(#1835,#1843,#1844,#1845));
#1835 = ORIENTED_EDGE('',*,*,#1836,.F.);
#1836 = EDGE_CURVE('',#1788,#1837,#1839,.T.);
#1837 = VERTEX_POINT('',#1838);
#1838 = CARTESIAN_POINT('',(-28.1670699183,-8.722834,0.));
#1839 = LINE('',#1840,#1841);
#1840 = CARTESIAN_POINT('',(-28.1670699183,-9.222834,0.));
#1841 = VECTOR('',#1842,1.);
#1842 = DIRECTION('',(0.,1.,0.));
#1843 = ORIENTED_EDGE('',*,*,#1798,.T.);
#1844 = ORIENTED_EDGE('',*,*,#121,.T.);
#1845 = ORIENTED_EDGE('',*,*,#1846,.F.);
#1846 = EDGE_CURVE('',#1837,#122,#1847,.T.);
#1847 = LINE('',#1848,#1849);
#1848 = CARTESIAN_POINT('',(-28.1670699183,-8.722834,0.));
#1849 = VECTOR('',#1850,1.);
#1850 = DIRECTION('',(0.,0.,1.));
#1851 = PLANE('',#1852);
#1852 = AXIS2_PLACEMENT_3D('',#1853,#1854,#1855);
#1853 = CARTESIAN_POINT('',(-28.1670699183,-9.222834,0.));
#1854 = DIRECTION('',(-1.,0.,0.));
#1855 = DIRECTION('',(0.,1.,0.));
#1856 = ADVANCED_FACE('',(#1857),#1876,.F.);
#1857 = FACE_BOUND('',#1858,.T.);
#1858 = EDGE_LOOP('',(#1859,#1860,#1861,#1869));
#1859 = ORIENTED_EDGE('',*,*,#1814,.T.);
#1860 = ORIENTED_EDGE('',*,*,#1128,.T.);
#1861 = ORIENTED_EDGE('',*,*,#1862,.F.);
#1862 = EDGE_CURVE('',#1863,#1121,#1865,.T.);
#1863 = VERTEX_POINT('',#1864);
#1864 = CARTESIAN_POINT('',(-26.16707022548,-2.722833999999,0.));
#1865 = LINE('',#1866,#1867);
#1866 = CARTESIAN_POINT('',(-26.16707022548,-2.722833999999,0.));
#1867 = VECTOR('',#1868,1.);
#1868 = DIRECTION('',(0.,0.,1.));
#1869 = ORIENTED_EDGE('',*,*,#1870,.F.);
#1870 = EDGE_CURVE('',#1815,#1863,#1871,.T.);
#1871 = CIRCLE('',#1872,0.25);
#1872 = AXIS2_PLACEMENT_3D('',#1873,#1874,#1875);
#1873 = CARTESIAN_POINT('',(-26.16707013397,-2.972833999999,0.));
#1874 = DIRECTION('',(0.,0.,1.));
#1875 = DIRECTION('',(1.,0.,0.));
#1876 = CYLINDRICAL_SURFACE('',#1877,0.25);
#1877 = AXIS2_PLACEMENT_3D('',#1878,#1879,#1880);
#1878 = CARTESIAN_POINT('',(-26.16707013397,-2.972833999999,0.));
#1879 = DIRECTION('',(-0.,-0.,-1.));
#1880 = DIRECTION('',(1.,0.,0.));
#1881 = ADVANCED_FACE('',(#1882),#1901,.T.);
#1882 = FACE_BOUND('',#1883,.F.);
#1883 = EDGE_LOOP('',(#1884,#1885,#1886,#1894));
#1884 = ORIENTED_EDGE('',*,*,#1846,.T.);
#1885 = ORIENTED_EDGE('',*,*,#129,.T.);
#1886 = ORIENTED_EDGE('',*,*,#1887,.F.);
#1887 = EDGE_CURVE('',#1888,#130,#1890,.T.);
#1888 = VERTEX_POINT('',#1889);
#1889 = CARTESIAN_POINT('',(-28.6670697549,-8.222834,0.));
#1890 = LINE('',#1891,#1892);
#1891 = CARTESIAN_POINT('',(-28.6670697549,-8.222834,0.));
#1892 = VECTOR('',#1893,1.);
#1893 = DIRECTION('',(0.,0.,1.));
#1894 = ORIENTED_EDGE('',*,*,#1895,.F.);
#1895 = EDGE_CURVE('',#1837,#1888,#1896,.T.);
#1896 = CIRCLE('',#1897,0.5);
#1897 = AXIS2_PLACEMENT_3D('',#1898,#1899,#1900);
#1898 = CARTESIAN_POINT('',(-28.6670699183,-8.722834,0.));
#1899 = DIRECTION('',(0.,0.,1.));
#1900 = DIRECTION('',(1.,0.,0.));
#1901 = CYLINDRICAL_SURFACE('',#1902,0.5);
#1902 = AXIS2_PLACEMENT_3D('',#1903,#1904,#1905);
#1903 = CARTESIAN_POINT('',(-28.6670699183,-8.722834,0.));
#1904 = DIRECTION('',(-0.,-0.,-1.));
#1905 = DIRECTION('',(1.,0.,0.));
#1906 = ADVANCED_FACE('',(#1907),#1925,.F.);
#1907 = FACE_BOUND('',#1908,.F.);
#1908 = EDGE_LOOP('',(#1909,#1917,#1918,#1919));
#1909 = ORIENTED_EDGE('',*,*,#1910,.T.);
#1910 = EDGE_CURVE('',#1911,#1112,#1913,.T.);
#1911 = VERTEX_POINT('',#1912);
#1912 = CARTESIAN_POINT('',(-34.16707022548,-2.722833999999,0.));
#1913 = LINE('',#1914,#1915);
#1914 = CARTESIAN_POINT('',(-34.16707022548,-2.722833999999,0.));
#1915 = VECTOR('',#1916,1.);
#1916 = DIRECTION('',(0.,0.,1.));
#1917 = ORIENTED_EDGE('',*,*,#1120,.T.);
#1918 = ORIENTED_EDGE('',*,*,#1862,.F.);
#1919 = ORIENTED_EDGE('',*,*,#1920,.F.);
#1920 = EDGE_CURVE('',#1911,#1863,#1921,.T.);
#1921 = LINE('',#1922,#1923);
#1922 = CARTESIAN_POINT('',(-34.16707022548,-2.722833999999,0.));
#1923 = VECTOR('',#1924,1.);
#1924 = DIRECTION('',(1.,0.,0.));
#1925 = PLANE('',#1926);
#1926 = AXIS2_PLACEMENT_3D('',#1927,#1928,#1929);
#1927 = CARTESIAN_POINT('',(-34.16707022548,-2.722833999999,0.));
#1928 = DIRECTION('',(0.,1.,0.));
#1929 = DIRECTION('',(1.,0.,0.));
#1930 = ADVANCED_FACE('',(#1931),#1949,.T.);
#1931 = FACE_BOUND('',#1932,.T.);
#1932 = EDGE_LOOP('',(#1933,#1941,#1942,#1943));
#1933 = ORIENTED_EDGE('',*,*,#1934,.T.);
#1934 = EDGE_CURVE('',#1935,#139,#1937,.T.);
#1935 = VERTEX_POINT('',#1936);
#1936 = CARTESIAN_POINT('',(-34.16707011764,-8.222834,0.));
#1937 = LINE('',#1938,#1939);
#1938 = CARTESIAN_POINT('',(-34.16707011764,-8.222834,0.));
#1939 = VECTOR('',#1940,1.);
#1940 = DIRECTION('',(0.,0.,1.));
#1941 = ORIENTED_EDGE('',*,*,#138,.T.);
#1942 = ORIENTED_EDGE('',*,*,#1887,.F.);
#1943 = ORIENTED_EDGE('',*,*,#1944,.F.);
#1944 = EDGE_CURVE('',#1935,#1888,#1945,.T.);
#1945 = LINE('',#1946,#1947);
#1946 = CARTESIAN_POINT('',(-34.16707011764,-8.222834,0.));
#1947 = VECTOR('',#1948,1.);
#1948 = DIRECTION('',(1.,0.,0.));
#1949 = PLANE('',#1950);
#1950 = AXIS2_PLACEMENT_3D('',#1951,#1952,#1953);
#1951 = CARTESIAN_POINT('',(-34.16707011764,-8.222834,0.));
#1952 = DIRECTION('',(0.,1.,0.));
#1953 = DIRECTION('',(1.,0.,0.));
#1954 = ADVANCED_FACE('',(#1955),#1974,.T.);
#1955 = FACE_BOUND('',#1956,.F.);
#1956 = EDGE_LOOP('',(#1957,#1965,#1966,#1967));
#1957 = ORIENTED_EDGE('',*,*,#1958,.T.);
#1958 = EDGE_CURVE('',#1959,#1104,#1961,.T.);
#1959 = VERTEX_POINT('',#1960);
#1960 = CARTESIAN_POINT('',(-34.16706999509,-1.222833999999,0.));
#1961 = LINE('',#1962,#1963);
#1962 = CARTESIAN_POINT('',(-34.16706999509,-1.222833999999,0.));
#1963 = VECTOR('',#1964,1.);
#1964 = DIRECTION('',(0.,0.,1.));
#1965 = ORIENTED_EDGE('',*,*,#1111,.T.);
#1966 = ORIENTED_EDGE('',*,*,#1910,.F.);
#1967 = ORIENTED_EDGE('',*,*,#1968,.F.);
#1968 = EDGE_CURVE('',#1959,#1911,#1969,.T.);
#1969 = CIRCLE('',#1970,0.75);
#1970 = AXIS2_PLACEMENT_3D('',#1971,#1972,#1973);
#1971 = CARTESIAN_POINT('',(-34.16707024019,-1.972833999999,0.));
#1972 = DIRECTION('',(0.,0.,1.));
#1973 = DIRECTION('',(1.,0.,0.));
#1974 = CYLINDRICAL_SURFACE('',#1975,0.75);
#1975 = AXIS2_PLACEMENT_3D('',#1976,#1977,#1978);
#1976 = CARTESIAN_POINT('',(-34.16707024019,-1.972833999999,0.));
#1977 = DIRECTION('',(-0.,-0.,-1.));
#1978 = DIRECTION('',(1.,0.,0.));
#1979 = ADVANCED_FACE('',(#1980),#1999,.F.);
#1980 = FACE_BOUND('',#1981,.T.);
#1981 = EDGE_LOOP('',(#1982,#1990,#1991,#1992));
#1982 = ORIENTED_EDGE('',*,*,#1983,.T.);
#1983 = EDGE_CURVE('',#1984,#147,#1986,.T.);
#1984 = VERTEX_POINT('',#1985);
#1985 = CARTESIAN_POINT('',(-34.16707004084,-7.722834,0.));
#1986 = LINE('',#1987,#1988);
#1987 = CARTESIAN_POINT('',(-34.16707004084,-7.722834,0.));
#1988 = VECTOR('',#1989,1.);
#1989 = DIRECTION('',(0.,0.,1.));
#1990 = ORIENTED_EDGE('',*,*,#146,.T.);
#1991 = ORIENTED_EDGE('',*,*,#1934,.F.);
#1992 = ORIENTED_EDGE('',*,*,#1993,.F.);
#1993 = EDGE_CURVE('',#1984,#1935,#1994,.T.);
#1994 = CIRCLE('',#1995,0.25);
#1995 = AXIS2_PLACEMENT_3D('',#1996,#1997,#1998);
#1996 = CARTESIAN_POINT('',(-34.16707012254,-7.972834,0.));
#1997 = DIRECTION('',(0.,0.,1.));
#1998 = DIRECTION('',(1.,0.,0.));
#1999 = CYLINDRICAL_SURFACE('',#2000,0.25);
#2000 = AXIS2_PLACEMENT_3D('',#2001,#2002,#2003);
#2001 = CARTESIAN_POINT('',(-34.16707012254,-7.972834,0.));
#2002 = DIRECTION('',(-0.,-0.,-1.));
#2003 = DIRECTION('',(1.,0.,0.));
#2004 = ADVANCED_FACE('',(#2005),#2023,.T.);
#2005 = FACE_BOUND('',#2006,.T.);
#2006 = EDGE_LOOP('',(#2007,#2008,#2009,#2017));
#2007 = ORIENTED_EDGE('',*,*,#1958,.T.);
#2008 = ORIENTED_EDGE('',*,*,#1103,.T.);
#2009 = ORIENTED_EDGE('',*,*,#2010,.F.);
#2010 = EDGE_CURVE('',#2011,#1095,#2013,.T.);
#2011 = VERTEX_POINT('',#2012);
#2012 = CARTESIAN_POINT('',(-26.16706999509,-1.222833999999,0.));
#2013 = LINE('',#2014,#2015);
#2014 = CARTESIAN_POINT('',(-26.16706999509,-1.222833999999,0.));
#2015 = VECTOR('',#2016,1.);
#2016 = DIRECTION('',(0.,0.,1.));
#2017 = ORIENTED_EDGE('',*,*,#2018,.F.);
#2018 = EDGE_CURVE('',#1959,#2011,#2019,.T.);
#2019 = LINE('',#2020,#2021);
#2020 = CARTESIAN_POINT('',(-34.16706999509,-1.222833999999,0.));
#2021 = VECTOR('',#2022,1.);
#2022 = DIRECTION('',(1.,0.,0.));
#2023 = PLANE('',#2024);
#2024 = AXIS2_PLACEMENT_3D('',#2025,#2026,#2027);
#2025 = CARTESIAN_POINT('',(-34.16706999509,-1.222833999999,0.));
#2026 = DIRECTION('',(0.,1.,0.));
#2027 = DIRECTION('',(1.,0.,0.));
#2028 = ADVANCED_FACE('',(#2029),#2047,.F.);
#2029 = FACE_BOUND('',#2030,.F.);
#2030 = EDGE_LOOP('',(#2031,#2032,#2033,#2041));
#2031 = ORIENTED_EDGE('',*,*,#1983,.T.);
#2032 = ORIENTED_EDGE('',*,*,#155,.T.);
#2033 = ORIENTED_EDGE('',*,*,#2034,.F.);
#2034 = EDGE_CURVE('',#2035,#156,#2037,.T.);
#2035 = VERTEX_POINT('',#2036);
#2036 = CARTESIAN_POINT('',(-26.16707004084,-7.722834,0.));
#2037 = LINE('',#2038,#2039);
#2038 = CARTESIAN_POINT('',(-26.16707004084,-7.722834,0.));
#2039 = VECTOR('',#2040,1.);
#2040 = DIRECTION('',(0.,0.,1.));
#2041 = ORIENTED_EDGE('',*,*,#2042,.F.);
#2042 = EDGE_CURVE('',#1984,#2035,#2043,.T.);
#2043 = LINE('',#2044,#2045);
#2044 = CARTESIAN_POINT('',(-34.16707004084,-7.722834,0.));
#2045 = VECTOR('',#2046,1.);
#2046 = DIRECTION('',(1.,0.,0.));
#2047 = PLANE('',#2048);
#2048 = AXIS2_PLACEMENT_3D('',#2049,#2050,#2051);
#2049 = CARTESIAN_POINT('',(-34.16707004084,-7.722834,0.));
#2050 = DIRECTION('',(0.,1.,0.));
#2051 = DIRECTION('',(1.,0.,0.));
#2052 = ADVANCED_FACE('',(#2053),#2072,.F.);
#2053 = FACE_BOUND('',#2054,.T.);
#2054 = EDGE_LOOP('',(#2055,#2056,#2057,#2065));
#2055 = ORIENTED_EDGE('',*,*,#2010,.T.);
#2056 = ORIENTED_EDGE('',*,*,#1094,.T.);
#2057 = ORIENTED_EDGE('',*,*,#2058,.F.);
#2058 = EDGE_CURVE('',#2059,#1087,#2061,.T.);
#2059 = VERTEX_POINT('',#2060);
#2060 = CARTESIAN_POINT('',(-26.1670700915,-0.722833999999,0.));
#2061 = LINE('',#2062,#2063);
#2062 = CARTESIAN_POINT('',(-26.1670700915,-0.722833999999,0.));
#2063 = VECTOR('',#2064,1.);
#2064 = DIRECTION('',(0.,0.,1.));
#2065 = ORIENTED_EDGE('',*,*,#2066,.F.);
#2066 = EDGE_CURVE('',#2011,#2059,#2067,.T.);
#2067 = CIRCLE('',#2068,0.25);
#2068 = AXIS2_PLACEMENT_3D('',#2069,#2070,#2071);
#2069 = CARTESIAN_POINT('',(-26.16707,-0.972833999999,0.));
#2070 = DIRECTION('',(0.,0.,1.));
#2071 = DIRECTION('',(1.,0.,0.));
#2072 = CYLINDRICAL_SURFACE('',#2073,0.25);
#2073 = AXIS2_PLACEMENT_3D('',#2074,#2075,#2076);
#2074 = CARTESIAN_POINT('',(-26.16707,-0.972833999999,0.));
#2075 = DIRECTION('',(-0.,-0.,-1.));
#2076 = DIRECTION('',(1.,0.,0.));
#2077 = ADVANCED_FACE('',(#2078),#2097,.T.);
#2078 = FACE_BOUND('',#2079,.F.);
#2079 = EDGE_LOOP('',(#2080,#2081,#2082,#2090));
#2080 = ORIENTED_EDGE('',*,*,#2034,.T.);
#2081 = ORIENTED_EDGE('',*,*,#163,.T.);
#2082 = ORIENTED_EDGE('',*,*,#2083,.F.);
#2083 = EDGE_CURVE('',#2084,#164,#2086,.T.);
#2084 = VERTEX_POINT('',#2085);
#2085 = CARTESIAN_POINT('',(-26.16707025652,-6.222833999999,0.));
#2086 = LINE('',#2087,#2088);
#2087 = CARTESIAN_POINT('',(-26.16707025652,-6.222833999999,0.));
#2088 = VECTOR('',#2089,1.);
#2089 = DIRECTION('',(0.,0.,1.));
#2090 = ORIENTED_EDGE('',*,*,#2091,.F.);
#2091 = EDGE_CURVE('',#2035,#2084,#2092,.T.);
#2092 = CIRCLE('',#2093,0.750000000001);
#2093 = AXIS2_PLACEMENT_3D('',#2094,#2095,#2096);
#2094 = CARTESIAN_POINT('',(-26.16707001878,-6.972833999999,0.));
#2095 = DIRECTION('',(0.,0.,1.));
#2096 = DIRECTION('',(1.,0.,0.));
#2097 = CYLINDRICAL_SURFACE('',#2098,0.750000000001);
#2098 = AXIS2_PLACEMENT_3D('',#2099,#2100,#2101);
#2099 = CARTESIAN_POINT('',(-26.16707001878,-6.972833999999,0.));
#2100 = DIRECTION('',(-0.,-0.,-1.));
#2101 = DIRECTION('',(1.,0.,0.));
#2102 = ADVANCED_FACE('',(#2103),#2121,.F.);
#2103 = FACE_BOUND('',#2104,.F.);
#2104 = EDGE_LOOP('',(#2105,#2113,#2114,#2115));
#2105 = ORIENTED_EDGE('',*,*,#2106,.T.);
#2106 = EDGE_CURVE('',#2107,#1078,#2109,.T.);
#2107 = VERTEX_POINT('',#2108);
#2108 = CARTESIAN_POINT('',(-34.1670700915,-0.722833999999,0.));
#2109 = LINE('',#2110,#2111);
#2110 = CARTESIAN_POINT('',(-34.1670700915,-0.722833999999,0.));
#2111 = VECTOR('',#2112,1.);
#2112 = DIRECTION('',(0.,0.,1.));
#2113 = ORIENTED_EDGE('',*,*,#1086,.T.);
#2114 = ORIENTED_EDGE('',*,*,#2058,.F.);
#2115 = ORIENTED_EDGE('',*,*,#2116,.F.);
#2116 = EDGE_CURVE('',#2107,#2059,#2117,.T.);
#2117 = LINE('',#2118,#2119);
#2118 = CARTESIAN_POINT('',(-34.1670700915,-0.722833999999,0.));
#2119 = VECTOR('',#2120,1.);
#2120 = DIRECTION('',(1.,-1.E-17,0.));
#2121 = PLANE('',#2122);
#2122 = AXIS2_PLACEMENT_3D('',#2123,#2124,#2125);
#2123 = CARTESIAN_POINT('',(-34.1670700915,-0.722833999999,0.));
#2124 = DIRECTION('',(1.E-17,1.,0.));
#2125 = DIRECTION('',(1.,-1.E-17,0.));
#2126 = ADVANCED_FACE('',(#2127),#2145,.F.);
#2127 = FACE_BOUND('',#2128,.F.);
#2128 = EDGE_LOOP('',(#2129,#2130,#2131,#2139));
#2129 = ORIENTED_EDGE('',*,*,#2083,.T.);
#2130 = ORIENTED_EDGE('',*,*,#172,.T.);
#2131 = ORIENTED_EDGE('',*,*,#2132,.F.);
#2132 = EDGE_CURVE('',#2133,#173,#2135,.T.);
#2133 = VERTEX_POINT('',#2134);
#2134 = CARTESIAN_POINT('',(-34.16707025652,-6.222833999999,0.));
#2135 = LINE('',#2136,#2137);
#2136 = CARTESIAN_POINT('',(-34.16707025652,-6.222833999999,0.));
#2137 = VECTOR('',#2138,1.);
#2138 = DIRECTION('',(0.,0.,1.));
#2139 = ORIENTED_EDGE('',*,*,#2140,.F.);
#2140 = EDGE_CURVE('',#2084,#2133,#2141,.T.);
#2141 = LINE('',#2142,#2143);
#2142 = CARTESIAN_POINT('',(-26.16707025652,-6.222833999999,0.));
#2143 = VECTOR('',#2144,1.);
#2144 = DIRECTION('',(-1.,0.,0.));
#2145 = PLANE('',#2146);
#2146 = AXIS2_PLACEMENT_3D('',#2147,#2148,#2149);
#2147 = CARTESIAN_POINT('',(-26.16707025652,-6.222833999999,0.));
#2148 = DIRECTION('',(0.,-1.,0.));
#2149 = DIRECTION('',(-1.,0.,0.));
#2150 = ADVANCED_FACE('',(#2151),#2170,.T.);
#2151 = FACE_BOUND('',#2152,.F.);
#2152 = EDGE_LOOP('',(#2153,#2161,#2162,#2163));
#2153 = ORIENTED_EDGE('',*,*,#2154,.T.);
#2154 = EDGE_CURVE('',#2155,#1070,#2157,.T.);
#2155 = VERTEX_POINT('',#2156);
#2156 = CARTESIAN_POINT('',(-34.16706986112,0.777166,0.));
#2157 = LINE('',#2158,#2159);
#2158 = CARTESIAN_POINT('',(-34.16706986112,0.777166,0.));
#2159 = VECTOR('',#2160,1.);
#2160 = DIRECTION('',(0.,0.,1.));
#2161 = ORIENTED_EDGE('',*,*,#1077,.T.);
#2162 = ORIENTED_EDGE('',*,*,#2106,.F.);
#2163 = ORIENTED_EDGE('',*,*,#2164,.F.);
#2164 = EDGE_CURVE('',#2155,#2107,#2165,.T.);
#2165 = CIRCLE('',#2166,0.749999999999);
#2166 = AXIS2_PLACEMENT_3D('',#2167,#2168,#2169);
#2167 = CARTESIAN_POINT('',(-34.16707010621,2.716600000022E-02,0.));
#2168 = DIRECTION('',(0.,0.,1.));
#2169 = DIRECTION('',(1.,0.,0.));
#2170 = CYLINDRICAL_SURFACE('',#2171,0.749999999999);
#2171 = AXIS2_PLACEMENT_3D('',#2172,#2173,#2174);
#2172 = CARTESIAN_POINT('',(-34.16707010621,2.716600000022E-02,0.));
#2173 = DIRECTION('',(-0.,-0.,-1.));
#2174 = DIRECTION('',(1.,0.,0.));
#2175 = ADVANCED_FACE('',(#2176),#2195,.F.);
#2176 = FACE_BOUND('',#2177,.T.);
#2177 = EDGE_LOOP('',(#2178,#2186,#2187,#2188));
#2178 = ORIENTED_EDGE('',*,*,#2179,.T.);
#2179 = EDGE_CURVE('',#2180,#181,#2182,.T.);
#2180 = VERTEX_POINT('',#2181);
#2181 = CARTESIAN_POINT('',(-34.16707017972,-5.722833999999,0.));
#2182 = LINE('',#2183,#2184);
#2183 = CARTESIAN_POINT('',(-34.16707017972,-5.722833999999,0.));
#2184 = VECTOR('',#2185,1.);
#2185 = DIRECTION('',(0.,0.,1.));
#2186 = ORIENTED_EDGE('',*,*,#180,.T.);
#2187 = ORIENTED_EDGE('',*,*,#2132,.F.);
#2188 = ORIENTED_EDGE('',*,*,#2189,.F.);
#2189 = EDGE_CURVE('',#2180,#2133,#2190,.T.);
#2190 = CIRCLE('',#2191,0.25);
#2191 = AXIS2_PLACEMENT_3D('',#2192,#2193,#2194);
#2192 = CARTESIAN_POINT('',(-34.16707026142,-5.972833999999,0.));
#2193 = DIRECTION('',(0.,0.,1.));
#2194 = DIRECTION('',(1.,0.,0.));
#2195 = CYLINDRICAL_SURFACE('',#2196,0.25);
#2196 = AXIS2_PLACEMENT_3D('',#2197,#2198,#2199);
#2197 = CARTESIAN_POINT('',(-34.16707026142,-5.972833999999,0.));
#2198 = DIRECTION('',(-0.,-0.,-1.));
#2199 = DIRECTION('',(1.,0.,0.));
#2200 = ADVANCED_FACE('',(#2201),#2219,.F.);
#2201 = FACE_BOUND('',#2202,.F.);
#2202 = EDGE_LOOP('',(#2203,#2211,#2212,#2213));
#2203 = ORIENTED_EDGE('',*,*,#2204,.T.);
#2204 = EDGE_CURVE('',#2205,#1061,#2207,.T.);
#2205 = VERTEX_POINT('',#2206);
#2206 = CARTESIAN_POINT('',(-26.16707044772,0.777166,0.));
#2207 = LINE('',#2208,#2209);
#2208 = CARTESIAN_POINT('',(-26.16707044772,0.777166,0.));
#2209 = VECTOR('',#2210,1.);
#2210 = DIRECTION('',(0.,0.,1.));
#2211 = ORIENTED_EDGE('',*,*,#1069,.T.);
#2212 = ORIENTED_EDGE('',*,*,#2154,.F.);
#2213 = ORIENTED_EDGE('',*,*,#2214,.F.);
#2214 = EDGE_CURVE('',#2205,#2155,#2215,.T.);
#2215 = LINE('',#2216,#2217);
#2216 = CARTESIAN_POINT('',(-26.16707044772,0.777166,0.));
#2217 = VECTOR('',#2218,1.);
#2218 = DIRECTION('',(-1.,0.,0.));
#2219 = PLANE('',#2220);
#2220 = AXIS2_PLACEMENT_3D('',#2221,#2222,#2223);
#2221 = CARTESIAN_POINT('',(-26.16707044772,0.777166,0.));
#2222 = DIRECTION('',(0.,-1.,0.));
#2223 = DIRECTION('',(-1.,0.,0.));
#2224 = ADVANCED_FACE('',(#2225),#2243,.F.);
#2225 = FACE_BOUND('',#2226,.F.);
#2226 = EDGE_LOOP('',(#2227,#2228,#2229,#2237));
#2227 = ORIENTED_EDGE('',*,*,#2179,.T.);
#2228 = ORIENTED_EDGE('',*,*,#189,.T.);
#2229 = ORIENTED_EDGE('',*,*,#2230,.F.);
#2230 = EDGE_CURVE('',#2231,#190,#2233,.T.);
#2231 = VERTEX_POINT('',#2232);
#2232 = CARTESIAN_POINT('',(-26.16706931041,-5.722833999999,0.));
#2233 = LINE('',#2234,#2235);
#2234 = CARTESIAN_POINT('',(-26.16706931041,-5.722833999999,0.));
#2235 = VECTOR('',#2236,1.);
#2236 = DIRECTION('',(0.,0.,1.));
#2237 = ORIENTED_EDGE('',*,*,#2238,.F.);
#2238 = EDGE_CURVE('',#2180,#2231,#2239,.T.);
#2239 = LINE('',#2240,#2241);
#2240 = CARTESIAN_POINT('',(-34.16707017972,-5.722833999999,0.));
#2241 = VECTOR('',#2242,1.);
#2242 = DIRECTION('',(1.,0.,0.));
#2243 = PLANE('',#2244);
#2244 = AXIS2_PLACEMENT_3D('',#2245,#2246,#2247);
#2245 = CARTESIAN_POINT('',(-34.16707017972,-5.722833999999,0.));
#2246 = DIRECTION('',(0.,1.,0.));
#2247 = DIRECTION('',(1.,0.,0.));
#2248 = ADVANCED_FACE('',(#2249),#2268,.F.);
#2249 = FACE_BOUND('',#2250,.F.);
#2250 = EDGE_LOOP('',(#2251,#2252,#2261,#2267));
#2251 = ORIENTED_EDGE('',*,*,#2204,.F.);
#2252 = ORIENTED_EDGE('',*,*,#2253,.T.);
#2253 = EDGE_CURVE('',#2205,#2254,#2256,.T.);
#2254 = VERTEX_POINT('',#2255);
#2255 = CARTESIAN_POINT('',(-26.16707064461,1.277166,0.));
#2256 = CIRCLE('',#2257,0.25);
#2257 = AXIS2_PLACEMENT_3D('',#2258,#2259,#2260);
#2258 = CARTESIAN_POINT('',(-26.1670705531,1.027166,0.));
#2259 = DIRECTION('',(0.,0.,1.));
#2260 = DIRECTION('',(1.,0.,0.));
#2261 = ORIENTED_EDGE('',*,*,#2262,.F.);
#2262 = EDGE_CURVE('',#1053,#2254,#2263,.T.);
#2263 = LINE('',#2264,#2265);
#2264 = CARTESIAN_POINT('',(-26.16707064461,1.277166,14.));
#2265 = VECTOR('',#2266,1.);
#2266 = DIRECTION('',(-0.,-0.,-1.));
#2267 = ORIENTED_EDGE('',*,*,#1060,.F.);
#2268 = CYLINDRICAL_SURFACE('',#2269,0.25);
#2269 = AXIS2_PLACEMENT_3D('',#2270,#2271,#2272);
#2270 = CARTESIAN_POINT('',(-26.1670705531,1.027166,14.));
#2271 = DIRECTION('',(0.,0.,1.));
#2272 = DIRECTION('',(1.,0.,0.));
#2273 = ADVANCED_FACE('',(#2274),#2293,.T.);
#2274 = FACE_BOUND('',#2275,.F.);
#2275 = EDGE_LOOP('',(#2276,#2277,#2278,#2286));
#2276 = ORIENTED_EDGE('',*,*,#2230,.T.);
#2277 = ORIENTED_EDGE('',*,*,#197,.T.);
#2278 = ORIENTED_EDGE('',*,*,#2279,.F.);
#2279 = EDGE_CURVE('',#2280,#198,#2282,.T.);
#2280 = VERTEX_POINT('',#2281);
#2281 = CARTESIAN_POINT('',(-26.16706959964,-4.222833999999,0.));
#2282 = LINE('',#2283,#2284);
#2283 = CARTESIAN_POINT('',(-26.16706959964,-4.222833999999,0.));
#2284 = VECTOR('',#2285,1.);
#2285 = DIRECTION('',(0.,0.,1.));
#2286 = ORIENTED_EDGE('',*,*,#2287,.F.);
#2287 = EDGE_CURVE('',#2231,#2280,#2288,.T.);
#2288 = CIRCLE('',#2289,0.75);
#2289 = AXIS2_PLACEMENT_3D('',#2290,#2291,#2292);
#2290 = CARTESIAN_POINT('',(-26.16706932512,-4.972833999999,0.));
#2291 = DIRECTION('',(0.,0.,1.));
#2292 = DIRECTION('',(1.,0.,0.));
#2293 = CYLINDRICAL_SURFACE('',#2294,0.75);
#2294 = AXIS2_PLACEMENT_3D('',#2295,#2296,#2297);
#2295 = CARTESIAN_POINT('',(-26.16706932512,-4.972833999999,0.));
#2296 = DIRECTION('',(-0.,-0.,-1.));
#2297 = DIRECTION('',(1.,0.,0.));
#2298 = ADVANCED_FACE('',(#2299),#2317,.F.);
#2299 = FACE_BOUND('',#2300,.F.);
#2300 = EDGE_LOOP('',(#2301,#2302,#2310,#2316));
#2301 = ORIENTED_EDGE('',*,*,#2262,.T.);
#2302 = ORIENTED_EDGE('',*,*,#2303,.T.);
#2303 = EDGE_CURVE('',#2254,#2304,#2306,.T.);
#2304 = VERTEX_POINT('',#2305);
#2305 = CARTESIAN_POINT('',(-34.16707064461,1.277166,0.));
#2306 = LINE('',#2307,#2308);
#2307 = CARTESIAN_POINT('',(-26.16707064461,1.277166,0.));
#2308 = VECTOR('',#2309,1.);
#2309 = DIRECTION('',(-1.,0.,0.));
#2310 = ORIENTED_EDGE('',*,*,#2311,.F.);
#2311 = EDGE_CURVE('',#1044,#2304,#2312,.T.);
#2312 = LINE('',#2313,#2314);
#2313 = CARTESIAN_POINT('',(-34.16707064461,1.277166,14.));
#2314 = VECTOR('',#2315,1.);
#2315 = DIRECTION('',(-0.,-0.,-1.));
#2316 = ORIENTED_EDGE('',*,*,#1052,.F.);
#2317 = PLANE('',#2318);
#2318 = AXIS2_PLACEMENT_3D('',#2319,#2320,#2321);
#2319 = CARTESIAN_POINT('',(-26.16707064461,1.277166,14.));
#2320 = DIRECTION('',(0.,1.,0.));
#2321 = DIRECTION('',(-1.,0.,0.));
#2322 = ADVANCED_FACE('',(#2323),#2341,.T.);
#2323 = FACE_BOUND('',#2324,.T.);
#2324 = EDGE_LOOP('',(#2325,#2333,#2334,#2335));
#2325 = ORIENTED_EDGE('',*,*,#2326,.T.);
#2326 = EDGE_CURVE('',#2327,#207,#2329,.T.);
#2327 = VERTEX_POINT('',#2328);
#2328 = CARTESIAN_POINT('',(-34.16706959964,-4.222833999999,0.));
#2329 = LINE('',#2330,#2331);
#2330 = CARTESIAN_POINT('',(-34.16706959964,-4.222833999999,0.));
#2331 = VECTOR('',#2332,1.);
#2332 = DIRECTION('',(0.,0.,1.));
#2333 = ORIENTED_EDGE('',*,*,#206,.T.);
#2334 = ORIENTED_EDGE('',*,*,#2279,.F.);
#2335 = ORIENTED_EDGE('',*,*,#2336,.F.);
#2336 = EDGE_CURVE('',#2327,#2280,#2337,.T.);
#2337 = LINE('',#2338,#2339);
#2338 = CARTESIAN_POINT('',(-34.16706959964,-4.222833999999,0.));
#2339 = VECTOR('',#2340,1.);
#2340 = DIRECTION('',(1.,-1.1E-16,0.));
#2341 = PLANE('',#2342);
#2342 = AXIS2_PLACEMENT_3D('',#2343,#2344,#2345);
#2343 = CARTESIAN_POINT('',(-34.16706959964,-4.222833999999,0.));
#2344 = DIRECTION('',(1.1E-16,1.,0.));
#2345 = DIRECTION('',(1.,-1.1E-16,0.));
#2346 = ADVANCED_FACE('',(#2347),#2366,.T.);
#2347 = FACE_BOUND('',#2348,.T.);
#2348 = EDGE_LOOP('',(#2349,#2357,#2364,#2365));
#2349 = ORIENTED_EDGE('',*,*,#2350,.T.);
#2350 = EDGE_CURVE('',#1036,#2351,#2353,.T.);
#2351 = VERTEX_POINT('',#2352);
#2352 = CARTESIAN_POINT('',(-34.16707094198,2.777166,0.));
#2353 = LINE('',#2354,#2355);
#2354 = CARTESIAN_POINT('',(-34.16707094198,2.777166,14.));
#2355 = VECTOR('',#2356,1.);
#2356 = DIRECTION('',(-0.,-0.,-1.));
#2357 = ORIENTED_EDGE('',*,*,#2358,.T.);
#2358 = EDGE_CURVE('',#2351,#2304,#2359,.T.);
#2359 = CIRCLE('',#2360,0.75);
#2360 = AXIS2_PLACEMENT_3D('',#2361,#2362,#2363);
#2361 = CARTESIAN_POINT('',(-34.1670709232,2.027166,0.));
#2362 = DIRECTION('',(0.,0.,1.));
#2363 = DIRECTION('',(1.,0.,0.));
#2364 = ORIENTED_EDGE('',*,*,#2311,.F.);
#2365 = ORIENTED_EDGE('',*,*,#1043,.F.);
#2366 = CYLINDRICAL_SURFACE('',#2367,0.75);
#2367 = AXIS2_PLACEMENT_3D('',#2368,#2369,#2370);
#2368 = CARTESIAN_POINT('',(-34.1670709232,2.027166,14.));
#2369 = DIRECTION('',(0.,0.,1.));
#2370 = DIRECTION('',(1.,0.,0.));
#2371 = ADVANCED_FACE('',(#2372),#2391,.F.);
#2372 = FACE_BOUND('',#2373,.T.);
#2373 = EDGE_LOOP('',(#2374,#2382,#2383,#2384));
#2374 = ORIENTED_EDGE('',*,*,#2375,.T.);
#2375 = EDGE_CURVE('',#2376,#215,#2378,.T.);
#2376 = VERTEX_POINT('',#2377);
#2377 = CARTESIAN_POINT('',(-34.16706977285,-3.722833999999,0.));
#2378 = LINE('',#2379,#2380);
#2379 = CARTESIAN_POINT('',(-34.16706977285,-3.722833999999,0.));
#2380 = VECTOR('',#2381,1.);
#2381 = DIRECTION('',(0.,0.,1.));
#2382 = ORIENTED_EDGE('',*,*,#214,.T.);
#2383 = ORIENTED_EDGE('',*,*,#2326,.F.);
#2384 = ORIENTED_EDGE('',*,*,#2385,.F.);
#2385 = EDGE_CURVE('',#2376,#2327,#2386,.T.);
#2386 = CIRCLE('',#2387,0.25);
#2387 = AXIS2_PLACEMENT_3D('',#2388,#2389,#2390);
#2388 = CARTESIAN_POINT('',(-34.16706960455,-3.972833999999,0.));
#2389 = DIRECTION('',(0.,0.,1.));
#2390 = DIRECTION('',(1.,0.,0.));
#2391 = CYLINDRICAL_SURFACE('',#2392,0.25);
#2392 = AXIS2_PLACEMENT_3D('',#2393,#2394,#2395);
#2393 = CARTESIAN_POINT('',(-34.16706960455,-3.972833999999,0.));
#2394 = DIRECTION('',(-0.,-0.,-1.));
#2395 = DIRECTION('',(1.,0.,0.));
#2396 = ADVANCED_FACE('',(#2397),#2415,.F.);
#2397 = FACE_BOUND('',#2398,.F.);
#2398 = EDGE_LOOP('',(#2399,#2400,#2408,#2414));
#2399 = ORIENTED_EDGE('',*,*,#2350,.T.);
#2400 = ORIENTED_EDGE('',*,*,#2401,.T.);
#2401 = EDGE_CURVE('',#2351,#2402,#2404,.T.);
#2402 = VERTEX_POINT('',#2403);
#2403 = CARTESIAN_POINT('',(-26.16707094198,2.777166,0.));
#2404 = LINE('',#2405,#2406);
#2405 = CARTESIAN_POINT('',(-34.16707094198,2.777166,0.));
#2406 = VECTOR('',#2407,1.);
#2407 = DIRECTION('',(1.,0.,0.));
#2408 = ORIENTED_EDGE('',*,*,#2409,.F.);
#2409 = EDGE_CURVE('',#1027,#2402,#2410,.T.);
#2410 = LINE('',#2411,#2412);
#2411 = CARTESIAN_POINT('',(-26.16707094198,2.777166,14.));
#2412 = VECTOR('',#2413,1.);
#2413 = DIRECTION('',(-0.,-0.,-1.));
#2414 = ORIENTED_EDGE('',*,*,#1035,.F.);
#2415 = PLANE('',#2416);
#2416 = AXIS2_PLACEMENT_3D('',#2417,#2418,#2419);
#2417 = CARTESIAN_POINT('',(-34.16707094198,2.777166,14.));
#2418 = DIRECTION('',(0.,-1.,0.));
#2419 = DIRECTION('',(1.,0.,0.));
#2420 = ADVANCED_FACE('',(#2421),#2439,.F.);
#2421 = FACE_BOUND('',#2422,.F.);
#2422 = EDGE_LOOP('',(#2423,#2424,#2425,#2433));
#2423 = ORIENTED_EDGE('',*,*,#2375,.T.);
#2424 = ORIENTED_EDGE('',*,*,#223,.T.);
#2425 = ORIENTED_EDGE('',*,*,#2426,.F.);
#2426 = EDGE_CURVE('',#2427,#224,#2429,.T.);
#2427 = VERTEX_POINT('',#2428);
#2428 = CARTESIAN_POINT('',(-26.16706977285,-3.722833999999,0.));
#2429 = LINE('',#2430,#2431);
#2430 = CARTESIAN_POINT('',(-26.16706977285,-3.722833999999,0.));
#2431 = VECTOR('',#2432,1.);
#2432 = DIRECTION('',(0.,0.,1.));
#2433 = ORIENTED_EDGE('',*,*,#2434,.F.);
#2434 = EDGE_CURVE('',#2376,#2427,#2435,.T.);
#2435 = LINE('',#2436,#2437);
#2436 = CARTESIAN_POINT('',(-34.16706977285,-3.722833999999,0.));
#2437 = VECTOR('',#2438,1.);
#2438 = DIRECTION('',(1.,0.,0.));
#2439 = PLANE('',#2440);
#2440 = AXIS2_PLACEMENT_3D('',#2441,#2442,#2443);
#2441 = CARTESIAN_POINT('',(-34.16706977285,-3.722833999999,0.));
#2442 = DIRECTION('',(0.,1.,0.));
#2443 = DIRECTION('',(1.,0.,0.));
#2444 = ADVANCED_FACE('',(#2445),#2464,.F.);
#2445 = FACE_BOUND('',#2446,.F.);
#2446 = EDGE_LOOP('',(#2447,#2448,#2457,#2463));
#2447 = ORIENTED_EDGE('',*,*,#2409,.T.);
#2448 = ORIENTED_EDGE('',*,*,#2449,.T.);
#2449 = EDGE_CURVE('',#2402,#2450,#2452,.T.);
#2450 = VERTEX_POINT('',#2451);
#2451 = CARTESIAN_POINT('',(-26.16707103839,3.277166,0.));
#2452 = CIRCLE('',#2453,0.25);
#2453 = AXIS2_PLACEMENT_3D('',#2454,#2455,#2456);
#2454 = CARTESIAN_POINT('',(-26.16707094689,3.027166,0.));
#2455 = DIRECTION('',(0.,0.,1.));
#2456 = DIRECTION('',(1.,0.,0.));
#2457 = ORIENTED_EDGE('',*,*,#2458,.F.);
#2458 = EDGE_CURVE('',#1019,#2450,#2459,.T.);
#2459 = LINE('',#2460,#2461);
#2460 = CARTESIAN_POINT('',(-26.16707103839,3.277166,14.));
#2461 = VECTOR('',#2462,1.);
#2462 = DIRECTION('',(-0.,-0.,-1.));
#2463 = ORIENTED_EDGE('',*,*,#1026,.F.);
#2464 = CYLINDRICAL_SURFACE('',#2465,0.25);
#2465 = AXIS2_PLACEMENT_3D('',#2466,#2467,#2468);
#2466 = CARTESIAN_POINT('',(-26.16707094689,3.027166,14.));
#2467 = DIRECTION('',(0.,0.,1.));
#2468 = DIRECTION('',(1.,0.,0.));
#2469 = ADVANCED_FACE('',(#2470),#2489,.T.);
#2470 = FACE_BOUND('',#2471,.F.);
#2471 = EDGE_LOOP('',(#2472,#2473,#2474,#2482));
#2472 = ORIENTED_EDGE('',*,*,#2426,.T.);
#2473 = ORIENTED_EDGE('',*,*,#231,.T.);
#2474 = ORIENTED_EDGE('',*,*,#2475,.F.);
#2475 = EDGE_CURVE('',#2476,#232,#2478,.T.);
#2476 = VERTEX_POINT('',#2477);
#2477 = CARTESIAN_POINT('',(-26.16707006208,-2.222833999999,0.));
#2478 = LINE('',#2479,#2480);
#2479 = CARTESIAN_POINT('',(-26.16707006208,-2.222833999999,0.));
#2480 = VECTOR('',#2481,1.);
#2481 = DIRECTION('',(0.,0.,1.));
#2482 = ORIENTED_EDGE('',*,*,#2483,.F.);
#2483 = EDGE_CURVE('',#2427,#2476,#2484,.T.);
#2484 = CIRCLE('',#2485,0.75);
#2485 = AXIS2_PLACEMENT_3D('',#2486,#2487,#2488);
#2486 = CARTESIAN_POINT('',(-26.16706978756,-2.972833999999,0.));
#2487 = DIRECTION('',(0.,0.,1.));
#2488 = DIRECTION('',(1.,0.,0.));
#2489 = CYLINDRICAL_SURFACE('',#2490,0.75);
#2490 = AXIS2_PLACEMENT_3D('',#2491,#2492,#2493);
#2491 = CARTESIAN_POINT('',(-26.16706978756,-2.972833999999,0.));
#2492 = DIRECTION('',(-0.,-0.,-1.));
#2493 = DIRECTION('',(1.,0.,0.));
#2494 = ADVANCED_FACE('',(#2495),#2513,.F.);
#2495 = FACE_BOUND('',#2496,.F.);
#2496 = EDGE_LOOP('',(#2497,#2498,#2506,#2512));
#2497 = ORIENTED_EDGE('',*,*,#2458,.T.);
#2498 = ORIENTED_EDGE('',*,*,#2499,.T.);
#2499 = EDGE_CURVE('',#2450,#2500,#2502,.T.);
#2500 = VERTEX_POINT('',#2501);
#2501 = CARTESIAN_POINT('',(-34.16707103839,3.277166,0.));
#2502 = LINE('',#2503,#2504);
#2503 = CARTESIAN_POINT('',(-26.16707103839,3.277166,0.));
#2504 = VECTOR('',#2505,1.);
#2505 = DIRECTION('',(-1.,0.,0.));
#2506 = ORIENTED_EDGE('',*,*,#2507,.F.);
#2507 = EDGE_CURVE('',#1010,#2500,#2508,.T.);
#2508 = LINE('',#2509,#2510);
#2509 = CARTESIAN_POINT('',(-34.16707103839,3.277166,14.));
#2510 = VECTOR('',#2511,1.);
#2511 = DIRECTION('',(-0.,-0.,-1.));
#2512 = ORIENTED_EDGE('',*,*,#1018,.F.);
#2513 = PLANE('',#2514);
#2514 = AXIS2_PLACEMENT_3D('',#2515,#2516,#2517);
#2515 = CARTESIAN_POINT('',(-26.16707103839,3.277166,14.));
#2516 = DIRECTION('',(0.,1.,0.));
#2517 = DIRECTION('',(-1.,0.,0.));
#2518 = ADVANCED_FACE('',(#2519),#2537,.T.);
#2519 = FACE_BOUND('',#2520,.T.);
#2520 = EDGE_LOOP('',(#2521,#2529,#2530,#2531));
#2521 = ORIENTED_EDGE('',*,*,#2522,.T.);
#2522 = EDGE_CURVE('',#2523,#241,#2525,.T.);
#2523 = VERTEX_POINT('',#2524);
#2524 = CARTESIAN_POINT('',(-34.16707006208,-2.222833999999,0.));
#2525 = LINE('',#2526,#2527);
#2526 = CARTESIAN_POINT('',(-34.16707006208,-2.222833999999,0.));
#2527 = VECTOR('',#2528,1.);
#2528 = DIRECTION('',(0.,0.,1.));
#2529 = ORIENTED_EDGE('',*,*,#240,.T.);
#2530 = ORIENTED_EDGE('',*,*,#2475,.F.);
#2531 = ORIENTED_EDGE('',*,*,#2532,.F.);
#2532 = EDGE_CURVE('',#2523,#2476,#2533,.T.);
#2533 = LINE('',#2534,#2535);
#2534 = CARTESIAN_POINT('',(-34.16707006208,-2.222833999999,0.));
#2535 = VECTOR('',#2536,1.);
#2536 = DIRECTION('',(1.,-6.E-17,0.));
#2537 = PLANE('',#2538);
#2538 = AXIS2_PLACEMENT_3D('',#2539,#2540,#2541);
#2539 = CARTESIAN_POINT('',(-34.16707006208,-2.222833999999,0.));
#2540 = DIRECTION('',(6.E-17,1.,0.));
#2541 = DIRECTION('',(1.,-6.E-17,0.));
#2542 = ADVANCED_FACE('',(#2543),#2562,.T.);
#2543 = FACE_BOUND('',#2544,.T.);
#2544 = EDGE_LOOP('',(#2545,#2553,#2560,#2561));
#2545 = ORIENTED_EDGE('',*,*,#2546,.T.);
#2546 = EDGE_CURVE('',#1002,#2547,#2549,.T.);
#2547 = VERTEX_POINT('',#2548);
#2548 = CARTESIAN_POINT('',(-34.16707242591,4.777166000001,0.));
#2549 = LINE('',#2550,#2551);
#2550 = CARTESIAN_POINT('',(-34.16707242591,4.777166000001,14.));
#2551 = VECTOR('',#2552,1.);
#2552 = DIRECTION('',(-0.,-0.,-1.));
#2553 = ORIENTED_EDGE('',*,*,#2554,.T.);
#2554 = EDGE_CURVE('',#2547,#2500,#2555,.T.);
#2555 = CIRCLE('',#2556,0.750000000001);
#2556 = AXIS2_PLACEMENT_3D('',#2557,#2558,#2559);
#2557 = CARTESIAN_POINT('',(-34.16707186206,4.027166000001,0.));
#2558 = DIRECTION('',(0.,0.,1.));
#2559 = DIRECTION('',(1.,0.,0.));
#2560 = ORIENTED_EDGE('',*,*,#2507,.F.);
#2561 = ORIENTED_EDGE('',*,*,#1009,.F.);
#2562 = CYLINDRICAL_SURFACE('',#2563,0.750000000001);
#2563 = AXIS2_PLACEMENT_3D('',#2564,#2565,#2566);
#2564 = CARTESIAN_POINT('',(-34.16707186206,4.027166000001,14.));
#2565 = DIRECTION('',(0.,0.,1.));
#2566 = DIRECTION('',(1.,0.,0.));
#2567 = ADVANCED_FACE('',(#2568),#2587,.F.);
#2568 = FACE_BOUND('',#2569,.T.);
#2569 = EDGE_LOOP('',(#2570,#2578,#2579,#2580));
#2570 = ORIENTED_EDGE('',*,*,#2571,.T.);
#2571 = EDGE_CURVE('',#2572,#249,#2574,.T.);
#2572 = VERTEX_POINT('',#2573);
#2573 = CARTESIAN_POINT('',(-34.16706998528,-1.722833999999,0.));
#2574 = LINE('',#2575,#2576);
#2575 = CARTESIAN_POINT('',(-34.16706998528,-1.722833999999,0.));
#2576 = VECTOR('',#2577,1.);
#2577 = DIRECTION('',(0.,0.,1.));
#2578 = ORIENTED_EDGE('',*,*,#248,.T.);
#2579 = ORIENTED_EDGE('',*,*,#2522,.F.);
#2580 = ORIENTED_EDGE('',*,*,#2581,.F.);
#2581 = EDGE_CURVE('',#2572,#2523,#2582,.T.);
#2582 = CIRCLE('',#2583,0.25);
#2583 = AXIS2_PLACEMENT_3D('',#2584,#2585,#2586);
#2584 = CARTESIAN_POINT('',(-34.16707006698,-1.972833999999,0.));
#2585 = DIRECTION('',(0.,0.,1.));
#2586 = DIRECTION('',(1.,0.,0.));
#2587 = CYLINDRICAL_SURFACE('',#2588,0.25);
#2588 = AXIS2_PLACEMENT_3D('',#2589,#2590,#2591);
#2589 = CARTESIAN_POINT('',(-34.16707006698,-1.972833999999,0.));
#2590 = DIRECTION('',(-0.,-0.,-1.));
#2591 = DIRECTION('',(1.,0.,0.));
#2592 = ADVANCED_FACE('',(#2593),#2611,.F.);
#2593 = FACE_BOUND('',#2594,.F.);
#2594 = EDGE_LOOP('',(#2595,#2596,#2604,#2610));
#2595 = ORIENTED_EDGE('',*,*,#2546,.T.);
#2596 = ORIENTED_EDGE('',*,*,#2597,.T.);
#2597 = EDGE_CURVE('',#2547,#2598,#2600,.T.);
#2598 = VERTEX_POINT('',#2599);
#2599 = CARTESIAN_POINT('',(-26.16707242591,4.777166000001,0.));
#2600 = LINE('',#2601,#2602);
#2601 = CARTESIAN_POINT('',(-34.16707242591,4.777166000001,0.));
#2602 = VECTOR('',#2603,1.);
#2603 = DIRECTION('',(1.,0.,0.));
#2604 = ORIENTED_EDGE('',*,*,#2605,.F.);
#2605 = EDGE_CURVE('',#993,#2598,#2606,.T.);
#2606 = LINE('',#2607,#2608);
#2607 = CARTESIAN_POINT('',(-26.16707242591,4.777166000001,14.));
#2608 = VECTOR('',#2609,1.);
#2609 = DIRECTION('',(-0.,-0.,-1.));
#2610 = ORIENTED_EDGE('',*,*,#1001,.F.);
#2611 = PLANE('',#2612);
#2612 = AXIS2_PLACEMENT_3D('',#2613,#2614,#2615);
#2613 = CARTESIAN_POINT('',(-34.16707242591,4.777166000001,14.));
#2614 = DIRECTION('',(0.,-1.,0.));
#2615 = DIRECTION('',(1.,0.,0.));
#2616 = ADVANCED_FACE('',(#2617),#2635,.F.);
#2617 = FACE_BOUND('',#2618,.F.);
#2618 = EDGE_LOOP('',(#2619,#2620,#2621,#2629));
#2619 = ORIENTED_EDGE('',*,*,#2571,.T.);
#2620 = ORIENTED_EDGE('',*,*,#257,.T.);
#2621 = ORIENTED_EDGE('',*,*,#2622,.F.);
#2622 = EDGE_CURVE('',#2623,#258,#2625,.T.);
#2623 = VERTEX_POINT('',#2624);
#2624 = CARTESIAN_POINT('',(-26.16706998528,-1.722833999999,0.));
#2625 = LINE('',#2626,#2627);
#2626 = CARTESIAN_POINT('',(-26.16706998528,-1.722833999999,0.));
#2627 = VECTOR('',#2628,1.);
#2628 = DIRECTION('',(0.,0.,1.));
#2629 = ORIENTED_EDGE('',*,*,#2630,.F.);
#2630 = EDGE_CURVE('',#2572,#2623,#2631,.T.);
#2631 = LINE('',#2632,#2633);
#2632 = CARTESIAN_POINT('',(-34.16706998528,-1.722833999999,0.));
#2633 = VECTOR('',#2634,1.);
#2634 = DIRECTION('',(1.,3.E-17,0.));
#2635 = PLANE('',#2636);
#2636 = AXIS2_PLACEMENT_3D('',#2637,#2638,#2639);
#2637 = CARTESIAN_POINT('',(-34.16706998528,-1.722833999999,0.));
#2638 = DIRECTION('',(-3.E-17,1.,0.));
#2639 = DIRECTION('',(1.,3.E-17,0.));
#2640 = ADVANCED_FACE('',(#2641),#2660,.F.);
#2641 = FACE_BOUND('',#2642,.F.);
#2642 = EDGE_LOOP('',(#2643,#2644,#2653,#2659));
#2643 = ORIENTED_EDGE('',*,*,#2605,.T.);
#2644 = ORIENTED_EDGE('',*,*,#2645,.T.);
#2645 = EDGE_CURVE('',#2598,#2646,#2648,.T.);
#2646 = VERTEX_POINT('',#2647);
#2647 = CARTESIAN_POINT('',(-26.16707252232,5.277166000001,0.));
#2648 = CIRCLE('',#2649,0.25);
#2649 = AXIS2_PLACEMENT_3D('',#2650,#2651,#2652);
#2650 = CARTESIAN_POINT('',(-26.16707243082,5.027166000001,0.));
#2651 = DIRECTION('',(0.,0.,1.));
#2652 = DIRECTION('',(1.,0.,0.));
#2653 = ORIENTED_EDGE('',*,*,#2654,.F.);
#2654 = EDGE_CURVE('',#985,#2646,#2655,.T.);
#2655 = LINE('',#2656,#2657);
#2656 = CARTESIAN_POINT('',(-26.16707252232,5.277166000001,14.));
#2657 = VECTOR('',#2658,1.);
#2658 = DIRECTION('',(-0.,-0.,-1.));
#2659 = ORIENTED_EDGE('',*,*,#992,.F.);
#2660 = CYLINDRICAL_SURFACE('',#2661,0.25);
#2661 = AXIS2_PLACEMENT_3D('',#2662,#2663,#2664);
#2662 = CARTESIAN_POINT('',(-26.16707243082,5.027166000001,14.));
#2663 = DIRECTION('',(0.,0.,1.));
#2664 = DIRECTION('',(1.,0.,0.));
#2665 = ADVANCED_FACE('',(#2666),#2685,.T.);
#2666 = FACE_BOUND('',#2667,.F.);
#2667 = EDGE_LOOP('',(#2668,#2669,#2670,#2678));
#2668 = ORIENTED_EDGE('',*,*,#2622,.T.);
#2669 = ORIENTED_EDGE('',*,*,#265,.T.);
#2670 = ORIENTED_EDGE('',*,*,#2671,.F.);
#2671 = EDGE_CURVE('',#2672,#266,#2674,.T.);
#2672 = VERTEX_POINT('',#2673);
#2673 = CARTESIAN_POINT('',(-26.16707027451,-0.222834,0.));
#2674 = LINE('',#2675,#2676);
#2675 = CARTESIAN_POINT('',(-26.16707027451,-0.222834,0.));
#2676 = VECTOR('',#2677,1.);
#2677 = DIRECTION('',(0.,0.,1.));
#2678 = ORIENTED_EDGE('',*,*,#2679,.F.);
#2679 = EDGE_CURVE('',#2623,#2672,#2680,.T.);
#2680 = CIRCLE('',#2681,0.75);
#2681 = AXIS2_PLACEMENT_3D('',#2682,#2683,#2684);
#2682 = CARTESIAN_POINT('',(-26.16707,-0.972834,0.));
#2683 = DIRECTION('',(0.,0.,1.));
#2684 = DIRECTION('',(1.,0.,0.));
#2685 = CYLINDRICAL_SURFACE('',#2686,0.75);
#2686 = AXIS2_PLACEMENT_3D('',#2687,#2688,#2689);
#2687 = CARTESIAN_POINT('',(-26.16707,-0.972834,0.));
#2688 = DIRECTION('',(-0.,-0.,-1.));
#2689 = DIRECTION('',(1.,0.,0.));
#2690 = ADVANCED_FACE('',(#2691),#2709,.F.);
#2691 = FACE_BOUND('',#2692,.F.);
#2692 = EDGE_LOOP('',(#2693,#2694,#2702,#2708));
#2693 = ORIENTED_EDGE('',*,*,#2654,.T.);
#2694 = ORIENTED_EDGE('',*,*,#2695,.T.);
#2695 = EDGE_CURVE('',#2646,#2696,#2698,.T.);
#2696 = VERTEX_POINT('',#2697);
#2697 = CARTESIAN_POINT('',(-34.16707252232,5.277166000001,0.));
#2698 = LINE('',#2699,#2700);
#2699 = CARTESIAN_POINT('',(-26.16707252232,5.277166000001,0.));
#2700 = VECTOR('',#2701,1.);
#2701 = DIRECTION('',(-1.,0.,0.));
#2702 = ORIENTED_EDGE('',*,*,#2703,.F.);
#2703 = EDGE_CURVE('',#976,#2696,#2704,.T.);
#2704 = LINE('',#2705,#2706);
#2705 = CARTESIAN_POINT('',(-34.16707252232,5.277166000001,14.));
#2706 = VECTOR('',#2707,1.);
#2707 = DIRECTION('',(-0.,-0.,-1.));
#2708 = ORIENTED_EDGE('',*,*,#984,.F.);
#2709 = PLANE('',#2710);
#2710 = AXIS2_PLACEMENT_3D('',#2711,#2712,#2713);
#2711 = CARTESIAN_POINT('',(-26.16707252232,5.277166000001,14.));
#2712 = DIRECTION('',(0.,1.,0.));
#2713 = DIRECTION('',(-1.,0.,0.));
#2714 = ADVANCED_FACE('',(#2715),#2733,.T.);
#2715 = FACE_BOUND('',#2716,.T.);
#2716 = EDGE_LOOP('',(#2717,#2725,#2726,#2727));
#2717 = ORIENTED_EDGE('',*,*,#2718,.T.);
#2718 = EDGE_CURVE('',#2719,#275,#2721,.T.);
#2719 = VERTEX_POINT('',#2720);
#2720 = CARTESIAN_POINT('',(-34.16707027451,-0.222834,0.));
#2721 = LINE('',#2722,#2723);
#2722 = CARTESIAN_POINT('',(-34.16707027451,-0.222834,0.));
#2723 = VECTOR('',#2724,1.);
#2724 = DIRECTION('',(0.,0.,1.));
#2725 = ORIENTED_EDGE('',*,*,#274,.T.);
#2726 = ORIENTED_EDGE('',*,*,#2671,.F.);
#2727 = ORIENTED_EDGE('',*,*,#2728,.F.);
#2728 = EDGE_CURVE('',#2719,#2672,#2729,.T.);
#2729 = LINE('',#2730,#2731);
#2730 = CARTESIAN_POINT('',(-34.16707027451,-0.222834,0.));
#2731 = VECTOR('',#2732,1.);
#2732 = DIRECTION('',(1.,0.,0.));
#2733 = PLANE('',#2734);
#2734 = AXIS2_PLACEMENT_3D('',#2735,#2736,#2737);
#2735 = CARTESIAN_POINT('',(-34.16707027451,-0.222834,0.));
#2736 = DIRECTION('',(0.,1.,0.));
#2737 = DIRECTION('',(1.,0.,0.));
#2738 = ADVANCED_FACE('',(#2739),#2758,.T.);
#2739 = FACE_BOUND('',#2740,.T.);
#2740 = EDGE_LOOP('',(#2741,#2749,#2756,#2757));
#2741 = ORIENTED_EDGE('',*,*,#2742,.T.);
#2742 = EDGE_CURVE('',#968,#2743,#2745,.T.);
#2743 = VERTEX_POINT('',#2744);
#2744 = CARTESIAN_POINT('',(-34.167075,6.777166,0.));
#2745 = LINE('',#2746,#2747);
#2746 = CARTESIAN_POINT('',(-34.167075,6.777166,14.));
#2747 = VECTOR('',#2748,1.);
#2748 = DIRECTION('',(-0.,-0.,-1.));
#2749 = ORIENTED_EDGE('',*,*,#2750,.T.);
#2750 = EDGE_CURVE('',#2743,#2696,#2751,.T.);
#2751 = CIRCLE('',#2752,0.75);
#2752 = AXIS2_PLACEMENT_3D('',#2753,#2754,#2755);
#2753 = CARTESIAN_POINT('',(-34.16707389106,6.027166,0.));
#2754 = DIRECTION('',(0.,0.,1.));
#2755 = DIRECTION('',(1.,0.,0.));
#2756 = ORIENTED_EDGE('',*,*,#2703,.F.);
#2757 = ORIENTED_EDGE('',*,*,#975,.F.);
#2758 = CYLINDRICAL_SURFACE('',#2759,0.75);
#2759 = AXIS2_PLACEMENT_3D('',#2760,#2761,#2762);
#2760 = CARTESIAN_POINT('',(-34.16707389106,6.027166,14.));
#2761 = DIRECTION('',(0.,0.,1.));
#2762 = DIRECTION('',(1.,0.,0.));
#2763 = ADVANCED_FACE('',(#2764),#2783,.F.);
#2764 = FACE_BOUND('',#2765,.T.);
#2765 = EDGE_LOOP('',(#2766,#2774,#2775,#2776));
#2766 = ORIENTED_EDGE('',*,*,#2767,.T.);
#2767 = EDGE_CURVE('',#2768,#283,#2770,.T.);
#2768 = VERTEX_POINT('',#2769);
#2769 = CARTESIAN_POINT('',(-34.16707044772,0.277166,0.));
#2770 = LINE('',#2771,#2772);
#2771 = CARTESIAN_POINT('',(-34.16707044772,0.277166,0.));
#2772 = VECTOR('',#2773,1.);
#2773 = DIRECTION('',(0.,0.,1.));
#2774 = ORIENTED_EDGE('',*,*,#282,.T.);
#2775 = ORIENTED_EDGE('',*,*,#2718,.F.);
#2776 = ORIENTED_EDGE('',*,*,#2777,.F.);
#2777 = EDGE_CURVE('',#2768,#2719,#2778,.T.);
#2778 = CIRCLE('',#2779,0.25);
#2779 = AXIS2_PLACEMENT_3D('',#2780,#2781,#2782);
#2780 = CARTESIAN_POINT('',(-34.16707027942,2.7166E-02,0.));
#2781 = DIRECTION('',(0.,0.,1.));
#2782 = DIRECTION('',(1.,0.,0.));
#2783 = CYLINDRICAL_SURFACE('',#2784,0.25);
#2784 = AXIS2_PLACEMENT_3D('',#2785,#2786,#2787);
#2785 = CARTESIAN_POINT('',(-34.16707027942,2.7166E-02,0.));
#2786 = DIRECTION('',(-0.,-0.,-1.));
#2787 = DIRECTION('',(1.,0.,0.));
#2788 = ADVANCED_FACE('',(#2789),#2807,.F.);
#2789 = FACE_BOUND('',#2790,.F.);
#2790 = EDGE_LOOP('',(#2791,#2792,#2800,#2806));
#2791 = ORIENTED_EDGE('',*,*,#2742,.T.);
#2792 = ORIENTED_EDGE('',*,*,#2793,.T.);
#2793 = EDGE_CURVE('',#2743,#2794,#2796,.T.);
#2794 = VERTEX_POINT('',#2795);
#2795 = CARTESIAN_POINT('',(-26.167075,6.777166,0.));
#2796 = LINE('',#2797,#2798);
#2797 = CARTESIAN_POINT('',(-34.167075,6.777166,0.));
#2798 = VECTOR('',#2799,1.);
#2799 = DIRECTION('',(1.,0.,0.));
#2800 = ORIENTED_EDGE('',*,*,#2801,.F.);
#2801 = EDGE_CURVE('',#959,#2794,#2802,.T.);
#2802 = LINE('',#2803,#2804);
#2803 = CARTESIAN_POINT('',(-26.167075,6.777166,14.));
#2804 = VECTOR('',#2805,1.);
#2805 = DIRECTION('',(-0.,-0.,-1.));
#2806 = ORIENTED_EDGE('',*,*,#967,.F.);
#2807 = PLANE('',#2808);
#2808 = AXIS2_PLACEMENT_3D('',#2809,#2810,#2811);
#2809 = CARTESIAN_POINT('',(-34.167075,6.777166,14.));
#2810 = DIRECTION('',(0.,-1.,0.));
#2811 = DIRECTION('',(1.,0.,0.));
#2812 = ADVANCED_FACE('',(#2813),#2831,.F.);
#2813 = FACE_BOUND('',#2814,.F.);
#2814 = EDGE_LOOP('',(#2815,#2816,#2817,#2825));
#2815 = ORIENTED_EDGE('',*,*,#2767,.T.);
#2816 = ORIENTED_EDGE('',*,*,#291,.T.);
#2817 = ORIENTED_EDGE('',*,*,#2818,.F.);
#2818 = EDGE_CURVE('',#2819,#292,#2821,.T.);
#2819 = VERTEX_POINT('',#2820);
#2820 = CARTESIAN_POINT('',(-26.16707044772,0.277166,0.));
#2821 = LINE('',#2822,#2823);
#2822 = CARTESIAN_POINT('',(-26.16707044772,0.277166,0.));
#2823 = VECTOR('',#2824,1.);
#2824 = DIRECTION('',(0.,0.,1.));
#2825 = ORIENTED_EDGE('',*,*,#2826,.F.);
#2826 = EDGE_CURVE('',#2768,#2819,#2827,.T.);
#2827 = LINE('',#2828,#2829);
#2828 = CARTESIAN_POINT('',(-34.16707044772,0.277166,0.));
#2829 = VECTOR('',#2830,1.);
#2830 = DIRECTION('',(1.,0.,0.));
#2831 = PLANE('',#2832);
#2832 = AXIS2_PLACEMENT_3D('',#2833,#2834,#2835);
#2833 = CARTESIAN_POINT('',(-34.16707044772,0.277166,0.));
#2834 = DIRECTION('',(0.,1.,0.));
#2835 = DIRECTION('',(1.,0.,0.));
#2836 = ADVANCED_FACE('',(#2837),#2856,.F.);
#2837 = FACE_BOUND('',#2838,.F.);
#2838 = EDGE_LOOP('',(#2839,#2840,#2849,#2855));
#2839 = ORIENTED_EDGE('',*,*,#2801,.T.);
#2840 = ORIENTED_EDGE('',*,*,#2841,.T.);
#2841 = EDGE_CURVE('',#2794,#2842,#2844,.T.);
#2842 = VERTEX_POINT('',#2843);
#2843 = CARTESIAN_POINT('',(-26.167075,7.277166,0.));
#2844 = CIRCLE('',#2845,0.25);
#2845 = AXIS2_PLACEMENT_3D('',#2846,#2847,#2848);
#2846 = CARTESIAN_POINT('',(-26.16707490849,7.027166,0.));
#2847 = DIRECTION('',(0.,0.,1.));
#2848 = DIRECTION('',(1.,0.,0.));
#2849 = ORIENTED_EDGE('',*,*,#2850,.F.);
#2850 = EDGE_CURVE('',#951,#2842,#2851,.T.);
#2851 = LINE('',#2852,#2853);
#2852 = CARTESIAN_POINT('',(-26.167075,7.277166,14.));
#2853 = VECTOR('',#2854,1.);
#2854 = DIRECTION('',(-0.,-0.,-1.));
#2855 = ORIENTED_EDGE('',*,*,#958,.F.);
#2856 = CYLINDRICAL_SURFACE('',#2857,0.25);
#2857 = AXIS2_PLACEMENT_3D('',#2858,#2859,#2860);
#2858 = CARTESIAN_POINT('',(-26.16707490849,7.027166,14.));
#2859 = DIRECTION('',(0.,0.,1.));
#2860 = DIRECTION('',(1.,0.,0.));
#2861 = ADVANCED_FACE('',(#2862),#2881,.T.);
#2862 = FACE_BOUND('',#2863,.T.);
#2863 = EDGE_LOOP('',(#2864,#2865,#2874,#2880));
#2864 = ORIENTED_EDGE('',*,*,#2818,.F.);
#2865 = ORIENTED_EDGE('',*,*,#2866,.T.);
#2866 = EDGE_CURVE('',#2819,#2867,#2869,.T.);
#2867 = VERTEX_POINT('',#2868);
#2868 = CARTESIAN_POINT('',(-26.1670709183,1.777166,0.));
#2869 = CIRCLE('',#2870,0.75);
#2870 = AXIS2_PLACEMENT_3D('',#2871,#2872,#2873);
#2871 = CARTESIAN_POINT('',(-26.1670705531,1.027166,0.));
#2872 = DIRECTION('',(0.,0.,1.));
#2873 = DIRECTION('',(1.,0.,0.));
#2874 = ORIENTED_EDGE('',*,*,#2875,.F.);
#2875 = EDGE_CURVE('',#300,#2867,#2876,.T.);
#2876 = LINE('',#2877,#2878);
#2877 = CARTESIAN_POINT('',(-26.1670709183,1.777166,14.));
#2878 = VECTOR('',#2879,1.);
#2879 = DIRECTION('',(-0.,-0.,-1.));
#2880 = ORIENTED_EDGE('',*,*,#299,.F.);
#2881 = CYLINDRICAL_SURFACE('',#2882,0.75);
#2882 = AXIS2_PLACEMENT_3D('',#2883,#2884,#2885);
#2883 = CARTESIAN_POINT('',(-26.1670705531,1.027166,14.));
#2884 = DIRECTION('',(0.,0.,1.));
#2885 = DIRECTION('',(1.,0.,0.));
#2886 = ADVANCED_FACE('',(#2887),#2905,.F.);
#2887 = FACE_BOUND('',#2888,.F.);
#2888 = EDGE_LOOP('',(#2889,#2890,#2898,#2904));
#2889 = ORIENTED_EDGE('',*,*,#2850,.T.);
#2890 = ORIENTED_EDGE('',*,*,#2891,.T.);
#2891 = EDGE_CURVE('',#2842,#2892,#2894,.T.);
#2892 = VERTEX_POINT('',#2893);
#2893 = CARTESIAN_POINT('',(-34.1670747549,7.277166,0.));
#2894 = LINE('',#2895,#2896);
#2895 = CARTESIAN_POINT('',(-26.167075,7.277166,0.));
#2896 = VECTOR('',#2897,1.);
#2897 = DIRECTION('',(-1.,0.,0.));
#2898 = ORIENTED_EDGE('',*,*,#2899,.F.);
#2899 = EDGE_CURVE('',#942,#2892,#2900,.T.);
#2900 = LINE('',#2901,#2902);
#2901 = CARTESIAN_POINT('',(-34.1670747549,7.277166,14.));
#2902 = VECTOR('',#2903,1.);
#2903 = DIRECTION('',(-0.,-0.,-1.));
#2904 = ORIENTED_EDGE('',*,*,#950,.F.);
#2905 = PLANE('',#2906);
#2906 = AXIS2_PLACEMENT_3D('',#2907,#2908,#2909);
#2907 = CARTESIAN_POINT('',(-26.167075,7.277166,14.));
#2908 = DIRECTION('',(0.,1.,0.));
#2909 = DIRECTION('',(-1.,0.,0.));
#2910 = ADVANCED_FACE('',(#2911),#2929,.T.);
#2911 = FACE_BOUND('',#2912,.T.);
#2912 = EDGE_LOOP('',(#2913,#2914,#2922,#2928));
#2913 = ORIENTED_EDGE('',*,*,#2875,.T.);
#2914 = ORIENTED_EDGE('',*,*,#2915,.T.);
#2915 = EDGE_CURVE('',#2867,#2916,#2918,.T.);
#2916 = VERTEX_POINT('',#2917);
#2917 = CARTESIAN_POINT('',(-34.1670709183,1.777166,0.));
#2918 = LINE('',#2919,#2920);
#2919 = CARTESIAN_POINT('',(-26.1670709183,1.777166,0.));
#2920 = VECTOR('',#2921,1.);
#2921 = DIRECTION('',(-1.,0.,0.));
#2922 = ORIENTED_EDGE('',*,*,#2923,.F.);
#2923 = EDGE_CURVE('',#309,#2916,#2924,.T.);
#2924 = LINE('',#2925,#2926);
#2925 = CARTESIAN_POINT('',(-34.1670709183,1.777166,14.));
#2926 = VECTOR('',#2927,1.);
#2927 = DIRECTION('',(-0.,-0.,-1.));
#2928 = ORIENTED_EDGE('',*,*,#308,.F.);
#2929 = PLANE('',#2930);
#2930 = AXIS2_PLACEMENT_3D('',#2931,#2932,#2933);
#2931 = CARTESIAN_POINT('',(-26.1670709183,1.777166,14.));
#2932 = DIRECTION('',(0.,1.,0.));
#2933 = DIRECTION('',(-1.,0.,0.));
#2934 = ADVANCED_FACE('',(#2935),#2954,.T.);
#2935 = FACE_BOUND('',#2936,.T.);
#2936 = EDGE_LOOP('',(#2937,#2945,#2952,#2953));
#2937 = ORIENTED_EDGE('',*,*,#2938,.T.);
#2938 = EDGE_CURVE('',#934,#2939,#2941,.T.);
#2939 = VERTEX_POINT('',#2940);
#2940 = CARTESIAN_POINT('',(-34.1670747549,8.777166,0.));
#2941 = LINE('',#2942,#2943);
#2942 = CARTESIAN_POINT('',(-34.1670747549,8.777166,14.));
#2943 = VECTOR('',#2944,1.);
#2944 = DIRECTION('',(-0.,-0.,-1.));
#2945 = ORIENTED_EDGE('',*,*,#2946,.T.);
#2946 = EDGE_CURVE('',#2939,#2892,#2947,.T.);
#2947 = CIRCLE('',#2948,0.75);
#2948 = AXIS2_PLACEMENT_3D('',#2949,#2950,#2951);
#2949 = CARTESIAN_POINT('',(-34.167075,8.027166,0.));
#2950 = DIRECTION('',(0.,0.,1.));
#2951 = DIRECTION('',(1.,0.,0.));
#2952 = ORIENTED_EDGE('',*,*,#2899,.F.);
#2953 = ORIENTED_EDGE('',*,*,#941,.F.);
#2954 = CYLINDRICAL_SURFACE('',#2955,0.75);
#2955 = AXIS2_PLACEMENT_3D('',#2956,#2957,#2958);
#2956 = CARTESIAN_POINT('',(-34.167075,8.027166,14.));
#2957 = DIRECTION('',(0.,0.,1.));
#2958 = DIRECTION('',(1.,0.,0.));
#2959 = ADVANCED_FACE('',(#2960),#2979,.F.);
#2960 = FACE_BOUND('',#2961,.F.);
#2961 = EDGE_LOOP('',(#2962,#2970,#2977,#2978));
#2962 = ORIENTED_EDGE('',*,*,#2963,.T.);
#2963 = EDGE_CURVE('',#317,#2964,#2966,.T.);
#2964 = VERTEX_POINT('',#2965);
#2965 = CARTESIAN_POINT('',(-34.1670708415,2.277166,0.));
#2966 = LINE('',#2967,#2968);
#2967 = CARTESIAN_POINT('',(-34.1670708415,2.277166,14.));
#2968 = VECTOR('',#2969,1.);
#2969 = DIRECTION('',(-0.,-0.,-1.));
#2970 = ORIENTED_EDGE('',*,*,#2971,.T.);
#2971 = EDGE_CURVE('',#2964,#2916,#2972,.T.);
#2972 = CIRCLE('',#2973,0.25);
#2973 = AXIS2_PLACEMENT_3D('',#2974,#2975,#2976);
#2974 = CARTESIAN_POINT('',(-34.1670709232,2.027166,0.));
#2975 = DIRECTION('',(0.,0.,1.));
#2976 = DIRECTION('',(1.,0.,0.));
#2977 = ORIENTED_EDGE('',*,*,#2923,.F.);
#2978 = ORIENTED_EDGE('',*,*,#316,.F.);
#2979 = CYLINDRICAL_SURFACE('',#2980,0.25);
#2980 = AXIS2_PLACEMENT_3D('',#2981,#2982,#2983);
#2981 = CARTESIAN_POINT('',(-34.1670709232,2.027166,14.));
#2982 = DIRECTION('',(0.,0.,1.));
#2983 = DIRECTION('',(1.,0.,0.));
#2984 = ADVANCED_FACE('',(#2985),#3003,.F.);
#2985 = FACE_BOUND('',#2986,.F.);
#2986 = EDGE_LOOP('',(#2987,#2988,#2996,#3002));
#2987 = ORIENTED_EDGE('',*,*,#2938,.T.);
#2988 = ORIENTED_EDGE('',*,*,#2989,.T.);
#2989 = EDGE_CURVE('',#2939,#2990,#2992,.T.);
#2990 = VERTEX_POINT('',#2991);
#2991 = CARTESIAN_POINT('',(-26.16707499509,8.777166,0.));
#2992 = LINE('',#2993,#2994);
#2993 = CARTESIAN_POINT('',(-34.1670747549,8.777166,0.));
#2994 = VECTOR('',#2995,1.);
#2995 = DIRECTION('',(1.,0.,0.));
#2996 = ORIENTED_EDGE('',*,*,#2997,.F.);
#2997 = EDGE_CURVE('',#925,#2990,#2998,.T.);
#2998 = LINE('',#2999,#3000);
#2999 = CARTESIAN_POINT('',(-26.16707499509,8.777166,14.));
#3000 = VECTOR('',#3001,1.);
#3001 = DIRECTION('',(-0.,-0.,-1.));
#3002 = ORIENTED_EDGE('',*,*,#933,.F.);
#3003 = PLANE('',#3004);
#3004 = AXIS2_PLACEMENT_3D('',#3005,#3006,#3007);
#3005 = CARTESIAN_POINT('',(-34.1670747549,8.777166,14.));
#3006 = DIRECTION('',(0.,-1.,0.));
#3007 = DIRECTION('',(1.,0.,0.));
#3008 = ADVANCED_FACE('',(#3009),#3027,.T.);
#3009 = FACE_BOUND('',#3010,.T.);
#3010 = EDGE_LOOP('',(#3011,#3012,#3020,#3026));
#3011 = ORIENTED_EDGE('',*,*,#2963,.T.);
#3012 = ORIENTED_EDGE('',*,*,#3013,.T.);
#3013 = EDGE_CURVE('',#2964,#3014,#3016,.T.);
#3014 = VERTEX_POINT('',#3015);
#3015 = CARTESIAN_POINT('',(-26.1670708415,2.277166,0.));
#3016 = LINE('',#3017,#3018);
#3017 = CARTESIAN_POINT('',(-34.1670708415,2.277166,0.));
#3018 = VECTOR('',#3019,1.);
#3019 = DIRECTION('',(1.,0.,0.));
#3020 = ORIENTED_EDGE('',*,*,#3021,.F.);
#3021 = EDGE_CURVE('',#326,#3014,#3022,.T.);
#3022 = LINE('',#3023,#3024);
#3023 = CARTESIAN_POINT('',(-26.1670708415,2.277166,14.));
#3024 = VECTOR('',#3025,1.);
#3025 = DIRECTION('',(-0.,-0.,-1.));
#3026 = ORIENTED_EDGE('',*,*,#325,.F.);
#3027 = PLANE('',#3028);
#3028 = AXIS2_PLACEMENT_3D('',#3029,#3030,#3031);
#3029 = CARTESIAN_POINT('',(-34.1670708415,2.277166,14.));
#3030 = DIRECTION('',(0.,-1.,0.));
#3031 = DIRECTION('',(1.,0.,0.));
#3032 = ADVANCED_FACE('',(#3033),#3052,.F.);
#3033 = FACE_BOUND('',#3034,.F.);
#3034 = EDGE_LOOP('',(#3035,#3036,#3045,#3051));
#3035 = ORIENTED_EDGE('',*,*,#2997,.T.);
#3036 = ORIENTED_EDGE('',*,*,#3037,.T.);
#3037 = EDGE_CURVE('',#2990,#3038,#3040,.T.);
#3038 = VERTEX_POINT('',#3039);
#3039 = CARTESIAN_POINT('',(-26.167075,9.277166,0.));
#3040 = CIRCLE('',#3041,0.25);
#3041 = AXIS2_PLACEMENT_3D('',#3042,#3043,#3044);
#3042 = CARTESIAN_POINT('',(-26.167075,9.027166,0.));
#3043 = DIRECTION('',(0.,0.,1.));
#3044 = DIRECTION('',(1.,0.,0.));
#3045 = ORIENTED_EDGE('',*,*,#3046,.F.);
#3046 = EDGE_CURVE('',#917,#3038,#3047,.T.);
#3047 = LINE('',#3048,#3049);
#3048 = CARTESIAN_POINT('',(-26.167075,9.277166,14.));
#3049 = VECTOR('',#3050,1.);
#3050 = DIRECTION('',(-0.,-0.,-1.));
#3051 = ORIENTED_EDGE('',*,*,#924,.F.);
#3052 = CYLINDRICAL_SURFACE('',#3053,0.25);
#3053 = AXIS2_PLACEMENT_3D('',#3054,#3055,#3056);
#3054 = CARTESIAN_POINT('',(-26.167075,9.027166,14.));
#3055 = DIRECTION('',(0.,0.,1.));
#3056 = DIRECTION('',(1.,0.,0.));
#3057 = ADVANCED_FACE('',(#3058),#3077,.T.);
#3058 = FACE_BOUND('',#3059,.T.);
#3059 = EDGE_LOOP('',(#3060,#3061,#3070,#3076));
#3060 = ORIENTED_EDGE('',*,*,#3021,.T.);
#3061 = ORIENTED_EDGE('',*,*,#3062,.T.);
#3062 = EDGE_CURVE('',#3014,#3063,#3065,.T.);
#3063 = VERTEX_POINT('',#3064);
#3064 = CARTESIAN_POINT('',(-26.16707131208,3.777166000001,0.));
#3065 = CIRCLE('',#3066,0.75);
#3066 = AXIS2_PLACEMENT_3D('',#3067,#3068,#3069);
#3067 = CARTESIAN_POINT('',(-26.16707094689,3.027166,0.));
#3068 = DIRECTION('',(0.,0.,1.));
#3069 = DIRECTION('',(1.,0.,0.));
#3070 = ORIENTED_EDGE('',*,*,#3071,.F.);
#3071 = EDGE_CURVE('',#334,#3063,#3072,.T.);
#3072 = LINE('',#3073,#3074);
#3073 = CARTESIAN_POINT('',(-26.16707131208,3.777166000001,14.));
#3074 = VECTOR('',#3075,1.);
#3075 = DIRECTION('',(-0.,-0.,-1.));
#3076 = ORIENTED_EDGE('',*,*,#333,.F.);
#3077 = CYLINDRICAL_SURFACE('',#3078,0.75);
#3078 = AXIS2_PLACEMENT_3D('',#3079,#3080,#3081);
#3079 = CARTESIAN_POINT('',(-26.16707094689,3.027166,14.));
#3080 = DIRECTION('',(0.,0.,1.));
#3081 = DIRECTION('',(1.,0.,0.));
#3082 = ADVANCED_FACE('',(#3083),#3101,.T.);
#3083 = FACE_BOUND('',#3084,.T.);
#3084 = EDGE_LOOP('',(#3085,#3093,#3099,#3100));
#3085 = ORIENTED_EDGE('',*,*,#3086,.T.);
#3086 = EDGE_CURVE('',#908,#3087,#3089,.T.);
#3087 = VERTEX_POINT('',#3088);
#3088 = CARTESIAN_POINT('',(-34.16707498528,9.277166,0.));
#3089 = LINE('',#3090,#3091);
#3090 = CARTESIAN_POINT('',(-34.16707498528,9.277166,14.));
#3091 = VECTOR('',#3092,1.);
#3092 = DIRECTION('',(-0.,-0.,-1.));
#3093 = ORIENTED_EDGE('',*,*,#3094,.T.);
#3094 = EDGE_CURVE('',#3087,#3038,#3095,.T.);
#3095 = LINE('',#3096,#3097);
#3096 = CARTESIAN_POINT('',(-34.16707498528,9.277166,0.));
#3097 = VECTOR('',#3098,1.);
#3098 = DIRECTION('',(1.,0.,0.));
#3099 = ORIENTED_EDGE('',*,*,#3046,.F.);
#3100 = ORIENTED_EDGE('',*,*,#916,.F.);
#3101 = PLANE('',#3102);
#3102 = AXIS2_PLACEMENT_3D('',#3103,#3104,#3105);
#3103 = CARTESIAN_POINT('',(-34.16707498528,9.277166,14.));
#3104 = DIRECTION('',(0.,-1.,0.));
#3105 = DIRECTION('',(1.,0.,0.));
#3106 = ADVANCED_FACE('',(#3107),#3125,.T.);
#3107 = FACE_BOUND('',#3108,.T.);
#3108 = EDGE_LOOP('',(#3109,#3110,#3118,#3124));
#3109 = ORIENTED_EDGE('',*,*,#3071,.T.);
#3110 = ORIENTED_EDGE('',*,*,#3111,.T.);
#3111 = EDGE_CURVE('',#3063,#3112,#3114,.T.);
#3112 = VERTEX_POINT('',#3113);
#3113 = CARTESIAN_POINT('',(-34.16707131208,3.777166000001,0.));
#3114 = LINE('',#3115,#3116);
#3115 = CARTESIAN_POINT('',(-26.16707131208,3.777166000001,0.));
#3116 = VECTOR('',#3117,1.);
#3117 = DIRECTION('',(-1.,0.,0.));
#3118 = ORIENTED_EDGE('',*,*,#3119,.F.);
#3119 = EDGE_CURVE('',#343,#3112,#3120,.T.);
#3120 = LINE('',#3121,#3122);
#3121 = CARTESIAN_POINT('',(-34.16707131208,3.777166000001,14.));
#3122 = VECTOR('',#3123,1.);
#3123 = DIRECTION('',(-0.,-0.,-1.));
#3124 = ORIENTED_EDGE('',*,*,#342,.F.);
#3125 = PLANE('',#3126);
#3126 = AXIS2_PLACEMENT_3D('',#3127,#3128,#3129);
#3127 = CARTESIAN_POINT('',(-26.16707131208,3.777166000001,14.));
#3128 = DIRECTION('',(0.,1.,0.));
#3129 = DIRECTION('',(-1.,0.,0.));
#3130 = ADVANCED_FACE('',(#3131),#3150,.T.);
#3131 = FACE_BOUND('',#3132,.T.);
#3132 = EDGE_LOOP('',(#3133,#3141,#3148,#3149));
#3133 = ORIENTED_EDGE('',*,*,#3134,.T.);
#3134 = EDGE_CURVE('',#900,#3135,#3137,.T.);
#3135 = VERTEX_POINT('',#3136);
#3136 = CARTESIAN_POINT('',(-34.167076,10.777166,0.));
#3137 = LINE('',#3138,#3139);
#3138 = CARTESIAN_POINT('',(-34.167076,10.777166,14.));
#3139 = VECTOR('',#3140,1.);
#3140 = DIRECTION('',(-0.,-0.,-1.));
#3141 = ORIENTED_EDGE('',*,*,#3142,.T.);
#3142 = EDGE_CURVE('',#3135,#3087,#3143,.T.);
#3143 = CIRCLE('',#3144,0.75);
#3144 = AXIS2_PLACEMENT_3D('',#3145,#3146,#3147);
#3145 = CARTESIAN_POINT('',(-34.16707562254,10.027166,0.));
#3146 = DIRECTION('',(0.,0.,1.));
#3147 = DIRECTION('',(1.,0.,0.));
#3148 = ORIENTED_EDGE('',*,*,#3086,.F.);
#3149 = ORIENTED_EDGE('',*,*,#907,.F.);
#3150 = CYLINDRICAL_SURFACE('',#3151,0.75);
#3151 = AXIS2_PLACEMENT_3D('',#3152,#3153,#3154);
#3152 = CARTESIAN_POINT('',(-34.16707562254,10.027166,14.));
#3153 = DIRECTION('',(0.,0.,1.));
#3154 = DIRECTION('',(1.,0.,0.));
#3155 = ADVANCED_FACE('',(#3156),#3175,.F.);
#3156 = FACE_BOUND('',#3157,.F.);
#3157 = EDGE_LOOP('',(#3158,#3166,#3173,#3174));
#3158 = ORIENTED_EDGE('',*,*,#3159,.T.);
#3159 = EDGE_CURVE('',#351,#3160,#3162,.T.);
#3160 = VERTEX_POINT('',#3161);
#3161 = CARTESIAN_POINT('',(-34.16707123528,4.277166000002,0.));
#3162 = LINE('',#3163,#3164);
#3163 = CARTESIAN_POINT('',(-34.16707123528,4.277166000002,14.));
#3164 = VECTOR('',#3165,1.);
#3165 = DIRECTION('',(-0.,-0.,-1.));
#3166 = ORIENTED_EDGE('',*,*,#3167,.T.);
#3167 = EDGE_CURVE('',#3160,#3112,#3168,.T.);
#3168 = CIRCLE('',#3169,0.250000000001);
#3169 = AXIS2_PLACEMENT_3D('',#3170,#3171,#3172);
#3170 = CARTESIAN_POINT('',(-34.16707131698,4.027166000001,0.));
#3171 = DIRECTION('',(0.,0.,1.));
#3172 = DIRECTION('',(1.,0.,0.));
#3173 = ORIENTED_EDGE('',*,*,#3119,.F.);
#3174 = ORIENTED_EDGE('',*,*,#350,.F.);
#3175 = CYLINDRICAL_SURFACE('',#3176,0.250000000001);
#3176 = AXIS2_PLACEMENT_3D('',#3177,#3178,#3179);
#3177 = CARTESIAN_POINT('',(-34.16707131698,4.027166000001,14.));
#3178 = DIRECTION('',(0.,0.,1.));
#3179 = DIRECTION('',(1.,0.,0.));
#3180 = ADVANCED_FACE('',(#3181),#3199,.F.);
#3181 = FACE_BOUND('',#3182,.F.);
#3182 = EDGE_LOOP('',(#3183,#3184,#3192,#3198));
#3183 = ORIENTED_EDGE('',*,*,#3134,.T.);
#3184 = ORIENTED_EDGE('',*,*,#3185,.T.);
#3185 = EDGE_CURVE('',#3135,#3186,#3188,.T.);
#3186 = VERTEX_POINT('',#3187);
#3187 = CARTESIAN_POINT('',(-26.167075,10.777166,0.));
#3188 = LINE('',#3189,#3190);
#3189 = CARTESIAN_POINT('',(-34.167076,10.777166,0.));
#3190 = VECTOR('',#3191,1.);
#3191 = DIRECTION('',(1.,0.,0.));
#3192 = ORIENTED_EDGE('',*,*,#3193,.F.);
#3193 = EDGE_CURVE('',#891,#3186,#3194,.T.);
#3194 = LINE('',#3195,#3196);
#3195 = CARTESIAN_POINT('',(-26.167075,10.777166,14.));
#3196 = VECTOR('',#3197,1.);
#3197 = DIRECTION('',(-0.,-0.,-1.));
#3198 = ORIENTED_EDGE('',*,*,#899,.F.);
#3199 = PLANE('',#3200);
#3200 = AXIS2_PLACEMENT_3D('',#3201,#3202,#3203);
#3201 = CARTESIAN_POINT('',(-34.167076,10.777166,14.));
#3202 = DIRECTION('',(0.,-1.,0.));
#3203 = DIRECTION('',(1.,0.,0.));
#3204 = ADVANCED_FACE('',(#3205),#3223,.T.);
#3205 = FACE_BOUND('',#3206,.T.);
#3206 = EDGE_LOOP('',(#3207,#3208,#3216,#3222));
#3207 = ORIENTED_EDGE('',*,*,#3159,.T.);
#3208 = ORIENTED_EDGE('',*,*,#3209,.T.);
#3209 = EDGE_CURVE('',#3160,#3210,#3212,.T.);
#3210 = VERTEX_POINT('',#3211);
#3211 = CARTESIAN_POINT('',(-26.16707123528,4.277166000002,0.));
#3212 = LINE('',#3213,#3214);
#3213 = CARTESIAN_POINT('',(-34.16707123528,4.277166000002,0.));
#3214 = VECTOR('',#3215,1.);
#3215 = DIRECTION('',(1.,0.,0.));
#3216 = ORIENTED_EDGE('',*,*,#3217,.F.);
#3217 = EDGE_CURVE('',#360,#3210,#3218,.T.);
#3218 = LINE('',#3219,#3220);
#3219 = CARTESIAN_POINT('',(-26.16707123528,4.277166000002,14.));
#3220 = VECTOR('',#3221,1.);
#3221 = DIRECTION('',(-0.,-0.,-1.));
#3222 = ORIENTED_EDGE('',*,*,#359,.F.);
#3223 = PLANE('',#3224);
#3224 = AXIS2_PLACEMENT_3D('',#3225,#3226,#3227);
#3225 = CARTESIAN_POINT('',(-34.16707123528,4.277166000002,14.));
#3226 = DIRECTION('',(0.,-1.,0.));
#3227 = DIRECTION('',(1.,0.,0.));
#3228 = ADVANCED_FACE('',(#3229),#3248,.F.);
#3229 = FACE_BOUND('',#3230,.F.);
#3230 = EDGE_LOOP('',(#3231,#3232,#3241,#3247));
#3231 = ORIENTED_EDGE('',*,*,#3193,.T.);
#3232 = ORIENTED_EDGE('',*,*,#3233,.T.);
#3233 = EDGE_CURVE('',#3186,#3234,#3236,.T.);
#3234 = VERTEX_POINT('',#3235);
#3235 = CARTESIAN_POINT('',(-26.16707509641,11.277166,0.));
#3236 = CIRCLE('',#3237,0.25);
#3237 = AXIS2_PLACEMENT_3D('',#3238,#3239,#3240);
#3238 = CARTESIAN_POINT('',(-26.1670750049,11.027166,0.));
#3239 = DIRECTION('',(0.,0.,1.));
#3240 = DIRECTION('',(1.,0.,0.));
#3241 = ORIENTED_EDGE('',*,*,#3242,.F.);
#3242 = EDGE_CURVE('',#883,#3234,#3243,.T.);
#3243 = LINE('',#3244,#3245);
#3244 = CARTESIAN_POINT('',(-26.16707509641,11.277166,14.));
#3245 = VECTOR('',#3246,1.);
#3246 = DIRECTION('',(-0.,-0.,-1.));
#3247 = ORIENTED_EDGE('',*,*,#890,.F.);
#3248 = CYLINDRICAL_SURFACE('',#3249,0.25);
#3249 = AXIS2_PLACEMENT_3D('',#3250,#3251,#3252);
#3250 = CARTESIAN_POINT('',(-26.1670750049,11.027166,14.));
#3251 = DIRECTION('',(0.,0.,1.));
#3252 = DIRECTION('',(1.,0.,0.));
#3253 = ADVANCED_FACE('',(#3254),#3273,.T.);
#3254 = FACE_BOUND('',#3255,.T.);
#3255 = EDGE_LOOP('',(#3256,#3257,#3266,#3272));
#3256 = ORIENTED_EDGE('',*,*,#3217,.T.);
#3257 = ORIENTED_EDGE('',*,*,#3258,.T.);
#3258 = EDGE_CURVE('',#3210,#3259,#3261,.T.);
#3259 = VERTEX_POINT('',#3260);
#3260 = CARTESIAN_POINT('',(-26.16707388616,5.777166,0.));
#3261 = CIRCLE('',#3262,0.75);
#3262 = AXIS2_PLACEMENT_3D('',#3263,#3264,#3265);
#3263 = CARTESIAN_POINT('',(-26.16707243082,5.027166000001,0.));
#3264 = DIRECTION('',(0.,0.,1.));
#3265 = DIRECTION('',(1.,0.,0.));
#3266 = ORIENTED_EDGE('',*,*,#3267,.F.);
#3267 = EDGE_CURVE('',#368,#3259,#3268,.T.);
#3268 = LINE('',#3269,#3270);
#3269 = CARTESIAN_POINT('',(-26.16707388616,5.777166,14.));
#3270 = VECTOR('',#3271,1.);
#3271 = DIRECTION('',(-0.,-0.,-1.));
#3272 = ORIENTED_EDGE('',*,*,#367,.F.);
#3273 = CYLINDRICAL_SURFACE('',#3274,0.75);
#3274 = AXIS2_PLACEMENT_3D('',#3275,#3276,#3277);
#3275 = CARTESIAN_POINT('',(-26.16707243082,5.027166000001,14.));
#3276 = DIRECTION('',(0.,0.,1.));
#3277 = DIRECTION('',(1.,0.,0.));
#3278 = ADVANCED_FACE('',(#3279),#3297,.T.);
#3279 = FACE_BOUND('',#3280,.T.);
#3280 = EDGE_LOOP('',(#3281,#3289,#3295,#3296));
#3281 = ORIENTED_EDGE('',*,*,#3282,.T.);
#3282 = EDGE_CURVE('',#874,#3283,#3285,.T.);
#3283 = VERTEX_POINT('',#3284);
#3284 = CARTESIAN_POINT('',(-34.1670747549,11.277166,0.));
#3285 = LINE('',#3286,#3287);
#3286 = CARTESIAN_POINT('',(-34.1670747549,11.277166,14.));
#3287 = VECTOR('',#3288,1.);
#3288 = DIRECTION('',(-0.,-0.,-1.));
#3289 = ORIENTED_EDGE('',*,*,#3290,.T.);
#3290 = EDGE_CURVE('',#3283,#3234,#3291,.T.);
#3291 = LINE('',#3292,#3293);
#3292 = CARTESIAN_POINT('',(-34.1670747549,11.277166,0.));
#3293 = VECTOR('',#3294,1.);
#3294 = DIRECTION('',(1.,0.,0.));
#3295 = ORIENTED_EDGE('',*,*,#3242,.F.);
#3296 = ORIENTED_EDGE('',*,*,#882,.F.);
#3297 = PLANE('',#3298);
#3298 = AXIS2_PLACEMENT_3D('',#3299,#3300,#3301);
#3299 = CARTESIAN_POINT('',(-34.1670747549,11.277166,14.));
#3300 = DIRECTION('',(0.,-1.,0.));
#3301 = DIRECTION('',(1.,0.,0.));
#3302 = ADVANCED_FACE('',(#3303),#3321,.T.);
#3303 = FACE_BOUND('',#3304,.T.);
#3304 = EDGE_LOOP('',(#3305,#3306,#3314,#3320));
#3305 = ORIENTED_EDGE('',*,*,#3267,.T.);
#3306 = ORIENTED_EDGE('',*,*,#3307,.T.);
#3307 = EDGE_CURVE('',#3259,#3308,#3310,.T.);
#3308 = VERTEX_POINT('',#3309);
#3309 = CARTESIAN_POINT('',(-34.16707388616,5.777166,0.));
#3310 = LINE('',#3311,#3312);
#3311 = CARTESIAN_POINT('',(-26.16707388616,5.777166,0.));
#3312 = VECTOR('',#3313,1.);
#3313 = DIRECTION('',(-1.,0.,0.));
#3314 = ORIENTED_EDGE('',*,*,#3315,.F.);
#3315 = EDGE_CURVE('',#377,#3308,#3316,.T.);
#3316 = LINE('',#3317,#3318);
#3317 = CARTESIAN_POINT('',(-34.16707388616,5.777166,14.));
#3318 = VECTOR('',#3319,1.);
#3319 = DIRECTION('',(-0.,-0.,-1.));
#3320 = ORIENTED_EDGE('',*,*,#376,.F.);
#3321 = PLANE('',#3322);
#3322 = AXIS2_PLACEMENT_3D('',#3323,#3324,#3325);
#3323 = CARTESIAN_POINT('',(-26.16707388616,5.777166,14.));
#3324 = DIRECTION('',(0.,1.,0.));
#3325 = DIRECTION('',(-1.,0.,0.));
#3326 = ADVANCED_FACE('',(#3327),#3346,.T.);
#3327 = FACE_BOUND('',#3328,.T.);
#3328 = EDGE_LOOP('',(#3329,#3337,#3344,#3345));
#3329 = ORIENTED_EDGE('',*,*,#3330,.T.);
#3330 = EDGE_CURVE('',#866,#3331,#3333,.T.);
#3331 = VERTEX_POINT('',#3332);
#3332 = CARTESIAN_POINT('',(-34.1670747549,12.777166,0.));
#3333 = LINE('',#3334,#3335);
#3334 = CARTESIAN_POINT('',(-34.1670747549,12.777166,14.));
#3335 = VECTOR('',#3336,1.);
#3336 = DIRECTION('',(-0.,-0.,-1.));
#3337 = ORIENTED_EDGE('',*,*,#3338,.T.);
#3338 = EDGE_CURVE('',#3331,#3283,#3339,.T.);
#3339 = CIRCLE('',#3340,0.75);
#3340 = AXIS2_PLACEMENT_3D('',#3341,#3342,#3343);
#3341 = CARTESIAN_POINT('',(-34.167075,12.027166,0.));
#3342 = DIRECTION('',(0.,0.,1.));
#3343 = DIRECTION('',(1.,0.,0.));
#3344 = ORIENTED_EDGE('',*,*,#3282,.F.);
#3345 = ORIENTED_EDGE('',*,*,#873,.F.);
#3346 = CYLINDRICAL_SURFACE('',#3347,0.75);
#3347 = AXIS2_PLACEMENT_3D('',#3348,#3349,#3350);
#3348 = CARTESIAN_POINT('',(-34.167075,12.027166,14.));
#3349 = DIRECTION('',(0.,0.,1.));
#3350 = DIRECTION('',(1.,0.,0.));
#3351 = ADVANCED_FACE('',(#3352),#3371,.F.);
#3352 = FACE_BOUND('',#3353,.F.);
#3353 = EDGE_LOOP('',(#3354,#3362,#3369,#3370));
#3354 = ORIENTED_EDGE('',*,*,#3355,.T.);
#3355 = EDGE_CURVE('',#385,#3356,#3358,.T.);
#3356 = VERTEX_POINT('',#3357);
#3357 = CARTESIAN_POINT('',(-34.16707380937,6.277166,0.));
#3358 = LINE('',#3359,#3360);
#3359 = CARTESIAN_POINT('',(-34.16707380937,6.277166,14.));
#3360 = VECTOR('',#3361,1.);
#3361 = DIRECTION('',(-0.,-0.,-1.));
#3362 = ORIENTED_EDGE('',*,*,#3363,.T.);
#3363 = EDGE_CURVE('',#3356,#3308,#3364,.T.);
#3364 = CIRCLE('',#3365,0.25);
#3365 = AXIS2_PLACEMENT_3D('',#3366,#3367,#3368);
#3366 = CARTESIAN_POINT('',(-34.16707389106,6.027166,0.));
#3367 = DIRECTION('',(0.,0.,1.));
#3368 = DIRECTION('',(1.,0.,0.));
#3369 = ORIENTED_EDGE('',*,*,#3315,.F.);
#3370 = ORIENTED_EDGE('',*,*,#384,.F.);
#3371 = CYLINDRICAL_SURFACE('',#3372,0.25);
#3372 = AXIS2_PLACEMENT_3D('',#3373,#3374,#3375);
#3373 = CARTESIAN_POINT('',(-34.16707389106,6.027166,14.));
#3374 = DIRECTION('',(0.,0.,1.));
#3375 = DIRECTION('',(1.,0.,0.));
#3376 = ADVANCED_FACE('',(#3377),#3395,.F.);
#3377 = FACE_BOUND('',#3378,.F.);
#3378 = EDGE_LOOP('',(#3379,#3380,#3388,#3394));
#3379 = ORIENTED_EDGE('',*,*,#3330,.T.);
#3380 = ORIENTED_EDGE('',*,*,#3381,.T.);
#3381 = EDGE_CURVE('',#3331,#3382,#3384,.T.);
#3382 = VERTEX_POINT('',#3383);
#3383 = CARTESIAN_POINT('',(-26.167075,12.777166,0.));
#3384 = LINE('',#3385,#3386);
#3385 = CARTESIAN_POINT('',(-34.1670747549,12.777166,0.));
#3386 = VECTOR('',#3387,1.);
#3387 = DIRECTION('',(1.,0.,0.));
#3388 = ORIENTED_EDGE('',*,*,#3389,.F.);
#3389 = EDGE_CURVE('',#857,#3382,#3390,.T.);
#3390 = LINE('',#3391,#3392);
#3391 = CARTESIAN_POINT('',(-26.167075,12.777166,14.));
#3392 = VECTOR('',#3393,1.);
#3393 = DIRECTION('',(-0.,-0.,-1.));
#3394 = ORIENTED_EDGE('',*,*,#865,.F.);
#3395 = PLANE('',#3396);
#3396 = AXIS2_PLACEMENT_3D('',#3397,#3398,#3399);
#3397 = CARTESIAN_POINT('',(-34.1670747549,12.777166,14.));
#3398 = DIRECTION('',(0.,-1.,0.));
#3399 = DIRECTION('',(1.,0.,0.));
#3400 = ADVANCED_FACE('',(#3401),#3419,.T.);
#3401 = FACE_BOUND('',#3402,.T.);
#3402 = EDGE_LOOP('',(#3403,#3404,#3412,#3418));
#3403 = ORIENTED_EDGE('',*,*,#3355,.T.);
#3404 = ORIENTED_EDGE('',*,*,#3405,.T.);
#3405 = EDGE_CURVE('',#3356,#3406,#3408,.T.);
#3406 = VERTEX_POINT('',#3407);
#3407 = CARTESIAN_POINT('',(-26.16707380937,6.277166,0.));
#3408 = LINE('',#3409,#3410);
#3409 = CARTESIAN_POINT('',(-34.16707380937,6.277166,0.));
#3410 = VECTOR('',#3411,1.);
#3411 = DIRECTION('',(1.,0.,0.));
#3412 = ORIENTED_EDGE('',*,*,#3413,.F.);
#3413 = EDGE_CURVE('',#394,#3406,#3414,.T.);
#3414 = LINE('',#3415,#3416);
#3415 = CARTESIAN_POINT('',(-26.16707380937,6.277166,14.));
#3416 = VECTOR('',#3417,1.);
#3417 = DIRECTION('',(-0.,-0.,-1.));
#3418 = ORIENTED_EDGE('',*,*,#393,.F.);
#3419 = PLANE('',#3420);
#3420 = AXIS2_PLACEMENT_3D('',#3421,#3422,#3423);
#3421 = CARTESIAN_POINT('',(-34.16707380937,6.277166,14.));
#3422 = DIRECTION('',(0.,-1.,0.));
#3423 = DIRECTION('',(1.,0.,0.));
#3424 = ADVANCED_FACE('',(#3425),#3444,.F.);
#3425 = FACE_BOUND('',#3426,.F.);
#3426 = EDGE_LOOP('',(#3427,#3428,#3437,#3443));
#3427 = ORIENTED_EDGE('',*,*,#3389,.T.);
#3428 = ORIENTED_EDGE('',*,*,#3429,.T.);
#3429 = EDGE_CURVE('',#3382,#3430,#3432,.T.);
#3430 = VERTEX_POINT('',#3431);
#3431 = CARTESIAN_POINT('',(-26.167075,13.277166,0.));
#3432 = CIRCLE('',#3433,0.25);
#3433 = AXIS2_PLACEMENT_3D('',#3434,#3435,#3436);
#3434 = CARTESIAN_POINT('',(-26.167075,13.027166,0.));
#3435 = DIRECTION('',(0.,0.,1.));
#3436 = DIRECTION('',(1.,0.,0.));
#3437 = ORIENTED_EDGE('',*,*,#3438,.F.);
#3438 = EDGE_CURVE('',#849,#3430,#3439,.T.);
#3439 = LINE('',#3440,#3441);
#3440 = CARTESIAN_POINT('',(-26.167075,13.277166,14.));
#3441 = VECTOR('',#3442,1.);
#3442 = DIRECTION('',(-0.,-0.,-1.));
#3443 = ORIENTED_EDGE('',*,*,#856,.F.);
#3444 = CYLINDRICAL_SURFACE('',#3445,0.25);
#3445 = AXIS2_PLACEMENT_3D('',#3446,#3447,#3448);
#3446 = CARTESIAN_POINT('',(-26.167075,13.027166,14.));
#3447 = DIRECTION('',(0.,0.,1.));
#3448 = DIRECTION('',(1.,0.,0.));
#3449 = ADVANCED_FACE('',(#3450),#3469,.T.);
#3450 = FACE_BOUND('',#3451,.T.);
#3451 = EDGE_LOOP('',(#3452,#3453,#3462,#3468));
#3452 = ORIENTED_EDGE('',*,*,#3413,.T.);
#3453 = ORIENTED_EDGE('',*,*,#3454,.T.);
#3454 = EDGE_CURVE('',#3406,#3455,#3457,.T.);
#3455 = VERTEX_POINT('',#3456);
#3456 = CARTESIAN_POINT('',(-26.167075,7.777166,0.));
#3457 = CIRCLE('',#3458,0.75);
#3458 = AXIS2_PLACEMENT_3D('',#3459,#3460,#3461);
#3459 = CARTESIAN_POINT('',(-26.16707427478,7.027166,0.));
#3460 = DIRECTION('',(0.,0.,1.));
#3461 = DIRECTION('',(1.,0.,0.));
#3462 = ORIENTED_EDGE('',*,*,#3463,.F.);
#3463 = EDGE_CURVE('',#402,#3455,#3464,.T.);
#3464 = LINE('',#3465,#3466);
#3465 = CARTESIAN_POINT('',(-26.167075,7.777166,14.));
#3466 = VECTOR('',#3467,1.);
#3467 = DIRECTION('',(-0.,-0.,-1.));
#3468 = ORIENTED_EDGE('',*,*,#401,.F.);
#3469 = CYLINDRICAL_SURFACE('',#3470,0.75);
#3470 = AXIS2_PLACEMENT_3D('',#3471,#3472,#3473);
#3471 = CARTESIAN_POINT('',(-26.16707427478,7.027166,14.));
#3472 = DIRECTION('',(0.,0.,1.));
#3473 = DIRECTION('',(1.,0.,0.));
#3474 = ADVANCED_FACE('',(#3475),#3493,.T.);
#3475 = FACE_BOUND('',#3476,.T.);
#3476 = EDGE_LOOP('',(#3477,#3485,#3491,#3492));
#3477 = ORIENTED_EDGE('',*,*,#3478,.T.);
#3478 = EDGE_CURVE('',#840,#3479,#3481,.T.);
#3479 = VERTEX_POINT('',#3480);
#3480 = CARTESIAN_POINT('',(-34.167074875,13.277166,0.));
#3481 = LINE('',#3482,#3483);
#3482 = CARTESIAN_POINT('',(-34.167074875,13.277166,14.));
#3483 = VECTOR('',#3484,1.);
#3484 = DIRECTION('',(-0.,-0.,-1.));
#3485 = ORIENTED_EDGE('',*,*,#3486,.T.);
#3486 = EDGE_CURVE('',#3479,#3430,#3487,.T.);
#3487 = LINE('',#3488,#3489);
#3488 = CARTESIAN_POINT('',(-34.167074875,13.277166,0.));
#3489 = VECTOR('',#3490,1.);
#3490 = DIRECTION('',(1.,0.,0.));
#3491 = ORIENTED_EDGE('',*,*,#3438,.F.);
#3492 = ORIENTED_EDGE('',*,*,#848,.F.);
#3493 = PLANE('',#3494);
#3494 = AXIS2_PLACEMENT_3D('',#3495,#3496,#3497);
#3495 = CARTESIAN_POINT('',(-34.167074875,13.277166,14.));
#3496 = DIRECTION('',(0.,-1.,0.));
#3497 = DIRECTION('',(1.,0.,0.));
#3498 = ADVANCED_FACE('',(#3499),#3517,.F.);
#3499 = FACE_BOUND('',#3500,.F.);
#3500 = EDGE_LOOP('',(#3501,#3509,#3515,#3516));
#3501 = ORIENTED_EDGE('',*,*,#3502,.T.);
#3502 = EDGE_CURVE('',#411,#3503,#3505,.T.);
#3503 = VERTEX_POINT('',#3504);
#3504 = CARTESIAN_POINT('',(-34.16707499509,7.777166,0.));
#3505 = LINE('',#3506,#3507);
#3506 = CARTESIAN_POINT('',(-34.16707499509,7.777166,14.));
#3507 = VECTOR('',#3508,1.);
#3508 = DIRECTION('',(-0.,-0.,-1.));
#3509 = ORIENTED_EDGE('',*,*,#3510,.T.);
#3510 = EDGE_CURVE('',#3503,#3455,#3511,.T.);
#3511 = LINE('',#3512,#3513);
#3512 = CARTESIAN_POINT('',(-34.16707499509,7.777166,0.));
#3513 = VECTOR('',#3514,1.);
#3514 = DIRECTION('',(1.,0.,0.));
#3515 = ORIENTED_EDGE('',*,*,#3463,.F.);
#3516 = ORIENTED_EDGE('',*,*,#410,.F.);
#3517 = PLANE('',#3518);
#3518 = AXIS2_PLACEMENT_3D('',#3519,#3520,#3521);
#3519 = CARTESIAN_POINT('',(-34.16707499509,7.777166,14.));
#3520 = DIRECTION('',(0.,-1.,0.));
#3521 = DIRECTION('',(1.,0.,0.));
#3522 = ADVANCED_FACE('',(#3523),#3542,.T.);
#3523 = FACE_BOUND('',#3524,.T.);
#3524 = EDGE_LOOP('',(#3525,#3533,#3540,#3541));
#3525 = ORIENTED_EDGE('',*,*,#3526,.T.);
#3526 = EDGE_CURVE('',#832,#3527,#3529,.T.);
#3527 = VERTEX_POINT('',#3528);
#3528 = CARTESIAN_POINT('',(-34.167074875,14.777166,0.));
#3529 = LINE('',#3530,#3531);
#3530 = CARTESIAN_POINT('',(-34.167074875,14.777166,14.));
#3531 = VECTOR('',#3532,1.);
#3532 = DIRECTION('',(-0.,-0.,-1.));
#3533 = ORIENTED_EDGE('',*,*,#3534,.T.);
#3534 = EDGE_CURVE('',#3527,#3479,#3535,.T.);
#3535 = CIRCLE('',#3536,0.75);
#3536 = AXIS2_PLACEMENT_3D('',#3537,#3538,#3539);
#3537 = CARTESIAN_POINT('',(-34.167074875,14.027166,0.));
#3538 = DIRECTION('',(0.,0.,1.));
#3539 = DIRECTION('',(1.,0.,0.));
#3540 = ORIENTED_EDGE('',*,*,#3478,.F.);
#3541 = ORIENTED_EDGE('',*,*,#839,.F.);
#3542 = CYLINDRICAL_SURFACE('',#3543,0.75);
#3543 = AXIS2_PLACEMENT_3D('',#3544,#3545,#3546);
#3544 = CARTESIAN_POINT('',(-34.167074875,14.027166,14.));
#3545 = DIRECTION('',(0.,0.,1.));
#3546 = DIRECTION('',(1.,0.,0.));
#3547 = ADVANCED_FACE('',(#3548),#3567,.F.);
#3548 = FACE_BOUND('',#3549,.F.);
#3549 = EDGE_LOOP('',(#3550,#3558,#3565,#3566));
#3550 = ORIENTED_EDGE('',*,*,#3551,.T.);
#3551 = EDGE_CURVE('',#419,#3552,#3554,.T.);
#3552 = VERTEX_POINT('',#3553);
#3553 = CARTESIAN_POINT('',(-34.1670749183,8.277166,0.));
#3554 = LINE('',#3555,#3556);
#3555 = CARTESIAN_POINT('',(-34.1670749183,8.277166,14.));
#3556 = VECTOR('',#3557,1.);
#3557 = DIRECTION('',(-0.,-0.,-1.));
#3558 = ORIENTED_EDGE('',*,*,#3559,.T.);
#3559 = EDGE_CURVE('',#3552,#3503,#3560,.T.);
#3560 = CIRCLE('',#3561,0.25);
#3561 = AXIS2_PLACEMENT_3D('',#3562,#3563,#3564);
#3562 = CARTESIAN_POINT('',(-34.167075,8.027166,0.));
#3563 = DIRECTION('',(0.,0.,1.));
#3564 = DIRECTION('',(1.,0.,0.));
#3565 = ORIENTED_EDGE('',*,*,#3502,.F.);
#3566 = ORIENTED_EDGE('',*,*,#418,.F.);
#3567 = CYLINDRICAL_SURFACE('',#3568,0.25);
#3568 = AXIS2_PLACEMENT_3D('',#3569,#3570,#3571);
#3569 = CARTESIAN_POINT('',(-34.167075,8.027166,14.));
#3570 = DIRECTION('',(0.,0.,1.));
#3571 = DIRECTION('',(1.,0.,0.));
#3572 = ADVANCED_FACE('',(#3573),#3591,.F.);
#3573 = FACE_BOUND('',#3574,.F.);
#3574 = EDGE_LOOP('',(#3575,#3576,#3584,#3590));
#3575 = ORIENTED_EDGE('',*,*,#3526,.T.);
#3576 = ORIENTED_EDGE('',*,*,#3577,.T.);
#3577 = EDGE_CURVE('',#3527,#3578,#3580,.T.);
#3578 = VERTEX_POINT('',#3579);
#3579 = CARTESIAN_POINT('',(-26.16707526961,14.777166,0.));
#3580 = LINE('',#3581,#3582);
#3581 = CARTESIAN_POINT('',(-34.167074875,14.777166,0.));
#3582 = VECTOR('',#3583,1.);
#3583 = DIRECTION('',(1.,0.,0.));
#3584 = ORIENTED_EDGE('',*,*,#3585,.F.);
#3585 = EDGE_CURVE('',#823,#3578,#3586,.T.);
#3586 = LINE('',#3587,#3588);
#3587 = CARTESIAN_POINT('',(-26.16707526961,14.777166,14.));
#3588 = VECTOR('',#3589,1.);
#3589 = DIRECTION('',(-0.,-0.,-1.));
#3590 = ORIENTED_EDGE('',*,*,#831,.F.);
#3591 = PLANE('',#3592);
#3592 = AXIS2_PLACEMENT_3D('',#3593,#3594,#3595);
#3593 = CARTESIAN_POINT('',(-34.167074875,14.777166,14.));
#3594 = DIRECTION('',(0.,-1.,0.));
#3595 = DIRECTION('',(1.,0.,0.));
#3596 = ADVANCED_FACE('',(#3597),#3615,.T.);
#3597 = FACE_BOUND('',#3598,.T.);
#3598 = EDGE_LOOP('',(#3599,#3600,#3608,#3614));
#3599 = ORIENTED_EDGE('',*,*,#3551,.T.);
#3600 = ORIENTED_EDGE('',*,*,#3601,.T.);
#3601 = EDGE_CURVE('',#3552,#3602,#3604,.T.);
#3602 = VERTEX_POINT('',#3603);
#3603 = CARTESIAN_POINT('',(-26.16707499509,8.277166,0.));
#3604 = LINE('',#3605,#3606);
#3605 = CARTESIAN_POINT('',(-34.1670749183,8.277166,0.));
#3606 = VECTOR('',#3607,1.);
#3607 = DIRECTION('',(1.,0.,0.));
#3608 = ORIENTED_EDGE('',*,*,#3609,.F.);
#3609 = EDGE_CURVE('',#428,#3602,#3610,.T.);
#3610 = LINE('',#3611,#3612);
#3611 = CARTESIAN_POINT('',(-26.16707499509,8.277166,14.));
#3612 = VECTOR('',#3613,1.);
#3613 = DIRECTION('',(-0.,-0.,-1.));
#3614 = ORIENTED_EDGE('',*,*,#427,.F.);
#3615 = PLANE('',#3616);
#3616 = AXIS2_PLACEMENT_3D('',#3617,#3618,#3619);
#3617 = CARTESIAN_POINT('',(-34.1670749183,8.277166,14.));
#3618 = DIRECTION('',(0.,-1.,0.));
#3619 = DIRECTION('',(1.,0.,0.));
#3620 = ADVANCED_FACE('',(#3621),#3640,.F.);
#3621 = FACE_BOUND('',#3622,.F.);
#3622 = EDGE_LOOP('',(#3623,#3624,#3633,#3639));
#3623 = ORIENTED_EDGE('',*,*,#3585,.T.);
#3624 = ORIENTED_EDGE('',*,*,#3625,.T.);
#3625 = EDGE_CURVE('',#3578,#3626,#3628,.T.);
#3626 = VERTEX_POINT('',#3627);
#3627 = CARTESIAN_POINT('',(-26.16707527451,15.277166,0.));
#3628 = CIRCLE('',#3629,0.25);
#3629 = AXIS2_PLACEMENT_3D('',#3630,#3631,#3632);
#3630 = CARTESIAN_POINT('',(-26.16707527451,15.027166,0.));
#3631 = DIRECTION('',(0.,0.,1.));
#3632 = DIRECTION('',(1.,0.,0.));
#3633 = ORIENTED_EDGE('',*,*,#3634,.F.);
#3634 = EDGE_CURVE('',#815,#3626,#3635,.T.);
#3635 = LINE('',#3636,#3637);
#3636 = CARTESIAN_POINT('',(-26.16707527451,15.277166,14.));
#3637 = VECTOR('',#3638,1.);
#3638 = DIRECTION('',(-0.,-0.,-1.));
#3639 = ORIENTED_EDGE('',*,*,#822,.F.);
#3640 = CYLINDRICAL_SURFACE('',#3641,0.25);
#3641 = AXIS2_PLACEMENT_3D('',#3642,#3643,#3644);
#3642 = CARTESIAN_POINT('',(-26.16707527451,15.027166,14.));
#3643 = DIRECTION('',(0.,0.,1.));
#3644 = DIRECTION('',(1.,0.,0.));
#3645 = ADVANCED_FACE('',(#3646),#3665,.T.);
#3646 = FACE_BOUND('',#3647,.T.);
#3647 = EDGE_LOOP('',(#3648,#3649,#3658,#3664));
#3648 = ORIENTED_EDGE('',*,*,#3609,.T.);
#3649 = ORIENTED_EDGE('',*,*,#3650,.T.);
#3650 = EDGE_CURVE('',#3602,#3651,#3653,.T.);
#3651 = VERTEX_POINT('',#3652);
#3652 = CARTESIAN_POINT('',(-26.16707527451,9.777166,0.));
#3653 = CIRCLE('',#3654,0.75);
#3654 = AXIS2_PLACEMENT_3D('',#3655,#3656,#3657);
#3655 = CARTESIAN_POINT('',(-26.167075,9.027166,0.));
#3656 = DIRECTION('',(0.,0.,1.));
#3657 = DIRECTION('',(1.,0.,0.));
#3658 = ORIENTED_EDGE('',*,*,#3659,.F.);
#3659 = EDGE_CURVE('',#436,#3651,#3660,.T.);
#3660 = LINE('',#3661,#3662);
#3661 = CARTESIAN_POINT('',(-26.16707527451,9.777166,14.));
#3662 = VECTOR('',#3663,1.);
#3663 = DIRECTION('',(-0.,-0.,-1.));
#3664 = ORIENTED_EDGE('',*,*,#435,.F.);
#3665 = CYLINDRICAL_SURFACE('',#3666,0.75);
#3666 = AXIS2_PLACEMENT_3D('',#3667,#3668,#3669);
#3667 = CARTESIAN_POINT('',(-26.167075,9.027166,14.));
#3668 = DIRECTION('',(0.,0.,1.));
#3669 = DIRECTION('',(1.,0.,0.));
#3670 = ADVANCED_FACE('',(#3671),#3689,.T.);
#3671 = FACE_BOUND('',#3672,.T.);
#3672 = EDGE_LOOP('',(#3673,#3681,#3687,#3688));
#3673 = ORIENTED_EDGE('',*,*,#3674,.T.);
#3674 = EDGE_CURVE('',#806,#3675,#3677,.T.);
#3675 = VERTEX_POINT('',#3676);
#3676 = CARTESIAN_POINT('',(-34.1670747549,15.277166,0.));
#3677 = LINE('',#3678,#3679);
#3678 = CARTESIAN_POINT('',(-34.1670747549,15.277166,14.));
#3679 = VECTOR('',#3680,1.);
#3680 = DIRECTION('',(-0.,-0.,-1.));
#3681 = ORIENTED_EDGE('',*,*,#3682,.T.);
#3682 = EDGE_CURVE('',#3675,#3626,#3683,.T.);
#3683 = LINE('',#3684,#3685);
#3684 = CARTESIAN_POINT('',(-34.1670747549,15.277166,0.));
#3685 = VECTOR('',#3686,1.);
#3686 = DIRECTION('',(1.,0.,0.));
#3687 = ORIENTED_EDGE('',*,*,#3634,.F.);
#3688 = ORIENTED_EDGE('',*,*,#814,.F.);
#3689 = PLANE('',#3690);
#3690 = AXIS2_PLACEMENT_3D('',#3691,#3692,#3693);
#3691 = CARTESIAN_POINT('',(-34.1670747549,15.277166,14.));
#3692 = DIRECTION('',(0.,-1.,0.));
#3693 = DIRECTION('',(1.,0.,0.));
#3694 = ADVANCED_FACE('',(#3695),#3713,.F.);
#3695 = FACE_BOUND('',#3696,.F.);
#3696 = EDGE_LOOP('',(#3697,#3705,#3711,#3712));
#3697 = ORIENTED_EDGE('',*,*,#3698,.T.);
#3698 = EDGE_CURVE('',#445,#3699,#3701,.T.);
#3699 = VERTEX_POINT('',#3700);
#3700 = CARTESIAN_POINT('',(-34.16707561764,9.777166,0.));
#3701 = LINE('',#3702,#3703);
#3702 = CARTESIAN_POINT('',(-34.16707561764,9.777166,14.));
#3703 = VECTOR('',#3704,1.);
#3704 = DIRECTION('',(-0.,-0.,-1.));
#3705 = ORIENTED_EDGE('',*,*,#3706,.T.);
#3706 = EDGE_CURVE('',#3699,#3651,#3707,.T.);
#3707 = LINE('',#3708,#3709);
#3708 = CARTESIAN_POINT('',(-34.16707561764,9.777166,0.));
#3709 = VECTOR('',#3710,1.);
#3710 = DIRECTION('',(1.,0.,0.));
#3711 = ORIENTED_EDGE('',*,*,#3659,.F.);
#3712 = ORIENTED_EDGE('',*,*,#444,.F.);
#3713 = PLANE('',#3714);
#3714 = AXIS2_PLACEMENT_3D('',#3715,#3716,#3717);
#3715 = CARTESIAN_POINT('',(-34.16707561764,9.777166,14.));
#3716 = DIRECTION('',(0.,-1.,0.));
#3717 = DIRECTION('',(1.,0.,0.));
#3718 = ADVANCED_FACE('',(#3719),#3738,.T.);
#3719 = FACE_BOUND('',#3720,.T.);
#3720 = EDGE_LOOP('',(#3721,#3729,#3736,#3737));
#3721 = ORIENTED_EDGE('',*,*,#3722,.T.);
#3722 = EDGE_CURVE('',#798,#3723,#3725,.T.);
#3723 = VERTEX_POINT('',#3724);
#3724 = CARTESIAN_POINT('',(-34.1670747549,16.777166,0.));
#3725 = LINE('',#3726,#3727);
#3726 = CARTESIAN_POINT('',(-34.1670747549,16.777166,14.));
#3727 = VECTOR('',#3728,1.);
#3728 = DIRECTION('',(-0.,-0.,-1.));
#3729 = ORIENTED_EDGE('',*,*,#3730,.T.);
#3730 = EDGE_CURVE('',#3723,#3675,#3731,.T.);
#3731 = CIRCLE('',#3732,0.75);
#3732 = AXIS2_PLACEMENT_3D('',#3733,#3734,#3735);
#3733 = CARTESIAN_POINT('',(-34.16707476961,16.027166,0.));
#3734 = DIRECTION('',(0.,0.,1.));
#3735 = DIRECTION('',(1.,0.,0.));
#3736 = ORIENTED_EDGE('',*,*,#3674,.F.);
#3737 = ORIENTED_EDGE('',*,*,#805,.F.);
#3738 = CYLINDRICAL_SURFACE('',#3739,0.75);
#3739 = AXIS2_PLACEMENT_3D('',#3740,#3741,#3742);
#3740 = CARTESIAN_POINT('',(-34.16707476961,16.027166,14.));
#3741 = DIRECTION('',(0.,0.,1.));
#3742 = DIRECTION('',(1.,0.,0.));
#3743 = ADVANCED_FACE('',(#3744),#3763,.F.);
#3744 = FACE_BOUND('',#3745,.F.);
#3745 = EDGE_LOOP('',(#3746,#3754,#3761,#3762));
#3746 = ORIENTED_EDGE('',*,*,#3747,.T.);
#3747 = EDGE_CURVE('',#453,#3748,#3750,.T.);
#3748 = VERTEX_POINT('',#3749);
#3749 = CARTESIAN_POINT('',(-34.16707554084,10.277166,0.));
#3750 = LINE('',#3751,#3752);
#3751 = CARTESIAN_POINT('',(-34.16707554084,10.277166,14.));
#3752 = VECTOR('',#3753,1.);
#3753 = DIRECTION('',(-0.,-0.,-1.));
#3754 = ORIENTED_EDGE('',*,*,#3755,.T.);
#3755 = EDGE_CURVE('',#3748,#3699,#3756,.T.);
#3756 = CIRCLE('',#3757,0.25);
#3757 = AXIS2_PLACEMENT_3D('',#3758,#3759,#3760);
#3758 = CARTESIAN_POINT('',(-34.16707562254,10.027166,0.));
#3759 = DIRECTION('',(0.,0.,1.));
#3760 = DIRECTION('',(1.,0.,0.));
#3761 = ORIENTED_EDGE('',*,*,#3698,.F.);
#3762 = ORIENTED_EDGE('',*,*,#452,.F.);
#3763 = CYLINDRICAL_SURFACE('',#3764,0.25);
#3764 = AXIS2_PLACEMENT_3D('',#3765,#3766,#3767);
#3765 = CARTESIAN_POINT('',(-34.16707562254,10.027166,14.));
#3766 = DIRECTION('',(0.,0.,1.));
#3767 = DIRECTION('',(1.,0.,0.));
#3768 = ADVANCED_FACE('',(#3769),#3787,.F.);
#3769 = FACE_BOUND('',#3770,.F.);
#3770 = EDGE_LOOP('',(#3771,#3772,#3780,#3786));
#3771 = ORIENTED_EDGE('',*,*,#3722,.T.);
#3772 = ORIENTED_EDGE('',*,*,#3773,.T.);
#3773 = EDGE_CURVE('',#3723,#3774,#3776,.T.);
#3774 = VERTEX_POINT('',#3775);
#3775 = CARTESIAN_POINT('',(-26.16707499509,16.777166,0.));
#3776 = LINE('',#3777,#3778);
#3777 = CARTESIAN_POINT('',(-34.1670747549,16.777166,0.));
#3778 = VECTOR('',#3779,1.);
#3779 = DIRECTION('',(1.,0.,0.));
#3780 = ORIENTED_EDGE('',*,*,#3781,.F.);
#3781 = EDGE_CURVE('',#789,#3774,#3782,.T.);
#3782 = LINE('',#3783,#3784);
#3783 = CARTESIAN_POINT('',(-26.16707499509,16.777166,14.));
#3784 = VECTOR('',#3785,1.);
#3785 = DIRECTION('',(-0.,-0.,-1.));
#3786 = ORIENTED_EDGE('',*,*,#797,.F.);
#3787 = PLANE('',#3788);
#3788 = AXIS2_PLACEMENT_3D('',#3789,#3790,#3791);
#3789 = CARTESIAN_POINT('',(-34.1670747549,16.777166,14.));
#3790 = DIRECTION('',(0.,-1.,0.));
#3791 = DIRECTION('',(1.,0.,0.));
#3792 = ADVANCED_FACE('',(#3793),#3811,.T.);
#3793 = FACE_BOUND('',#3794,.T.);
#3794 = EDGE_LOOP('',(#3795,#3796,#3804,#3810));
#3795 = ORIENTED_EDGE('',*,*,#3747,.T.);
#3796 = ORIENTED_EDGE('',*,*,#3797,.T.);
#3797 = EDGE_CURVE('',#3748,#3798,#3800,.T.);
#3798 = VERTEX_POINT('',#3799);
#3799 = CARTESIAN_POINT('',(-26.16707499019,10.277166,0.));
#3800 = LINE('',#3801,#3802);
#3801 = CARTESIAN_POINT('',(-34.16707554084,10.277166,0.));
#3802 = VECTOR('',#3803,1.);
#3803 = DIRECTION('',(1.,0.,0.));
#3804 = ORIENTED_EDGE('',*,*,#3805,.F.);
#3805 = EDGE_CURVE('',#462,#3798,#3806,.T.);
#3806 = LINE('',#3807,#3808);
#3807 = CARTESIAN_POINT('',(-26.16707499019,10.277166,14.));
#3808 = VECTOR('',#3809,1.);
#3809 = DIRECTION('',(-0.,-0.,-1.));
#3810 = ORIENTED_EDGE('',*,*,#461,.F.);
#3811 = PLANE('',#3812);
#3812 = AXIS2_PLACEMENT_3D('',#3813,#3814,#3815);
#3813 = CARTESIAN_POINT('',(-34.16707554084,10.277166,14.));
#3814 = DIRECTION('',(0.,-1.,0.));
#3815 = DIRECTION('',(1.,0.,0.));
#3816 = ADVANCED_FACE('',(#3817),#3836,.F.);
#3817 = FACE_BOUND('',#3818,.F.);
#3818 = EDGE_LOOP('',(#3819,#3820,#3829,#3835));
#3819 = ORIENTED_EDGE('',*,*,#3781,.T.);
#3820 = ORIENTED_EDGE('',*,*,#3821,.T.);
#3821 = EDGE_CURVE('',#3774,#3822,#3824,.T.);
#3822 = VERTEX_POINT('',#3823);
#3823 = CARTESIAN_POINT('',(-26.167075,17.277166,0.));
#3824 = CIRCLE('',#3825,0.25);
#3825 = AXIS2_PLACEMENT_3D('',#3826,#3827,#3828);
#3826 = CARTESIAN_POINT('',(-26.167075,17.027166,0.));
#3827 = DIRECTION('',(0.,0.,1.));
#3828 = DIRECTION('',(1.,0.,0.));
#3829 = ORIENTED_EDGE('',*,*,#3830,.F.);
#3830 = EDGE_CURVE('',#781,#3822,#3831,.T.);
#3831 = LINE('',#3832,#3833);
#3832 = CARTESIAN_POINT('',(-26.167075,17.277166,14.));
#3833 = VECTOR('',#3834,1.);
#3834 = DIRECTION('',(-0.,-0.,-1.));
#3835 = ORIENTED_EDGE('',*,*,#788,.F.);
#3836 = CYLINDRICAL_SURFACE('',#3837,0.25);
#3837 = AXIS2_PLACEMENT_3D('',#3838,#3839,#3840);
#3838 = CARTESIAN_POINT('',(-26.167075,17.027166,14.));
#3839 = DIRECTION('',(0.,0.,1.));
#3840 = DIRECTION('',(1.,0.,0.));
#3841 = ADVANCED_FACE('',(#3842),#3861,.T.);
#3842 = FACE_BOUND('',#3843,.T.);
#3843 = EDGE_LOOP('',(#3844,#3845,#3854,#3860));
#3844 = ORIENTED_EDGE('',*,*,#3805,.T.);
#3845 = ORIENTED_EDGE('',*,*,#3846,.T.);
#3846 = EDGE_CURVE('',#3798,#3847,#3849,.T.);
#3847 = VERTEX_POINT('',#3848);
#3848 = CARTESIAN_POINT('',(-26.16707527942,11.777166,0.));
#3849 = CIRCLE('',#3850,0.75);
#3850 = AXIS2_PLACEMENT_3D('',#3851,#3852,#3853);
#3851 = CARTESIAN_POINT('',(-26.1670750049,11.027166,0.));
#3852 = DIRECTION('',(0.,0.,1.));
#3853 = DIRECTION('',(1.,0.,0.));
#3854 = ORIENTED_EDGE('',*,*,#3855,.F.);
#3855 = EDGE_CURVE('',#470,#3847,#3856,.T.);
#3856 = LINE('',#3857,#3858);
#3857 = CARTESIAN_POINT('',(-26.16707527942,11.777166,14.));
#3858 = VECTOR('',#3859,1.);
#3859 = DIRECTION('',(-0.,-0.,-1.));
#3860 = ORIENTED_EDGE('',*,*,#469,.F.);
#3861 = CYLINDRICAL_SURFACE('',#3862,0.75);
#3862 = AXIS2_PLACEMENT_3D('',#3863,#3864,#3865);
#3863 = CARTESIAN_POINT('',(-26.1670750049,11.027166,14.));
#3864 = DIRECTION('',(0.,0.,1.));
#3865 = DIRECTION('',(1.,0.,0.));
#3866 = ADVANCED_FACE('',(#3867),#3885,.T.);
#3867 = FACE_BOUND('',#3868,.T.);
#3868 = EDGE_LOOP('',(#3869,#3877,#3883,#3884));
#3869 = ORIENTED_EDGE('',*,*,#3870,.T.);
#3870 = EDGE_CURVE('',#772,#3871,#3873,.T.);
#3871 = VERTEX_POINT('',#3872);
#3872 = CARTESIAN_POINT('',(-34.1670747549,17.277166,0.));
#3873 = LINE('',#3874,#3875);
#3874 = CARTESIAN_POINT('',(-34.1670747549,17.277166,14.));
#3875 = VECTOR('',#3876,1.);
#3876 = DIRECTION('',(-0.,-0.,-1.));
#3877 = ORIENTED_EDGE('',*,*,#3878,.T.);
#3878 = EDGE_CURVE('',#3871,#3822,#3879,.T.);
#3879 = LINE('',#3880,#3881);
#3880 = CARTESIAN_POINT('',(-34.1670747549,17.277166,0.));
#3881 = VECTOR('',#3882,1.);
#3882 = DIRECTION('',(1.,0.,0.));
#3883 = ORIENTED_EDGE('',*,*,#3830,.F.);
#3884 = ORIENTED_EDGE('',*,*,#780,.F.);
#3885 = PLANE('',#3886);
#3886 = AXIS2_PLACEMENT_3D('',#3887,#3888,#3889);
#3887 = CARTESIAN_POINT('',(-34.1670747549,17.277166,14.));
#3888 = DIRECTION('',(0.,-1.,0.));
#3889 = DIRECTION('',(1.,0.,0.));
#3890 = ADVANCED_FACE('',(#3891),#3909,.F.);
#3891 = FACE_BOUND('',#3892,.F.);
#3892 = EDGE_LOOP('',(#3893,#3901,#3907,#3908));
#3893 = ORIENTED_EDGE('',*,*,#3894,.T.);
#3894 = EDGE_CURVE('',#479,#3895,#3897,.T.);
#3895 = VERTEX_POINT('',#3896);
#3896 = CARTESIAN_POINT('',(-34.16707499509,11.777166,0.));
#3897 = LINE('',#3898,#3899);
#3898 = CARTESIAN_POINT('',(-34.16707499509,11.777166,14.));
#3899 = VECTOR('',#3900,1.);
#3900 = DIRECTION('',(-0.,-0.,-1.));
#3901 = ORIENTED_EDGE('',*,*,#3902,.T.);
#3902 = EDGE_CURVE('',#3895,#3847,#3903,.T.);
#3903 = LINE('',#3904,#3905);
#3904 = CARTESIAN_POINT('',(-34.16707499509,11.777166,0.));
#3905 = VECTOR('',#3906,1.);
#3906 = DIRECTION('',(1.,0.,0.));
#3907 = ORIENTED_EDGE('',*,*,#3855,.F.);
#3908 = ORIENTED_EDGE('',*,*,#478,.F.);
#3909 = PLANE('',#3910);
#3910 = AXIS2_PLACEMENT_3D('',#3911,#3912,#3913);
#3911 = CARTESIAN_POINT('',(-34.16707499509,11.777166,14.));
#3912 = DIRECTION('',(0.,-1.,0.));
#3913 = DIRECTION('',(1.,0.,0.));
#3914 = ADVANCED_FACE('',(#3915),#3934,.T.);
#3915 = FACE_BOUND('',#3916,.T.);
#3916 = EDGE_LOOP('',(#3917,#3925,#3932,#3933));
#3917 = ORIENTED_EDGE('',*,*,#3918,.T.);
#3918 = EDGE_CURVE('',#764,#3919,#3921,.T.);
#3919 = VERTEX_POINT('',#3920);
#3920 = CARTESIAN_POINT('',(-34.16707487132,18.777166,0.));
#3921 = LINE('',#3922,#3923);
#3922 = CARTESIAN_POINT('',(-34.1670749183,18.777166,14.));
#3923 = VECTOR('',#3924,1.);
#3924 = DIRECTION('',(-0.,-0.,-1.));
#3925 = ORIENTED_EDGE('',*,*,#3926,.T.);
#3926 = EDGE_CURVE('',#3919,#3871,#3927,.T.);
#3927 = CIRCLE('',#3928,0.75);
#3928 = AXIS2_PLACEMENT_3D('',#3929,#3930,#3931);
#3929 = CARTESIAN_POINT('',(-34.167075,18.027166,0.));
#3930 = DIRECTION('',(0.,0.,1.));
#3931 = DIRECTION('',(1.,0.,0.));
#3932 = ORIENTED_EDGE('',*,*,#3870,.F.);
#3933 = ORIENTED_EDGE('',*,*,#771,.F.);
#3934 = CYLINDRICAL_SURFACE('',#3935,0.75);
#3935 = AXIS2_PLACEMENT_3D('',#3936,#3937,#3938);
#3936 = CARTESIAN_POINT('',(-34.167075,18.027166,14.));
#3937 = DIRECTION('',(0.,0.,1.));
#3938 = DIRECTION('',(1.,0.,0.));
#3939 = ADVANCED_FACE('',(#3940),#3959,.F.);
#3940 = FACE_BOUND('',#3941,.F.);
#3941 = EDGE_LOOP('',(#3942,#3950,#3957,#3958));
#3942 = ORIENTED_EDGE('',*,*,#3943,.T.);
#3943 = EDGE_CURVE('',#487,#3944,#3946,.T.);
#3944 = VERTEX_POINT('',#3945);
#3945 = CARTESIAN_POINT('',(-34.1670749183,12.277166,0.));
#3946 = LINE('',#3947,#3948);
#3947 = CARTESIAN_POINT('',(-34.1670749183,12.277166,14.));
#3948 = VECTOR('',#3949,1.);
#3949 = DIRECTION('',(-0.,-0.,-1.));
#3950 = ORIENTED_EDGE('',*,*,#3951,.T.);
#3951 = EDGE_CURVE('',#3944,#3895,#3952,.T.);
#3952 = CIRCLE('',#3953,0.25);
#3953 = AXIS2_PLACEMENT_3D('',#3954,#3955,#3956);
#3954 = CARTESIAN_POINT('',(-34.167075,12.027166,0.));
#3955 = DIRECTION('',(0.,0.,1.));
#3956 = DIRECTION('',(1.,0.,0.));
#3957 = ORIENTED_EDGE('',*,*,#3894,.F.);
#3958 = ORIENTED_EDGE('',*,*,#486,.F.);
#3959 = CYLINDRICAL_SURFACE('',#3960,0.25);
#3960 = AXIS2_PLACEMENT_3D('',#3961,#3962,#3963);
#3961 = CARTESIAN_POINT('',(-34.167075,12.027166,14.));
#3962 = DIRECTION('',(0.,0.,1.));
#3963 = DIRECTION('',(1.,0.,0.));
#3964 = ADVANCED_FACE('',(#3965),#3983,.F.);
#3965 = FACE_BOUND('',#3966,.F.);
#3966 = EDGE_LOOP('',(#3967,#3968,#3976,#3982));
#3967 = ORIENTED_EDGE('',*,*,#3918,.T.);
#3968 = ORIENTED_EDGE('',*,*,#3969,.T.);
#3969 = EDGE_CURVE('',#3919,#3970,#3972,.T.);
#3970 = VERTEX_POINT('',#3971);
#3971 = CARTESIAN_POINT('',(-26.16707482434,18.777166,0.));
#3972 = LINE('',#3973,#3974);
#3973 = CARTESIAN_POINT('',(-34.16707482434,18.777166,0.));
#3974 = VECTOR('',#3975,1.);
#3975 = DIRECTION('',(1.,0.,0.));
#3976 = ORIENTED_EDGE('',*,*,#3977,.F.);
#3977 = EDGE_CURVE('',#755,#3970,#3978,.T.);
#3978 = LINE('',#3979,#3980);
#3979 = CARTESIAN_POINT('',(-26.16707482434,18.777166,14.));
#3980 = VECTOR('',#3981,1.);
#3981 = DIRECTION('',(-0.,-0.,-1.));
#3982 = ORIENTED_EDGE('',*,*,#763,.F.);
#3983 = PLANE('',#3984);
#3984 = AXIS2_PLACEMENT_3D('',#3985,#3986,#3987);
#3985 = CARTESIAN_POINT('',(-34.16707482434,18.777166,14.));
#3986 = DIRECTION('',(0.,-1.,0.));
#3987 = DIRECTION('',(1.,0.,0.));
#3988 = ADVANCED_FACE('',(#3989),#4007,.T.);
#3989 = FACE_BOUND('',#3990,.T.);
#3990 = EDGE_LOOP('',(#3991,#3992,#4000,#4006));
#3991 = ORIENTED_EDGE('',*,*,#3943,.T.);
#3992 = ORIENTED_EDGE('',*,*,#3993,.T.);
#3993 = EDGE_CURVE('',#3944,#3994,#3996,.T.);
#3994 = VERTEX_POINT('',#3995);
#3995 = CARTESIAN_POINT('',(-26.16707498528,12.277166,0.));
#3996 = LINE('',#3997,#3998);
#3997 = CARTESIAN_POINT('',(-34.1670749183,12.277166,0.));
#3998 = VECTOR('',#3999,1.);
#3999 = DIRECTION('',(1.,0.,0.));
#4000 = ORIENTED_EDGE('',*,*,#4001,.F.);
#4001 = EDGE_CURVE('',#496,#3994,#4002,.T.);
#4002 = LINE('',#4003,#4004);
#4003 = CARTESIAN_POINT('',(-26.16707498528,12.277166,14.));
#4004 = VECTOR('',#4005,1.);
#4005 = DIRECTION('',(-0.,-0.,-1.));
#4006 = ORIENTED_EDGE('',*,*,#495,.F.);
#4007 = PLANE('',#4008);
#4008 = AXIS2_PLACEMENT_3D('',#4009,#4010,#4011);
#4009 = CARTESIAN_POINT('',(-34.1670749183,12.277166,14.));
#4010 = DIRECTION('',(0.,-1.,0.));
#4011 = DIRECTION('',(1.,0.,0.));
#4012 = ADVANCED_FACE('',(#4013),#4032,.F.);
#4013 = FACE_BOUND('',#4014,.F.);
#4014 = EDGE_LOOP('',(#4015,#4016,#4025,#4031));
#4015 = ORIENTED_EDGE('',*,*,#3977,.T.);
#4016 = ORIENTED_EDGE('',*,*,#4017,.T.);
#4017 = EDGE_CURVE('',#3970,#4018,#4020,.T.);
#4018 = VERTEX_POINT('',#4019);
#4019 = CARTESIAN_POINT('',(-26.16707492075,19.277166,0.));
#4020 = CIRCLE('',#4021,0.25);
#4021 = AXIS2_PLACEMENT_3D('',#4022,#4023,#4024);
#4022 = CARTESIAN_POINT('',(-26.16707482924,19.027166,0.));
#4023 = DIRECTION('',(0.,0.,1.));
#4024 = DIRECTION('',(1.,0.,0.));
#4025 = ORIENTED_EDGE('',*,*,#4026,.F.);
#4026 = EDGE_CURVE('',#747,#4018,#4027,.T.);
#4027 = LINE('',#4028,#4029);
#4028 = CARTESIAN_POINT('',(-26.16707492075,19.277166,14.));
#4029 = VECTOR('',#4030,1.);
#4030 = DIRECTION('',(-0.,-0.,-1.));
#4031 = ORIENTED_EDGE('',*,*,#754,.F.);
#4032 = CYLINDRICAL_SURFACE('',#4033,0.25);
#4033 = AXIS2_PLACEMENT_3D('',#4034,#4035,#4036);
#4034 = CARTESIAN_POINT('',(-26.16707482924,19.027166,14.));
#4035 = DIRECTION('',(0.,0.,1.));
#4036 = DIRECTION('',(1.,0.,0.));
#4037 = ADVANCED_FACE('',(#4038),#4057,.T.);
#4038 = FACE_BOUND('',#4039,.T.);
#4039 = EDGE_LOOP('',(#4040,#4041,#4050,#4056));
#4040 = ORIENTED_EDGE('',*,*,#4001,.T.);
#4041 = ORIENTED_EDGE('',*,*,#4042,.T.);
#4042 = EDGE_CURVE('',#3994,#4043,#4045,.T.);
#4043 = VERTEX_POINT('',#4044);
#4044 = CARTESIAN_POINT('',(-26.16707527451,13.777166,0.));
#4045 = CIRCLE('',#4046,0.75);
#4046 = AXIS2_PLACEMENT_3D('',#4047,#4048,#4049);
#4047 = CARTESIAN_POINT('',(-26.167075,13.027166,0.));
#4048 = DIRECTION('',(0.,0.,1.));
#4049 = DIRECTION('',(1.,0.,0.));
#4050 = ORIENTED_EDGE('',*,*,#4051,.F.);
#4051 = EDGE_CURVE('',#504,#4043,#4052,.T.);
#4052 = LINE('',#4053,#4054);
#4053 = CARTESIAN_POINT('',(-26.16707527451,13.777166,14.));
#4054 = VECTOR('',#4055,1.);
#4055 = DIRECTION('',(-0.,-0.,-1.));
#4056 = ORIENTED_EDGE('',*,*,#503,.F.);
#4057 = CYLINDRICAL_SURFACE('',#4058,0.75);
#4058 = AXIS2_PLACEMENT_3D('',#4059,#4060,#4061);
#4059 = CARTESIAN_POINT('',(-26.167075,13.027166,14.));
#4060 = DIRECTION('',(0.,0.,1.));
#4061 = DIRECTION('',(1.,0.,0.));
#4062 = ADVANCED_FACE('',(#4063),#4081,.F.);
#4063 = FACE_BOUND('',#4064,.F.);
#4064 = EDGE_LOOP('',(#4065,#4066,#4074,#4080));
#4065 = ORIENTED_EDGE('',*,*,#4026,.T.);
#4066 = ORIENTED_EDGE('',*,*,#4067,.T.);
#4067 = EDGE_CURVE('',#4018,#4068,#4070,.T.);
#4068 = VERTEX_POINT('',#4069);
#4069 = CARTESIAN_POINT('',(-31.66707492075,19.277166,0.));
#4070 = LINE('',#4071,#4072);
#4071 = CARTESIAN_POINT('',(-26.16707492075,19.277166,0.));
#4072 = VECTOR('',#4073,1.);
#4073 = DIRECTION('',(-1.,0.,0.));
#4074 = ORIENTED_EDGE('',*,*,#4075,.F.);
#4075 = EDGE_CURVE('',#738,#4068,#4076,.T.);
#4076 = LINE('',#4077,#4078);
#4077 = CARTESIAN_POINT('',(-31.66707492075,19.277166,14.));
#4078 = VECTOR('',#4079,1.);
#4079 = DIRECTION('',(-0.,-0.,-1.));
#4080 = ORIENTED_EDGE('',*,*,#746,.F.);
#4081 = PLANE('',#4082);
#4082 = AXIS2_PLACEMENT_3D('',#4083,#4084,#4085);
#4083 = CARTESIAN_POINT('',(-26.16707492075,19.277166,14.));
#4084 = DIRECTION('',(0.,1.,0.));
#4085 = DIRECTION('',(-1.,0.,0.));
#4086 = ADVANCED_FACE('',(#4087),#4105,.F.);
#4087 = FACE_BOUND('',#4088,.F.);
#4088 = EDGE_LOOP('',(#4089,#4097,#4103,#4104));
#4089 = ORIENTED_EDGE('',*,*,#4090,.T.);
#4090 = EDGE_CURVE('',#513,#4091,#4093,.T.);
#4091 = VERTEX_POINT('',#4092);
#4092 = CARTESIAN_POINT('',(-34.16707491339,13.777166,0.));
#4093 = LINE('',#4094,#4095);
#4094 = CARTESIAN_POINT('',(-34.16707491339,13.777166,14.));
#4095 = VECTOR('',#4096,1.);
#4096 = DIRECTION('',(-0.,-0.,-1.));
#4097 = ORIENTED_EDGE('',*,*,#4098,.T.);
#4098 = EDGE_CURVE('',#4091,#4043,#4099,.T.);
#4099 = LINE('',#4100,#4101);
#4100 = CARTESIAN_POINT('',(-34.16707491339,13.777166,0.));
#4101 = VECTOR('',#4102,1.);
#4102 = DIRECTION('',(1.,0.,0.));
#4103 = ORIENTED_EDGE('',*,*,#4051,.F.);
#4104 = ORIENTED_EDGE('',*,*,#512,.F.);
#4105 = PLANE('',#4106);
#4106 = AXIS2_PLACEMENT_3D('',#4107,#4108,#4109);
#4107 = CARTESIAN_POINT('',(-34.16707491339,13.777166,14.));
#4108 = DIRECTION('',(0.,-1.,0.));
#4109 = DIRECTION('',(1.,0.,0.));
#4110 = ADVANCED_FACE('',(#4111),#4130,.T.);
#4111 = FACE_BOUND('',#4112,.T.);
#4112 = EDGE_LOOP('',(#4113,#4121,#4128,#4129));
#4113 = ORIENTED_EDGE('',*,*,#4114,.T.);
#4114 = EDGE_CURVE('',#730,#4115,#4117,.T.);
#4115 = VERTEX_POINT('',#4116);
#4116 = CARTESIAN_POINT('',(-32.167075,19.777165896234,0.));
#4117 = LINE('',#4118,#4119);
#4118 = CARTESIAN_POINT('',(-32.167075,19.777165896234,14.));
#4119 = VECTOR('',#4120,1.);
#4120 = DIRECTION('',(-0.,-0.,-1.));
#4121 = ORIENTED_EDGE('',*,*,#4122,.T.);
#4122 = EDGE_CURVE('',#4115,#4068,#4123,.T.);
#4123 = CIRCLE('',#4124,0.500000069439);
#4124 = AXIS2_PLACEMENT_3D('',#4125,#4126,#4127);
#4125 = CARTESIAN_POINT('',(-31.66707493056,19.777166069439,0.));
#4126 = DIRECTION('',(0.,0.,1.));
#4127 = DIRECTION('',(1.,0.,0.));
#4128 = ORIENTED_EDGE('',*,*,#4075,.F.);
#4129 = ORIENTED_EDGE('',*,*,#737,.F.);
#4130 = CYLINDRICAL_SURFACE('',#4131,0.500000069439);
#4131 = AXIS2_PLACEMENT_3D('',#4132,#4133,#4134);
#4132 = CARTESIAN_POINT('',(-31.66707493056,19.777166069439,14.));
#4133 = DIRECTION('',(0.,0.,1.));
#4134 = DIRECTION('',(1.,0.,0.));
#4135 = ADVANCED_FACE('',(#4136),#4155,.F.);
#4136 = FACE_BOUND('',#4137,.F.);
#4137 = EDGE_LOOP('',(#4138,#4146,#4153,#4154));
#4138 = ORIENTED_EDGE('',*,*,#4139,.T.);
#4139 = EDGE_CURVE('',#521,#4140,#4142,.T.);
#4140 = VERTEX_POINT('',#4141);
#4141 = CARTESIAN_POINT('',(-34.1670748366,14.277166,0.));
#4142 = LINE('',#4143,#4144);
#4143 = CARTESIAN_POINT('',(-34.1670748366,14.277166,14.));
#4144 = VECTOR('',#4145,1.);
#4145 = DIRECTION('',(-0.,-0.,-1.));
#4146 = ORIENTED_EDGE('',*,*,#4147,.T.);
#4147 = EDGE_CURVE('',#4140,#4091,#4148,.T.);
#4148 = CIRCLE('',#4149,0.25);
#4149 = AXIS2_PLACEMENT_3D('',#4150,#4151,#4152);
#4150 = CARTESIAN_POINT('',(-34.1670749183,14.027166,0.));
#4151 = DIRECTION('',(0.,0.,1.));
#4152 = DIRECTION('',(1.,0.,0.));
#4153 = ORIENTED_EDGE('',*,*,#4090,.F.);
#4154 = ORIENTED_EDGE('',*,*,#520,.F.);
#4155 = CYLINDRICAL_SURFACE('',#4156,0.25);
#4156 = AXIS2_PLACEMENT_3D('',#4157,#4158,#4159);
#4157 = CARTESIAN_POINT('',(-34.1670749183,14.027166,14.));
#4158 = DIRECTION('',(0.,0.,1.));
#4159 = DIRECTION('',(1.,0.,0.));
#4160 = ADVANCED_FACE('',(#4161),#4179,.F.);
#4161 = FACE_BOUND('',#4162,.F.);
#4162 = EDGE_LOOP('',(#4163,#4164,#4165,#4173));
#4163 = ORIENTED_EDGE('',*,*,#729,.F.);
#4164 = ORIENTED_EDGE('',*,*,#4114,.T.);
#4165 = ORIENTED_EDGE('',*,*,#4166,.T.);
#4166 = EDGE_CURVE('',#4115,#4167,#4169,.T.);
#4167 = VERTEX_POINT('',#4168);
#4168 = CARTESIAN_POINT('',(-32.167075,20.027265896234,0.));
#4169 = LINE('',#4170,#4171);
#4170 = CARTESIAN_POINT('',(-32.167075,19.777165896234,0.));
#4171 = VECTOR('',#4172,1.);
#4172 = DIRECTION('',(0.,1.,0.));
#4173 = ORIENTED_EDGE('',*,*,#4174,.F.);
#4174 = EDGE_CURVE('',#721,#4167,#4175,.T.);
#4175 = LINE('',#4176,#4177);
#4176 = CARTESIAN_POINT('',(-32.167075,20.027265896234,14.));
#4177 = VECTOR('',#4178,1.);
#4178 = DIRECTION('',(-0.,-0.,-1.));
#4179 = PLANE('',#4180);
#4180 = AXIS2_PLACEMENT_3D('',#4181,#4182,#4183);
#4181 = CARTESIAN_POINT('',(-32.167075,19.777165896234,14.));
#4182 = DIRECTION('',(1.,0.,0.));
#4183 = DIRECTION('',(0.,1.,0.));
#4184 = ADVANCED_FACE('',(#4185),#4203,.T.);
#4185 = FACE_BOUND('',#4186,.T.);
#4186 = EDGE_LOOP('',(#4187,#4188,#4196,#4202));
#4187 = ORIENTED_EDGE('',*,*,#4139,.T.);
#4188 = ORIENTED_EDGE('',*,*,#4189,.T.);
#4189 = EDGE_CURVE('',#4140,#4190,#4192,.T.);
#4190 = VERTEX_POINT('',#4191);
#4191 = CARTESIAN_POINT('',(-26.16707525735,14.277166,0.));
#4192 = LINE('',#4193,#4194);
#4193 = CARTESIAN_POINT('',(-34.1670748366,14.277166,0.));
#4194 = VECTOR('',#4195,1.);
#4195 = DIRECTION('',(1.,0.,0.));
#4196 = ORIENTED_EDGE('',*,*,#4197,.F.);
#4197 = EDGE_CURVE('',#530,#4190,#4198,.T.);
#4198 = LINE('',#4199,#4200);
#4199 = CARTESIAN_POINT('',(-26.16707525735,14.277166,14.));
#4200 = VECTOR('',#4201,1.);
#4201 = DIRECTION('',(-0.,-0.,-1.));
#4202 = ORIENTED_EDGE('',*,*,#529,.F.);
#4203 = PLANE('',#4204);
#4204 = AXIS2_PLACEMENT_3D('',#4205,#4206,#4207);
#4205 = CARTESIAN_POINT('',(-34.1670748366,14.277166,14.));
#4206 = DIRECTION('',(0.,-1.,0.));
#4207 = DIRECTION('',(1.,0.,0.));
#4208 = ADVANCED_FACE('',(#4209),#4228,.F.);
#4209 = FACE_BOUND('',#4210,.T.);
#4210 = EDGE_LOOP('',(#4211,#4212,#4220,#4227));
#4211 = ORIENTED_EDGE('',*,*,#720,.T.);
#4212 = ORIENTED_EDGE('',*,*,#4213,.T.);
#4213 = EDGE_CURVE('',#713,#4214,#4216,.T.);
#4214 = VERTEX_POINT('',#4215);
#4215 = CARTESIAN_POINT('',(-32.416975,20.277165896234,0.));
#4216 = LINE('',#4217,#4218);
#4217 = CARTESIAN_POINT('',(-32.416975,20.277165896234,14.));
#4218 = VECTOR('',#4219,1.);
#4219 = DIRECTION('',(-0.,-0.,-1.));
#4220 = ORIENTED_EDGE('',*,*,#4221,.F.);
#4221 = EDGE_CURVE('',#4167,#4214,#4222,.T.);
#4222 = CIRCLE('',#4223,0.2499);
#4223 = AXIS2_PLACEMENT_3D('',#4224,#4225,#4226);
#4224 = CARTESIAN_POINT('',(-32.416975,20.027265896234,0.));
#4225 = DIRECTION('',(0.,-0.,1.));
#4226 = DIRECTION('',(0.,1.,0.));
#4227 = ORIENTED_EDGE('',*,*,#4174,.F.);
#4228 = CYLINDRICAL_SURFACE('',#4229,0.2499);
#4229 = AXIS2_PLACEMENT_3D('',#4230,#4231,#4232);
#4230 = CARTESIAN_POINT('',(-32.416975,20.027265896234,14.));
#4231 = DIRECTION('',(-0.,-0.,-1.));
#4232 = DIRECTION('',(1.,0.,0.));
#4233 = ADVANCED_FACE('',(#4234),#4253,.T.);
#4234 = FACE_BOUND('',#4235,.T.);
#4235 = EDGE_LOOP('',(#4236,#4237,#4246,#4252));
#4236 = ORIENTED_EDGE('',*,*,#4197,.T.);
#4237 = ORIENTED_EDGE('',*,*,#4238,.T.);
#4238 = EDGE_CURVE('',#4190,#4239,#4241,.T.);
#4239 = VERTEX_POINT('',#4240);
#4240 = CARTESIAN_POINT('',(-26.16707554658,15.777166,0.));
#4241 = CIRCLE('',#4242,0.75);
#4242 = AXIS2_PLACEMENT_3D('',#4243,#4244,#4245);
#4243 = CARTESIAN_POINT('',(-26.16707527206,15.027166,0.));
#4244 = DIRECTION('',(0.,0.,1.));
#4245 = DIRECTION('',(1.,0.,0.));
#4246 = ORIENTED_EDGE('',*,*,#4247,.F.);
#4247 = EDGE_CURVE('',#538,#4239,#4248,.T.);
#4248 = LINE('',#4249,#4250);
#4249 = CARTESIAN_POINT('',(-26.16707554658,15.777166,14.));
#4250 = VECTOR('',#4251,1.);
#4251 = DIRECTION('',(-0.,-0.,-1.));
#4252 = ORIENTED_EDGE('',*,*,#537,.F.);
#4253 = CYLINDRICAL_SURFACE('',#4254,0.75);
#4254 = AXIS2_PLACEMENT_3D('',#4255,#4256,#4257);
#4255 = CARTESIAN_POINT('',(-26.16707527206,15.027166,14.));
#4256 = DIRECTION('',(0.,0.,1.));
#4257 = DIRECTION('',(1.,0.,0.));
#4258 = ADVANCED_FACE('',(#4259),#4277,.F.);
#4259 = FACE_BOUND('',#4260,.F.);
#4260 = EDGE_LOOP('',(#4261,#4262,#4263,#4271));
#4261 = ORIENTED_EDGE('',*,*,#712,.F.);
#4262 = ORIENTED_EDGE('',*,*,#4213,.T.);
#4263 = ORIENTED_EDGE('',*,*,#4264,.T.);
#4264 = EDGE_CURVE('',#4214,#4265,#4267,.T.);
#4265 = VERTEX_POINT('',#4266);
#4266 = CARTESIAN_POINT('',(-32.417075,20.277165896234,0.));
#4267 = LINE('',#4268,#4269);
#4268 = CARTESIAN_POINT('',(-32.167075,20.277165896234,0.));
#4269 = VECTOR('',#4270,1.);
#4270 = DIRECTION('',(-1.,0.,0.));
#4271 = ORIENTED_EDGE('',*,*,#4272,.F.);
#4272 = EDGE_CURVE('',#705,#4265,#4273,.T.);
#4273 = LINE('',#4274,#4275);
#4274 = CARTESIAN_POINT('',(-32.417075,20.277165896234,14.));
#4275 = VECTOR('',#4276,1.);
#4276 = DIRECTION('',(-0.,-0.,-1.));
#4277 = PLANE('',#4278);
#4278 = AXIS2_PLACEMENT_3D('',#4279,#4280,#4281);
#4279 = CARTESIAN_POINT('',(-32.167075,20.277165896234,14.));
#4280 = DIRECTION('',(0.,1.,0.));
#4281 = DIRECTION('',(-1.,0.,0.));
#4282 = ADVANCED_FACE('',(#4283),#4301,.F.);
#4283 = FACE_BOUND('',#4284,.F.);
#4284 = EDGE_LOOP('',(#4285,#4293,#4299,#4300));
#4285 = ORIENTED_EDGE('',*,*,#4286,.T.);
#4286 = EDGE_CURVE('',#547,#4287,#4289,.T.);
#4287 = VERTEX_POINT('',#4288);
#4288 = CARTESIAN_POINT('',(-34.16707476471,15.777166,0.));
#4289 = LINE('',#4290,#4291);
#4290 = CARTESIAN_POINT('',(-34.16707476471,15.777166,14.));
#4291 = VECTOR('',#4292,1.);
#4292 = DIRECTION('',(-0.,-0.,-1.));
#4293 = ORIENTED_EDGE('',*,*,#4294,.T.);
#4294 = EDGE_CURVE('',#4287,#4239,#4295,.T.);
#4295 = LINE('',#4296,#4297);
#4296 = CARTESIAN_POINT('',(-34.16707476471,15.777166,0.));
#4297 = VECTOR('',#4298,1.);
#4298 = DIRECTION('',(1.,0.,0.));
#4299 = ORIENTED_EDGE('',*,*,#4247,.F.);
#4300 = ORIENTED_EDGE('',*,*,#546,.F.);
#4301 = PLANE('',#4302);
#4302 = AXIS2_PLACEMENT_3D('',#4303,#4304,#4305);
#4303 = CARTESIAN_POINT('',(-34.16707476471,15.777166,14.));
#4304 = DIRECTION('',(0.,-1.,0.));
#4305 = DIRECTION('',(1.,0.,0.));
#4306 = ADVANCED_FACE('',(#4307),#4325,.F.);
#4307 = FACE_BOUND('',#4308,.F.);
#4308 = EDGE_LOOP('',(#4309,#4310,#4318,#4324));
#4309 = ORIENTED_EDGE('',*,*,#4272,.T.);
#4310 = ORIENTED_EDGE('',*,*,#4311,.T.);
#4311 = EDGE_CURVE('',#4265,#4312,#4314,.T.);
#4312 = VERTEX_POINT('',#4313);
#4313 = CARTESIAN_POINT('',(-32.417075,23.777165896234,0.));
#4314 = LINE('',#4315,#4316);
#4315 = CARTESIAN_POINT('',(-32.417075,20.277165896234,0.));
#4316 = VECTOR('',#4317,1.);
#4317 = DIRECTION('',(0.,1.,0.));
#4318 = ORIENTED_EDGE('',*,*,#4319,.F.);
#4319 = EDGE_CURVE('',#697,#4312,#4320,.T.);
#4320 = LINE('',#4321,#4322);
#4321 = CARTESIAN_POINT('',(-32.417075,23.777165896234,14.));
#4322 = VECTOR('',#4323,1.);
#4323 = DIRECTION('',(-0.,-0.,-1.));
#4324 = ORIENTED_EDGE('',*,*,#704,.F.);
#4325 = PLANE('',#4326);
#4326 = AXIS2_PLACEMENT_3D('',#4327,#4328,#4329);
#4327 = CARTESIAN_POINT('',(-32.417075,20.277165896234,14.));
#4328 = DIRECTION('',(1.,0.,0.));
#4329 = DIRECTION('',(0.,1.,0.));
#4330 = ADVANCED_FACE('',(#4331),#4350,.F.);
#4331 = FACE_BOUND('',#4332,.F.);
#4332 = EDGE_LOOP('',(#4333,#4341,#4348,#4349));
#4333 = ORIENTED_EDGE('',*,*,#4334,.T.);
#4334 = EDGE_CURVE('',#555,#4335,#4337,.T.);
#4335 = VERTEX_POINT('',#4336);
#4336 = CARTESIAN_POINT('',(-34.16707468791,16.277166,0.));
#4337 = LINE('',#4338,#4339);
#4338 = CARTESIAN_POINT('',(-34.16707468791,16.277166,14.));
#4339 = VECTOR('',#4340,1.);
#4340 = DIRECTION('',(-0.,-0.,-1.));
#4341 = ORIENTED_EDGE('',*,*,#4342,.T.);
#4342 = EDGE_CURVE('',#4335,#4287,#4343,.T.);
#4343 = CIRCLE('',#4344,0.25);
#4344 = AXIS2_PLACEMENT_3D('',#4345,#4346,#4347);
#4345 = CARTESIAN_POINT('',(-34.16707476961,16.027166,0.));
#4346 = DIRECTION('',(0.,0.,1.));
#4347 = DIRECTION('',(1.,0.,0.));
#4348 = ORIENTED_EDGE('',*,*,#4286,.F.);
#4349 = ORIENTED_EDGE('',*,*,#554,.F.);
#4350 = CYLINDRICAL_SURFACE('',#4351,0.25);
#4351 = AXIS2_PLACEMENT_3D('',#4352,#4353,#4354);
#4352 = CARTESIAN_POINT('',(-34.16707476961,16.027166,14.));
#4353 = DIRECTION('',(0.,0.,1.));
#4354 = DIRECTION('',(1.,0.,0.));
#4355 = ADVANCED_FACE('',(#4356),#4374,.F.);
#4356 = FACE_BOUND('',#4357,.F.);
#4357 = EDGE_LOOP('',(#4358,#4359,#4367,#4373));
#4358 = ORIENTED_EDGE('',*,*,#4319,.T.);
#4359 = ORIENTED_EDGE('',*,*,#4360,.T.);
#4360 = EDGE_CURVE('',#4312,#4361,#4363,.T.);
#4361 = VERTEX_POINT('',#4362);
#4362 = CARTESIAN_POINT('',(-35.417075,23.777165896234,0.));
#4363 = LINE('',#4364,#4365);
#4364 = CARTESIAN_POINT('',(-32.417075,23.777165896234,0.));
#4365 = VECTOR('',#4366,1.);
#4366 = DIRECTION('',(-1.,0.,0.));
#4367 = ORIENTED_EDGE('',*,*,#4368,.F.);
#4368 = EDGE_CURVE('',#689,#4361,#4369,.T.);
#4369 = LINE('',#4370,#4371);
#4370 = CARTESIAN_POINT('',(-35.417075,23.777165896234,14.));
#4371 = VECTOR('',#4372,1.);
#4372 = DIRECTION('',(-0.,-0.,-1.));
#4373 = ORIENTED_EDGE('',*,*,#696,.F.);
#4374 = PLANE('',#4375);
#4375 = AXIS2_PLACEMENT_3D('',#4376,#4377,#4378);
#4376 = CARTESIAN_POINT('',(-32.417075,23.777165896234,14.));
#4377 = DIRECTION('',(0.,1.,0.));
#4378 = DIRECTION('',(-1.,0.,0.));
#4379 = ADVANCED_FACE('',(#4380),#4398,.T.);
#4380 = FACE_BOUND('',#4381,.T.);
#4381 = EDGE_LOOP('',(#4382,#4383,#4391,#4397));
#4382 = ORIENTED_EDGE('',*,*,#4334,.T.);
#4383 = ORIENTED_EDGE('',*,*,#4384,.T.);
#4384 = EDGE_CURVE('',#4335,#4385,#4387,.T.);
#4385 = VERTEX_POINT('',#4386);
#4386 = CARTESIAN_POINT('',(-26.16707498528,16.277166,0.));
#4387 = LINE('',#4388,#4389);
#4388 = CARTESIAN_POINT('',(-34.16707468791,16.277166,0.));
#4389 = VECTOR('',#4390,1.);
#4390 = DIRECTION('',(1.,0.,0.));
#4391 = ORIENTED_EDGE('',*,*,#4392,.F.);
#4392 = EDGE_CURVE('',#564,#4385,#4393,.T.);
#4393 = LINE('',#4394,#4395);
#4394 = CARTESIAN_POINT('',(-26.16707498528,16.277166,14.));
#4395 = VECTOR('',#4396,1.);
#4396 = DIRECTION('',(-0.,-0.,-1.));
#4397 = ORIENTED_EDGE('',*,*,#563,.F.);
#4398 = PLANE('',#4399);
#4399 = AXIS2_PLACEMENT_3D('',#4400,#4401,#4402);
#4400 = CARTESIAN_POINT('',(-34.16707468791,16.277166,14.));
#4401 = DIRECTION('',(0.,-1.,0.));
#4402 = DIRECTION('',(1.,0.,0.));
#4403 = ADVANCED_FACE('',(#4404),#4422,.T.);
#4404 = FACE_BOUND('',#4405,.T.);
#4405 = EDGE_LOOP('',(#4406,#4414,#4420,#4421));
#4406 = ORIENTED_EDGE('',*,*,#4407,.T.);
#4407 = EDGE_CURVE('',#681,#4408,#4410,.T.);
#4408 = VERTEX_POINT('',#4409);
#4409 = CARTESIAN_POINT('',(-35.417075,28.777165896234,0.));
#4410 = LINE('',#4411,#4412);
#4411 = CARTESIAN_POINT('',(-35.417075,28.777165896234,14.));
#4412 = VECTOR('',#4413,1.);
#4413 = DIRECTION('',(-0.,-0.,-1.));
#4414 = ORIENTED_EDGE('',*,*,#4415,.T.);
#4415 = EDGE_CURVE('',#4408,#4361,#4416,.T.);
#4416 = LINE('',#4417,#4418);
#4417 = CARTESIAN_POINT('',(-35.417075,28.777165896234,0.));
#4418 = VECTOR('',#4419,1.);
#4419 = DIRECTION('',(0.,-1.,0.));
#4420 = ORIENTED_EDGE('',*,*,#4368,.F.);
#4421 = ORIENTED_EDGE('',*,*,#688,.F.);
#4422 = PLANE('',#4423);
#4423 = AXIS2_PLACEMENT_3D('',#4424,#4425,#4426);
#4424 = CARTESIAN_POINT('',(-35.417075,28.777165896234,14.));
#4425 = DIRECTION('',(-1.,0.,0.));
#4426 = DIRECTION('',(0.,-1.,0.));
#4427 = ADVANCED_FACE('',(#4428),#4447,.T.);
#4428 = FACE_BOUND('',#4429,.T.);
#4429 = EDGE_LOOP('',(#4430,#4431,#4440,#4446));
#4430 = ORIENTED_EDGE('',*,*,#4392,.T.);
#4431 = ORIENTED_EDGE('',*,*,#4432,.T.);
#4432 = EDGE_CURVE('',#4385,#4433,#4435,.T.);
#4433 = VERTEX_POINT('',#4434);
#4434 = CARTESIAN_POINT('',(-26.16707527451,17.777166,0.));
#4435 = CIRCLE('',#4436,0.75);
#4436 = AXIS2_PLACEMENT_3D('',#4437,#4438,#4439);
#4437 = CARTESIAN_POINT('',(-26.167075,17.027166,0.));
#4438 = DIRECTION('',(0.,0.,1.));
#4439 = DIRECTION('',(1.,0.,0.));
#4440 = ORIENTED_EDGE('',*,*,#4441,.F.);
#4441 = EDGE_CURVE('',#572,#4433,#4442,.T.);
#4442 = LINE('',#4443,#4444);
#4443 = CARTESIAN_POINT('',(-26.16707527451,17.777166,14.));
#4444 = VECTOR('',#4445,1.);
#4445 = DIRECTION('',(-0.,-0.,-1.));
#4446 = ORIENTED_EDGE('',*,*,#571,.F.);
#4447 = CYLINDRICAL_SURFACE('',#4448,0.75);
#4448 = AXIS2_PLACEMENT_3D('',#4449,#4450,#4451);
#4449 = CARTESIAN_POINT('',(-26.167075,17.027166,14.));
#4450 = DIRECTION('',(0.,0.,1.));
#4451 = DIRECTION('',(1.,0.,0.));
#4452 = ADVANCED_FACE('',(#4453),#4471,.T.);
#4453 = FACE_BOUND('',#4454,.T.);
#4454 = EDGE_LOOP('',(#4455,#4463,#4469,#4470));
#4455 = ORIENTED_EDGE('',*,*,#4456,.T.);
#4456 = EDGE_CURVE('',#673,#4457,#4459,.T.);
#4457 = VERTEX_POINT('',#4458);
#4458 = CARTESIAN_POINT('',(-24.917075,28.777165896234,0.));
#4459 = LINE('',#4460,#4461);
#4460 = CARTESIAN_POINT('',(-24.917075,28.777165896234,14.));
#4461 = VECTOR('',#4462,1.);
#4462 = DIRECTION('',(-0.,-0.,-1.));
#4463 = ORIENTED_EDGE('',*,*,#4464,.T.);
#4464 = EDGE_CURVE('',#4457,#4408,#4465,.T.);
#4465 = LINE('',#4466,#4467);
#4466 = CARTESIAN_POINT('',(-24.917075,28.777165896234,0.));
#4467 = VECTOR('',#4468,1.);
#4468 = DIRECTION('',(-1.,0.,0.));
#4469 = ORIENTED_EDGE('',*,*,#4407,.F.);
#4470 = ORIENTED_EDGE('',*,*,#680,.F.);
#4471 = PLANE('',#4472);
#4472 = AXIS2_PLACEMENT_3D('',#4473,#4474,#4475);
#4473 = CARTESIAN_POINT('',(-24.917075,28.777165896234,14.));
#4474 = DIRECTION('',(0.,1.,0.));
#4475 = DIRECTION('',(-1.,0.,0.));
#4476 = ADVANCED_FACE('',(#4477),#4495,.F.);
#4477 = FACE_BOUND('',#4478,.F.);
#4478 = EDGE_LOOP('',(#4479,#4487,#4493,#4494));
#4479 = ORIENTED_EDGE('',*,*,#4480,.T.);
#4480 = EDGE_CURVE('',#581,#4481,#4483,.T.);
#4481 = VERTEX_POINT('',#4482);
#4482 = CARTESIAN_POINT('',(-34.16707499509,17.777166,0.));
#4483 = LINE('',#4484,#4485);
#4484 = CARTESIAN_POINT('',(-34.16707499509,17.777166,14.));
#4485 = VECTOR('',#4486,1.);
#4486 = DIRECTION('',(-0.,-0.,-1.));
#4487 = ORIENTED_EDGE('',*,*,#4488,.T.);
#4488 = EDGE_CURVE('',#4481,#4433,#4489,.T.);
#4489 = LINE('',#4490,#4491);
#4490 = CARTESIAN_POINT('',(-34.16707499509,17.777166,0.));
#4491 = VECTOR('',#4492,1.);
#4492 = DIRECTION('',(1.,0.,0.));
#4493 = ORIENTED_EDGE('',*,*,#4441,.F.);
#4494 = ORIENTED_EDGE('',*,*,#580,.F.);
#4495 = PLANE('',#4496);
#4496 = AXIS2_PLACEMENT_3D('',#4497,#4498,#4499);
#4497 = CARTESIAN_POINT('',(-34.16707499509,17.777166,14.));
#4498 = DIRECTION('',(0.,-1.,0.));
#4499 = DIRECTION('',(1.,0.,0.));
#4500 = ADVANCED_FACE('',(#4501),#4519,.T.);
#4501 = FACE_BOUND('',#4502,.T.);
#4502 = EDGE_LOOP('',(#4503,#4511,#4517,#4518));
#4503 = ORIENTED_EDGE('',*,*,#4504,.T.);
#4504 = EDGE_CURVE('',#665,#4505,#4507,.T.);
#4505 = VERTEX_POINT('',#4506);
#4506 = CARTESIAN_POINT('',(-24.917075,23.777166,0.));
#4507 = LINE('',#4508,#4509);
#4508 = CARTESIAN_POINT('',(-24.917075,23.777166,14.));
#4509 = VECTOR('',#4510,1.);
#4510 = DIRECTION('',(-0.,-0.,-1.));
#4511 = ORIENTED_EDGE('',*,*,#4512,.T.);
#4512 = EDGE_CURVE('',#4505,#4457,#4513,.T.);
#4513 = LINE('',#4514,#4515);
#4514 = CARTESIAN_POINT('',(-24.917075,23.777166,0.));
#4515 = VECTOR('',#4516,1.);
#4516 = DIRECTION('',(0.,1.,0.));
#4517 = ORIENTED_EDGE('',*,*,#4456,.F.);
#4518 = ORIENTED_EDGE('',*,*,#672,.F.);
#4519 = PLANE('',#4520);
#4520 = AXIS2_PLACEMENT_3D('',#4521,#4522,#4523);
#4521 = CARTESIAN_POINT('',(-24.917075,23.777166,14.));
#4522 = DIRECTION('',(1.,0.,0.));
#4523 = DIRECTION('',(0.,1.,0.));
#4524 = ADVANCED_FACE('',(#4525),#4544,.F.);
#4525 = FACE_BOUND('',#4526,.F.);
#4526 = EDGE_LOOP('',(#4527,#4535,#4542,#4543));
#4527 = ORIENTED_EDGE('',*,*,#4528,.T.);
#4528 = EDGE_CURVE('',#589,#4529,#4531,.T.);
#4529 = VERTEX_POINT('',#4530);
#4530 = CARTESIAN_POINT('',(-34.1670749183,18.277166,0.));
#4531 = LINE('',#4532,#4533);
#4532 = CARTESIAN_POINT('',(-34.1670749183,18.277166,14.));
#4533 = VECTOR('',#4534,1.);
#4534 = DIRECTION('',(-0.,-0.,-1.));
#4535 = ORIENTED_EDGE('',*,*,#4536,.T.);
#4536 = EDGE_CURVE('',#4529,#4481,#4537,.T.);
#4537 = CIRCLE('',#4538,0.25);
#4538 = AXIS2_PLACEMENT_3D('',#4539,#4540,#4541);
#4539 = CARTESIAN_POINT('',(-34.167075,18.027166,0.));
#4540 = DIRECTION('',(0.,0.,1.));
#4541 = DIRECTION('',(1.,0.,0.));
#4542 = ORIENTED_EDGE('',*,*,#4480,.F.);
#4543 = ORIENTED_EDGE('',*,*,#588,.F.);
#4544 = CYLINDRICAL_SURFACE('',#4545,0.25);
#4545 = AXIS2_PLACEMENT_3D('',#4546,#4547,#4548);
#4546 = CARTESIAN_POINT('',(-34.167075,18.027166,14.));
#4547 = DIRECTION('',(0.,0.,1.));
#4548 = DIRECTION('',(1.,0.,0.));
#4549 = ADVANCED_FACE('',(#4550),#4568,.T.);
#4550 = FACE_BOUND('',#4551,.T.);
#4551 = EDGE_LOOP('',(#4552,#4560,#4566,#4567));
#4552 = ORIENTED_EDGE('',*,*,#4553,.T.);
#4553 = EDGE_CURVE('',#657,#4554,#4556,.T.);
#4554 = VERTEX_POINT('',#4555);
#4555 = CARTESIAN_POINT('',(-27.917075,23.777166,0.));
#4556 = LINE('',#4557,#4558);
#4557 = CARTESIAN_POINT('',(-27.917075,23.777166,14.));
#4558 = VECTOR('',#4559,1.);
#4559 = DIRECTION('',(-0.,-0.,-1.));
#4560 = ORIENTED_EDGE('',*,*,#4561,.T.);
#4561 = EDGE_CURVE('',#4554,#4505,#4562,.T.);
#4562 = LINE('',#4563,#4564);
#4563 = CARTESIAN_POINT('',(-27.917075,23.777166,0.));
#4564 = VECTOR('',#4565,1.);
#4565 = DIRECTION('',(1.,0.,0.));
#4566 = ORIENTED_EDGE('',*,*,#4504,.F.);
#4567 = ORIENTED_EDGE('',*,*,#664,.F.);
#4568 = PLANE('',#4569);
#4569 = AXIS2_PLACEMENT_3D('',#4570,#4571,#4572);
#4570 = CARTESIAN_POINT('',(-27.917075,23.777166,14.));
#4571 = DIRECTION('',(0.,-1.,0.));
#4572 = DIRECTION('',(1.,0.,0.));
#4573 = ADVANCED_FACE('',(#4574),#4592,.T.);
#4574 = FACE_BOUND('',#4575,.T.);
#4575 = EDGE_LOOP('',(#4576,#4577,#4585,#4591));
#4576 = ORIENTED_EDGE('',*,*,#4528,.T.);
#4577 = ORIENTED_EDGE('',*,*,#4578,.T.);
#4578 = EDGE_CURVE('',#4529,#4579,#4581,.T.);
#4579 = VERTEX_POINT('',#4580);
#4580 = CARTESIAN_POINT('',(-26.1670749183,18.277166,0.));
#4581 = LINE('',#4582,#4583);
#4582 = CARTESIAN_POINT('',(-34.1670749183,18.277166,0.));
#4583 = VECTOR('',#4584,1.);
#4584 = DIRECTION('',(1.,0.,0.));
#4585 = ORIENTED_EDGE('',*,*,#4586,.F.);
#4586 = EDGE_CURVE('',#598,#4579,#4587,.T.);
#4587 = LINE('',#4588,#4589);
#4588 = CARTESIAN_POINT('',(-26.1670749183,18.277166,14.));
#4589 = VECTOR('',#4590,1.);
#4590 = DIRECTION('',(-0.,-0.,-1.));
#4591 = ORIENTED_EDGE('',*,*,#597,.F.);
#4592 = PLANE('',#4593);
#4593 = AXIS2_PLACEMENT_3D('',#4594,#4595,#4596);
#4594 = CARTESIAN_POINT('',(-34.1670749183,18.277166,14.));
#4595 = DIRECTION('',(0.,-1.,0.));
#4596 = DIRECTION('',(1.,0.,0.));
#4597 = ADVANCED_FACE('',(#4598),#4616,.T.);
#4598 = FACE_BOUND('',#4599,.T.);
#4599 = EDGE_LOOP('',(#4600,#4608,#4614,#4615));
#4600 = ORIENTED_EDGE('',*,*,#4601,.T.);
#4601 = EDGE_CURVE('',#649,#4602,#4604,.T.);
#4602 = VERTEX_POINT('',#4603);
#4603 = CARTESIAN_POINT('',(-27.917075,20.277166,0.));
#4604 = LINE('',#4605,#4606);
#4605 = CARTESIAN_POINT('',(-27.917075,20.277166,14.));
#4606 = VECTOR('',#4607,1.);
#4607 = DIRECTION('',(-0.,-0.,-1.));
#4608 = ORIENTED_EDGE('',*,*,#4609,.T.);
#4609 = EDGE_CURVE('',#4602,#4554,#4610,.T.);
#4610 = LINE('',#4611,#4612);
#4611 = CARTESIAN_POINT('',(-27.917075,20.277166,0.));
#4612 = VECTOR('',#4613,1.);
#4613 = DIRECTION('',(0.,1.,0.));
#4614 = ORIENTED_EDGE('',*,*,#4553,.F.);
#4615 = ORIENTED_EDGE('',*,*,#656,.F.);
#4616 = PLANE('',#4617);
#4617 = AXIS2_PLACEMENT_3D('',#4618,#4619,#4620);
#4618 = CARTESIAN_POINT('',(-27.917075,20.277166,14.));
#4619 = DIRECTION('',(1.,0.,0.));
#4620 = DIRECTION('',(0.,1.,0.));
#4621 = ADVANCED_FACE('',(#4622),#4641,.T.);
#4622 = FACE_BOUND('',#4623,.T.);
#4623 = EDGE_LOOP('',(#4624,#4625,#4634,#4640));
#4624 = ORIENTED_EDGE('',*,*,#4586,.T.);
#4625 = ORIENTED_EDGE('',*,*,#4626,.T.);
#4626 = EDGE_CURVE('',#4579,#4627,#4629,.T.);
#4627 = VERTEX_POINT('',#4628);
#4628 = CARTESIAN_POINT('',(-26.167075,19.777166,0.));
#4629 = CIRCLE('',#4630,0.75);
#4630 = AXIS2_PLACEMENT_3D('',#4631,#4632,#4633);
#4631 = CARTESIAN_POINT('',(-26.16707482924,19.027166,0.));
#4632 = DIRECTION('',(0.,0.,1.));
#4633 = DIRECTION('',(1.,0.,0.));
#4634 = ORIENTED_EDGE('',*,*,#4635,.F.);
#4635 = EDGE_CURVE('',#606,#4627,#4636,.T.);
#4636 = LINE('',#4637,#4638);
#4637 = CARTESIAN_POINT('',(-26.167075,19.777166,14.));
#4638 = VECTOR('',#4639,1.);
#4639 = DIRECTION('',(-0.,-0.,-1.));
#4640 = ORIENTED_EDGE('',*,*,#605,.F.);
#4641 = CYLINDRICAL_SURFACE('',#4642,0.75);
#4642 = AXIS2_PLACEMENT_3D('',#4643,#4644,#4645);
#4643 = CARTESIAN_POINT('',(-26.16707482924,19.027166,14.));
#4644 = DIRECTION('',(0.,0.,1.));
#4645 = DIRECTION('',(1.,0.,0.));
#4646 = ADVANCED_FACE('',(#4647),#4665,.T.);
#4647 = FACE_BOUND('',#4648,.T.);
#4648 = EDGE_LOOP('',(#4649,#4650,#4658,#4664));
#4649 = ORIENTED_EDGE('',*,*,#648,.F.);
#4650 = ORIENTED_EDGE('',*,*,#4651,.T.);
#4651 = EDGE_CURVE('',#640,#4652,#4654,.T.);
#4652 = VERTEX_POINT('',#4653);
#4653 = CARTESIAN_POINT('',(-27.917175,20.277166,0.));
#4654 = LINE('',#4655,#4656);
#4655 = CARTESIAN_POINT('',(-27.917175,20.277166,14.));
#4656 = VECTOR('',#4657,1.);
#4657 = DIRECTION('',(-0.,-0.,-1.));
#4658 = ORIENTED_EDGE('',*,*,#4659,.T.);
#4659 = EDGE_CURVE('',#4652,#4602,#4660,.T.);
#4660 = LINE('',#4661,#4662);
#4661 = CARTESIAN_POINT('',(-28.167075,20.277166,0.));
#4662 = VECTOR('',#4663,1.);
#4663 = DIRECTION('',(1.,0.,0.));
#4664 = ORIENTED_EDGE('',*,*,#4601,.F.);
#4665 = PLANE('',#4666);
#4666 = AXIS2_PLACEMENT_3D('',#4667,#4668,#4669);
#4667 = CARTESIAN_POINT('',(-28.167075,20.277166,14.));
#4668 = DIRECTION('',(0.,-1.,0.));
#4669 = DIRECTION('',(1.,0.,0.));
#4670 = ADVANCED_FACE('',(#4671),#4689,.T.);
#4671 = FACE_BOUND('',#4672,.T.);
#4672 = EDGE_LOOP('',(#4673,#4674,#4675,#4683));
#4673 = ORIENTED_EDGE('',*,*,#614,.F.);
#4674 = ORIENTED_EDGE('',*,*,#4635,.T.);
#4675 = ORIENTED_EDGE('',*,*,#4676,.T.);
#4676 = EDGE_CURVE('',#4627,#4677,#4679,.T.);
#4677 = VERTEX_POINT('',#4678);
#4678 = CARTESIAN_POINT('',(-27.917175,19.777166,0.));
#4679 = LINE('',#4680,#4681);
#4680 = CARTESIAN_POINT('',(-26.167075,19.777166,0.));
#4681 = VECTOR('',#4682,1.);
#4682 = DIRECTION('',(-1.,0.,0.));
#4683 = ORIENTED_EDGE('',*,*,#4684,.F.);
#4684 = EDGE_CURVE('',#615,#4677,#4685,.T.);
#4685 = LINE('',#4686,#4687);
#4686 = CARTESIAN_POINT('',(-27.917175,19.777166,14.));
#4687 = VECTOR('',#4688,1.);
#4688 = DIRECTION('',(-0.,-0.,-1.));
#4689 = PLANE('',#4690);
#4690 = AXIS2_PLACEMENT_3D('',#4691,#4692,#4693);
#4691 = CARTESIAN_POINT('',(-26.167075,19.777166,14.));
#4692 = DIRECTION('',(0.,1.,0.));
#4693 = DIRECTION('',(-1.,0.,0.));
#4694 = ADVANCED_FACE('',(#4695),#4714,.F.);
#4695 = FACE_BOUND('',#4696,.T.);
#4696 = EDGE_LOOP('',(#4697,#4698,#4706,#4713));
#4697 = ORIENTED_EDGE('',*,*,#639,.T.);
#4698 = ORIENTED_EDGE('',*,*,#4699,.T.);
#4699 = EDGE_CURVE('',#632,#4700,#4702,.T.);
#4700 = VERTEX_POINT('',#4701);
#4701 = CARTESIAN_POINT('',(-28.167075,20.027266,0.));
#4702 = LINE('',#4703,#4704);
#4703 = CARTESIAN_POINT('',(-28.167075,20.027266,14.));
#4704 = VECTOR('',#4705,1.);
#4705 = DIRECTION('',(-0.,-0.,-1.));
#4706 = ORIENTED_EDGE('',*,*,#4707,.F.);
#4707 = EDGE_CURVE('',#4652,#4700,#4708,.T.);
#4708 = CIRCLE('',#4709,0.2499);
#4709 = AXIS2_PLACEMENT_3D('',#4710,#4711,#4712);
#4710 = CARTESIAN_POINT('',(-27.917175,20.027266,0.));
#4711 = DIRECTION('',(0.,-0.,1.));
#4712 = DIRECTION('',(0.,1.,0.));
#4713 = ORIENTED_EDGE('',*,*,#4651,.F.);
#4714 = CYLINDRICAL_SURFACE('',#4715,0.2499);
#4715 = AXIS2_PLACEMENT_3D('',#4716,#4717,#4718);
#4716 = CARTESIAN_POINT('',(-27.917175,20.027266,14.));
#4717 = DIRECTION('',(-0.,-0.,-1.));
#4718 = DIRECTION('',(0.,1.,0.));
#4719 = ADVANCED_FACE('',(#4720),#4739,.F.);
#4720 = FACE_BOUND('',#4721,.F.);
#4721 = EDGE_LOOP('',(#4722,#4723,#4731,#4738));
#4722 = ORIENTED_EDGE('',*,*,#622,.T.);
#4723 = ORIENTED_EDGE('',*,*,#4724,.T.);
#4724 = EDGE_CURVE('',#623,#4725,#4727,.T.);
#4725 = VERTEX_POINT('',#4726);
#4726 = CARTESIAN_POINT('',(-28.167075,20.027066,0.));
#4727 = LINE('',#4728,#4729);
#4728 = CARTESIAN_POINT('',(-28.167075,20.027066,14.));
#4729 = VECTOR('',#4730,1.);
#4730 = DIRECTION('',(-0.,-0.,-1.));
#4731 = ORIENTED_EDGE('',*,*,#4732,.F.);
#4732 = EDGE_CURVE('',#4677,#4725,#4733,.T.);
#4733 = CIRCLE('',#4734,0.2499);
#4734 = AXIS2_PLACEMENT_3D('',#4735,#4736,#4737);
#4735 = CARTESIAN_POINT('',(-27.917175,20.027066,0.));
#4736 = DIRECTION('',(0.,-0.,-1.));
#4737 = DIRECTION('',(0.,1.,-0.));
#4738 = ORIENTED_EDGE('',*,*,#4684,.F.);
#4739 = CYLINDRICAL_SURFACE('',#4740,0.2499);
#4740 = AXIS2_PLACEMENT_3D('',#4741,#4742,#4743);
#4741 = CARTESIAN_POINT('',(-27.917175,20.027066,14.));
#4742 = DIRECTION('',(-0.,-0.,-1.));
#4743 = DIRECTION('',(-0.,-1.,0.));
#4744 = ADVANCED_FACE('',(#4745),#4756,.T.);
#4745 = FACE_BOUND('',#4746,.T.);
#4746 = EDGE_LOOP('',(#4747,#4748,#4749,#4755));
#4747 = ORIENTED_EDGE('',*,*,#631,.F.);
#4748 = ORIENTED_EDGE('',*,*,#4724,.T.);
#4749 = ORIENTED_EDGE('',*,*,#4750,.T.);
#4750 = EDGE_CURVE('',#4725,#4700,#4751,.T.);
#4751 = LINE('',#4752,#4753);
#4752 = CARTESIAN_POINT('',(-28.167075,19.777166,0.));
#4753 = VECTOR('',#4754,1.);
#4754 = DIRECTION('',(0.,1.,0.));
#4755 = ORIENTED_EDGE('',*,*,#4699,.F.);
#4756 = PLANE('',#4757);
#4757 = AXIS2_PLACEMENT_3D('',#4758,#4759,#4760);
#4758 = CARTESIAN_POINT('',(-28.167075,19.777166,14.));
#4759 = DIRECTION('',(1.,0.,0.));
#4760 = DIRECTION('',(0.,1.,0.));
#4761 = ADVANCED_FACE('',(#4762),#4908,.T.);
#4762 = FACE_BOUND('',#4763,.T.);
#4763 = EDGE_LOOP('',(#4764,#4765,#4766,#4767,#4768,#4769,#4770,#4771,
    #4772,#4773,#4774,#4775,#4776,#4777,#4778,#4779,#4780,#4781,#4782,
    #4783,#4784,#4785,#4786,#4787,#4788,#4789,#4790,#4791,#4792,#4793,
    #4794,#4795,#4796,#4797,#4798,#4799,#4800,#4801,#4802,#4803,#4804,
    #4805,#4806,#4807,#4808,#4809,#4810,#4811,#4812,#4813,#4814,#4815,
    #4816,#4817,#4818,#4819,#4820,#4821,#4822,#4823,#4824,#4825,#4826,
    #4827,#4828,#4829,#4830,#4831,#4832,#4833,#4834,#4835,#4836,#4837,
    #4838,#4839,#4840,#4841,#4842,#4843,#4844,#4845,#4846,#4847,#4848,
    #4849,#4850,#4851,#4852,#4853,#4854,#4855,#4856,#4857,#4858,#4859,
    #4860,#4861,#4862,#4863,#4864,#4865,#4866,#4867,#4868,#4869,#4870,
    #4871,#4872,#4873,#4874,#4875,#4876,#4877,#4878,#4879,#4880,#4881,
    #4882,#4883,#4884,#4885,#4886,#4887,#4888,#4889,#4890,#4891,#4892,
    #4893,#4894,#4895,#4896,#4897,#4898,#4899,#4900,#4901,#4902,#4903,
    #4904,#4905,#4906,#4907));
#4764 = ORIENTED_EDGE('',*,*,#1245,.T.);
#4765 = ORIENTED_EDGE('',*,*,#1276,.T.);
#4766 = ORIENTED_EDGE('',*,*,#1326,.F.);
#4767 = ORIENTED_EDGE('',*,*,#1384,.F.);
#4768 = ORIENTED_EDGE('',*,*,#1433,.T.);
#4769 = ORIENTED_EDGE('',*,*,#1481,.T.);
#4770 = ORIENTED_EDGE('',*,*,#1530,.F.);
#4771 = ORIENTED_EDGE('',*,*,#1578,.F.);
#4772 = ORIENTED_EDGE('',*,*,#1627,.T.);
#4773 = ORIENTED_EDGE('',*,*,#1675,.T.);
#4774 = ORIENTED_EDGE('',*,*,#1724,.F.);
#4775 = ORIENTED_EDGE('',*,*,#1772,.F.);
#4776 = ORIENTED_EDGE('',*,*,#1822,.T.);
#4777 = ORIENTED_EDGE('',*,*,#1870,.T.);
#4778 = ORIENTED_EDGE('',*,*,#1920,.F.);
#4779 = ORIENTED_EDGE('',*,*,#1968,.F.);
#4780 = ORIENTED_EDGE('',*,*,#2018,.T.);
#4781 = ORIENTED_EDGE('',*,*,#2066,.T.);
#4782 = ORIENTED_EDGE('',*,*,#2116,.F.);
#4783 = ORIENTED_EDGE('',*,*,#2164,.F.);
#4784 = ORIENTED_EDGE('',*,*,#2214,.F.);
#4785 = ORIENTED_EDGE('',*,*,#2253,.T.);
#4786 = ORIENTED_EDGE('',*,*,#2303,.T.);
#4787 = ORIENTED_EDGE('',*,*,#2358,.F.);
#4788 = ORIENTED_EDGE('',*,*,#2401,.T.);
#4789 = ORIENTED_EDGE('',*,*,#2449,.T.);
#4790 = ORIENTED_EDGE('',*,*,#2499,.T.);
#4791 = ORIENTED_EDGE('',*,*,#2554,.F.);
#4792 = ORIENTED_EDGE('',*,*,#2597,.T.);
#4793 = ORIENTED_EDGE('',*,*,#2645,.T.);
#4794 = ORIENTED_EDGE('',*,*,#2695,.T.);
#4795 = ORIENTED_EDGE('',*,*,#2750,.F.);
#4796 = ORIENTED_EDGE('',*,*,#2793,.T.);
#4797 = ORIENTED_EDGE('',*,*,#2841,.T.);
#4798 = ORIENTED_EDGE('',*,*,#2891,.T.);
#4799 = ORIENTED_EDGE('',*,*,#2946,.F.);
#4800 = ORIENTED_EDGE('',*,*,#2989,.T.);
#4801 = ORIENTED_EDGE('',*,*,#3037,.T.);
#4802 = ORIENTED_EDGE('',*,*,#3094,.F.);
#4803 = ORIENTED_EDGE('',*,*,#3142,.F.);
#4804 = ORIENTED_EDGE('',*,*,#3185,.T.);
#4805 = ORIENTED_EDGE('',*,*,#3233,.T.);
#4806 = ORIENTED_EDGE('',*,*,#3290,.F.);
#4807 = ORIENTED_EDGE('',*,*,#3338,.F.);
#4808 = ORIENTED_EDGE('',*,*,#3381,.T.);
#4809 = ORIENTED_EDGE('',*,*,#3429,.T.);
#4810 = ORIENTED_EDGE('',*,*,#3486,.F.);
#4811 = ORIENTED_EDGE('',*,*,#3534,.F.);
#4812 = ORIENTED_EDGE('',*,*,#3577,.T.);
#4813 = ORIENTED_EDGE('',*,*,#3625,.T.);
#4814 = ORIENTED_EDGE('',*,*,#3682,.F.);
#4815 = ORIENTED_EDGE('',*,*,#3730,.F.);
#4816 = ORIENTED_EDGE('',*,*,#3773,.T.);
#4817 = ORIENTED_EDGE('',*,*,#3821,.T.);
#4818 = ORIENTED_EDGE('',*,*,#3878,.F.);
#4819 = ORIENTED_EDGE('',*,*,#3926,.F.);
#4820 = ORIENTED_EDGE('',*,*,#3969,.T.);
#4821 = ORIENTED_EDGE('',*,*,#4017,.T.);
#4822 = ORIENTED_EDGE('',*,*,#4067,.T.);
#4823 = ORIENTED_EDGE('',*,*,#4122,.F.);
#4824 = ORIENTED_EDGE('',*,*,#4166,.T.);
#4825 = ORIENTED_EDGE('',*,*,#4221,.T.);
#4826 = ORIENTED_EDGE('',*,*,#4264,.T.);
#4827 = ORIENTED_EDGE('',*,*,#4311,.T.);
#4828 = ORIENTED_EDGE('',*,*,#4360,.T.);
#4829 = ORIENTED_EDGE('',*,*,#4415,.F.);
#4830 = ORIENTED_EDGE('',*,*,#4464,.F.);
#4831 = ORIENTED_EDGE('',*,*,#4512,.F.);
#4832 = ORIENTED_EDGE('',*,*,#4561,.F.);
#4833 = ORIENTED_EDGE('',*,*,#4609,.F.);
#4834 = ORIENTED_EDGE('',*,*,#4659,.F.);
#4835 = ORIENTED_EDGE('',*,*,#4707,.T.);
#4836 = ORIENTED_EDGE('',*,*,#4750,.F.);
#4837 = ORIENTED_EDGE('',*,*,#4732,.F.);
#4838 = ORIENTED_EDGE('',*,*,#4676,.F.);
#4839 = ORIENTED_EDGE('',*,*,#4626,.F.);
#4840 = ORIENTED_EDGE('',*,*,#4578,.F.);
#4841 = ORIENTED_EDGE('',*,*,#4536,.T.);
#4842 = ORIENTED_EDGE('',*,*,#4488,.T.);
#4843 = ORIENTED_EDGE('',*,*,#4432,.F.);
#4844 = ORIENTED_EDGE('',*,*,#4384,.F.);
#4845 = ORIENTED_EDGE('',*,*,#4342,.T.);
#4846 = ORIENTED_EDGE('',*,*,#4294,.T.);
#4847 = ORIENTED_EDGE('',*,*,#4238,.F.);
#4848 = ORIENTED_EDGE('',*,*,#4189,.F.);
#4849 = ORIENTED_EDGE('',*,*,#4147,.T.);
#4850 = ORIENTED_EDGE('',*,*,#4098,.T.);
#4851 = ORIENTED_EDGE('',*,*,#4042,.F.);
#4852 = ORIENTED_EDGE('',*,*,#3993,.F.);
#4853 = ORIENTED_EDGE('',*,*,#3951,.T.);
#4854 = ORIENTED_EDGE('',*,*,#3902,.T.);
#4855 = ORIENTED_EDGE('',*,*,#3846,.F.);
#4856 = ORIENTED_EDGE('',*,*,#3797,.F.);
#4857 = ORIENTED_EDGE('',*,*,#3755,.T.);
#4858 = ORIENTED_EDGE('',*,*,#3706,.T.);
#4859 = ORIENTED_EDGE('',*,*,#3650,.F.);
#4860 = ORIENTED_EDGE('',*,*,#3601,.F.);
#4861 = ORIENTED_EDGE('',*,*,#3559,.T.);
#4862 = ORIENTED_EDGE('',*,*,#3510,.T.);
#4863 = ORIENTED_EDGE('',*,*,#3454,.F.);
#4864 = ORIENTED_EDGE('',*,*,#3405,.F.);
#4865 = ORIENTED_EDGE('',*,*,#3363,.T.);
#4866 = ORIENTED_EDGE('',*,*,#3307,.F.);
#4867 = ORIENTED_EDGE('',*,*,#3258,.F.);
#4868 = ORIENTED_EDGE('',*,*,#3209,.F.);
#4869 = ORIENTED_EDGE('',*,*,#3167,.T.);
#4870 = ORIENTED_EDGE('',*,*,#3111,.F.);
#4871 = ORIENTED_EDGE('',*,*,#3062,.F.);
#4872 = ORIENTED_EDGE('',*,*,#3013,.F.);
#4873 = ORIENTED_EDGE('',*,*,#2971,.T.);
#4874 = ORIENTED_EDGE('',*,*,#2915,.F.);
#4875 = ORIENTED_EDGE('',*,*,#2866,.F.);
#4876 = ORIENTED_EDGE('',*,*,#2826,.F.);
#4877 = ORIENTED_EDGE('',*,*,#2777,.T.);
#4878 = ORIENTED_EDGE('',*,*,#2728,.T.);
#4879 = ORIENTED_EDGE('',*,*,#2679,.F.);
#4880 = ORIENTED_EDGE('',*,*,#2630,.F.);
#4881 = ORIENTED_EDGE('',*,*,#2581,.T.);
#4882 = ORIENTED_EDGE('',*,*,#2532,.T.);
#4883 = ORIENTED_EDGE('',*,*,#2483,.F.);
#4884 = ORIENTED_EDGE('',*,*,#2434,.F.);
#4885 = ORIENTED_EDGE('',*,*,#2385,.T.);
#4886 = ORIENTED_EDGE('',*,*,#2336,.T.);
#4887 = ORIENTED_EDGE('',*,*,#2287,.F.);
#4888 = ORIENTED_EDGE('',*,*,#2238,.F.);
#4889 = ORIENTED_EDGE('',*,*,#2189,.T.);
#4890 = ORIENTED_EDGE('',*,*,#2140,.F.);
#4891 = ORIENTED_EDGE('',*,*,#2091,.F.);
#4892 = ORIENTED_EDGE('',*,*,#2042,.F.);
#4893 = ORIENTED_EDGE('',*,*,#1993,.T.);
#4894 = ORIENTED_EDGE('',*,*,#1944,.T.);
#4895 = ORIENTED_EDGE('',*,*,#1895,.F.);
#4896 = ORIENTED_EDGE('',*,*,#1836,.F.);
#4897 = ORIENTED_EDGE('',*,*,#1787,.T.);
#4898 = ORIENTED_EDGE('',*,*,#1738,.F.);
#4899 = ORIENTED_EDGE('',*,*,#1700,.F.);
#4900 = ORIENTED_EDGE('',*,*,#1651,.F.);
#4901 = ORIENTED_EDGE('',*,*,#1603,.F.);
#4902 = ORIENTED_EDGE('',*,*,#1554,.F.);
#4903 = ORIENTED_EDGE('',*,*,#1506,.F.);
#4904 = ORIENTED_EDGE('',*,*,#1457,.F.);
#4905 = ORIENTED_EDGE('',*,*,#1409,.F.);
#4906 = ORIENTED_EDGE('',*,*,#1350,.F.);
#4907 = ORIENTED_EDGE('',*,*,#1301,.T.);
#4908 = PLANE('',#4909);
#4909 = AXIS2_PLACEMENT_3D('',#4910,#4911,#4912);
#4910 = CARTESIAN_POINT('',(-30.16707268247,5.527165924765,0.));
#4911 = DIRECTION('',(-0.,-0.,-1.));
#4912 = DIRECTION('',(-1.,0.,0.));
#4913 = ( GEOMETRIC_REPRESENTATION_CONTEXT(3) 
GLOBAL_UNCERTAINTY_ASSIGNED_CONTEXT((#4917)) 
GLOBAL_UNIT_ASSIGNED_CONTEXT((#4914,#4915,#4916)) REPRESENTATION_CONTEXT
('Context #1','3D Context with UNIT and UNCERTAINTY') );
#4914 = ( LENGTH_UNIT() NAMED_UNIT(*) SI_UNIT(.MILLI.,.METRE.) );
#4915 = ( NAMED_UNIT(*) PLANE_ANGLE_UNIT() SI_UNIT($,.RADIAN.) );
#4916 = ( NAMED_UNIT(*) SI_UNIT($,.STERADIAN.) SOLID_ANGLE_UNIT() );
#4917 = UNCERTAINTY_MEASURE_WITH_UNIT(LENGTH_MEASURE(1.E-07),#4914,
  'distance_accuracy_value','confusion accuracy');
#4918 = PRODUCT_RELATED_PRODUCT_CATEGORY('part',$,(#7));
#4919 = MECHANICAL_DESIGN_GEOMETRIC_PRESENTATION_REPRESENTATION('',(
    #4920),#4913);
#4920 = STYLED_ITEM('color',(#4921),#15);
#4921 = PRESENTATION_STYLE_ASSIGNMENT((#4922,#4928));
#4922 = SURFACE_STYLE_USAGE(.BOTH.,#4923);
#4923 = SURFACE_SIDE_STYLE('',(#4924));
#4924 = SURFACE_STYLE_FILL_AREA(#4925);
#4925 = FILL_AREA_STYLE('',(#4926));
#4926 = FILL_AREA_STYLE_COLOUR('',#4927);
#4927 = COLOUR_RGB('',0.447058818107,0.474509808674,0.501960817233);
#4928 = CURVE_STYLE('',#4929,POSITIVE_LENGTH_MEASURE(0.1),#4930);
#4929 = DRAUGHTING_PRE_DEFINED_CURVE_FONT('continuous');
#4930 = COLOUR_RGB('',9.803921802644E-02,9.803921802644E-02,
  9.803921802644E-02);
ENDSEC;
END-ISO-10303-21;
