ISO-10303-21;
HEADER;
FILE_DESCRIPTION(('FreeCAD Model'),'2;1');
FILE_NAME('Open CASCADE Shape Model','2026-08-27T18:09:24',(''),(''),
  'Open CASCADE STEP processor 7.8','FreeCAD','Unknown');
FILE_SCHEMA(('AUTOMOTIVE_DESIGN { 1 0 10303 214 1 1 1 1 }'));
ENDSEC;
DATA;
#1 = APPLICATION_PROTOCOL_DEFINITION('international standard',
  'automotive_design',2000,#2);
#2 = APPLICATION_CONTEXT(
  'core data for automotive mechanical design processes');
#3 = SHAPE_DEFINITION_REPRESENTATION(#4,#10);
#4 = PRODUCT_DEFINITION_SHAPE('','',#5);
#5 = PRODUCT_DEFINITION('design','',#6,#9);
#6 = PRODUCT_DEFINITION_FORMATION('','',#7);
#7 = PRODUCT('Fillet','Fillet','',(#8));
#8 = PRODUCT_CONTEXT('',#2,'mechanical');
#9 = PRODUCT_DEFINITION_CONTEXT('part definition',#2,'design');
#10 = ADVANCED_BREP_SHAPE_REPRESENTATION('',(#11,#15),#2906);
#11 = AXIS2_PLACEMENT_3D('',#12,#13,#14);
#12 = CARTESIAN_POINT('',(0.,0.,0.));
#13 = DIRECTION('',(0.,0.,1.));
#14 = DIRECTION('',(1.,0.,-0.));
#15 = MANIFOLD_SOLID_BREP('',#16);
#16 = CLOSED_SHELL('',(#17,#739,#770,#795,#819,#843,#867,#892,#916,#940,
    #964,#989,#1013,#1037,#1061,#1086,#1110,#1134,#1158,#1183,#1208,
    #1232,#1256,#1281,#1306,#1330,#1354,#1379,#1404,#1428,#1452,#1477,
    #1502,#1526,#1550,#1575,#1600,#1624,#1648,#1673,#1698,#1722,#1746,
    #1771,#1796,#1820,#1844,#1869,#1894,#1918,#1942,#1967,#1992,#2016,
    #2040,#2065,#2090,#2114,#2138,#2163,#2188,#2212,#2236,#2261,#2286,
    #2310,#2334,#2358,#2383,#2408,#2432,#2456,#2481,#2505,#2529,#2553,
    #2578,#2602,#2626,#2650,#2675,#2699,#2723,#2747,#2772,#2796,#2813));
#17 = ADVANCED_FACE('',(#18),#734,.T.);
#18 = FACE_BOUND('',#19,.T.);
#19 = EDGE_LOOP('',(#20,#30,#38,#46,#54,#62,#70,#78,#86,#94,#103,#111,
    #120,#128,#137,#145,#154,#162,#171,#179,#188,#196,#205,#213,#222,
    #230,#239,#247,#256,#264,#273,#281,#290,#298,#307,#315,#324,#332,
    #341,#349,#358,#366,#375,#383,#391,#399,#407,#415,#423,#431,#439,
    #447,#456,#464,#472,#481,#489,#498,#506,#515,#523,#532,#540,#549,
    #557,#566,#574,#583,#591,#600,#608,#617,#625,#634,#642,#651,#659,
    #668,#676,#685,#693,#702,#710,#719,#727));
#20 = ORIENTED_EDGE('',*,*,#21,.F.);
#21 = EDGE_CURVE('',#22,#24,#26,.T.);
#22 = VERTEX_POINT('',#23);
#23 = CARTESIAN_POINT('',(-27.91707,21.777166,14.));
#24 = VERTEX_POINT('',#25);
#25 = CARTESIAN_POINT('',(-27.91717,21.777166,14.));
#26 = LINE('',#27,#28);
#27 = CARTESIAN_POINT('',(-26.66707,21.777166,14.));
#28 = VECTOR('',#29,1.);
#29 = DIRECTION('',(-1.,0.,0.));
#30 = ORIENTED_EDGE('',*,*,#31,.F.);
#31 = EDGE_CURVE('',#32,#22,#34,.T.);
#32 = VERTEX_POINT('',#33);
#33 = CARTESIAN_POINT('',(-27.91707,25.277166,14.));
#34 = LINE('',#35,#36);
#35 = CARTESIAN_POINT('',(-27.91707,25.277166,14.));
#36 = VECTOR('',#37,1.);
#37 = DIRECTION('',(0.,-1.,0.));
#38 = ORIENTED_EDGE('',*,*,#39,.T.);
#39 = EDGE_CURVE('',#32,#40,#42,.T.);
#40 = VERTEX_POINT('',#41);
#41 = CARTESIAN_POINT('',(-24.91707,25.277166,14.));
#42 = LINE('',#43,#44);
#43 = CARTESIAN_POINT('',(-27.91707,25.277166,14.));
#44 = VECTOR('',#45,1.);
#45 = DIRECTION('',(1.,0.,0.));
#46 = ORIENTED_EDGE('',*,*,#47,.T.);
#47 = EDGE_CURVE('',#40,#48,#50,.T.);
#48 = VERTEX_POINT('',#49);
#49 = CARTESIAN_POINT('',(-24.91707,30.277166,14.));
#50 = LINE('',#51,#52);
#51 = CARTESIAN_POINT('',(-24.91707,25.277166,14.));
#52 = VECTOR('',#53,1.);
#53 = DIRECTION('',(0.,1.,0.));
#54 = ORIENTED_EDGE('',*,*,#55,.T.);
#55 = EDGE_CURVE('',#48,#56,#58,.T.);
#56 = VERTEX_POINT('',#57);
#57 = CARTESIAN_POINT('',(-35.41707,30.277166,14.));
#58 = LINE('',#59,#60);
#59 = CARTESIAN_POINT('',(-24.91707,30.277166,14.));
#60 = VECTOR('',#61,1.);
#61 = DIRECTION('',(-1.,0.,0.));
#62 = ORIENTED_EDGE('',*,*,#63,.T.);
#63 = EDGE_CURVE('',#56,#64,#66,.T.);
#64 = VERTEX_POINT('',#65);
#65 = CARTESIAN_POINT('',(-35.41707,25.277166,14.));
#66 = LINE('',#67,#68);
#67 = CARTESIAN_POINT('',(-35.41707,30.277166,14.));
#68 = VECTOR('',#69,1.);
#69 = DIRECTION('',(0.,-1.,0.));
#70 = ORIENTED_EDGE('',*,*,#71,.T.);
#71 = EDGE_CURVE('',#64,#72,#74,.T.);
#72 = VERTEX_POINT('',#73);
#73 = CARTESIAN_POINT('',(-32.41707,25.277166,14.));
#74 = LINE('',#75,#76);
#75 = CARTESIAN_POINT('',(-35.41707,25.277166,14.));
#76 = VECTOR('',#77,1.);
#77 = DIRECTION('',(1.,0.,0.));
#78 = ORIENTED_EDGE('',*,*,#79,.F.);
#79 = EDGE_CURVE('',#80,#72,#82,.T.);
#80 = VERTEX_POINT('',#81);
#81 = CARTESIAN_POINT('',(-32.41707,21.777166,14.));
#82 = LINE('',#83,#84);
#83 = CARTESIAN_POINT('',(-32.41707,20.777166,14.));
#84 = VECTOR('',#85,1.);
#85 = DIRECTION('',(0.,1.,0.));
#86 = ORIENTED_EDGE('',*,*,#87,.T.);
#87 = EDGE_CURVE('',#80,#88,#90,.T.);
#88 = VERTEX_POINT('',#89);
#89 = CARTESIAN_POINT('',(-32.41697,21.777166,14.));
#90 = LINE('',#91,#92);
#91 = CARTESIAN_POINT('',(-32.41707,21.777166,14.));
#92 = VECTOR('',#93,1.);
#93 = DIRECTION('',(1.,0.,0.));
#94 = ORIENTED_EDGE('',*,*,#95,.T.);
#95 = EDGE_CURVE('',#88,#96,#98,.T.);
#96 = VERTEX_POINT('',#97);
#97 = CARTESIAN_POINT('',(-32.16707,21.527266,14.));
#98 = CIRCLE('',#99,0.2499);
#99 = AXIS2_PLACEMENT_3D('',#100,#101,#102);
#100 = CARTESIAN_POINT('',(-32.41697,21.527266,14.));
#101 = DIRECTION('',(-0.,-0.,-1.));
#102 = DIRECTION('',(0.,-1.,0.));
#103 = ORIENTED_EDGE('',*,*,#104,.F.);
#104 = EDGE_CURVE('',#105,#96,#107,.T.);
#105 = VERTEX_POINT('',#106);
#106 = CARTESIAN_POINT('',(-32.16707,20.777166,14.));
#107 = LINE('',#108,#109);
#108 = CARTESIAN_POINT('',(-32.16707,20.777166,14.));
#109 = VECTOR('',#110,1.);
#110 = DIRECTION('',(0.,1.,0.));
#111 = ORIENTED_EDGE('',*,*,#112,.F.);
#112 = EDGE_CURVE('',#113,#105,#115,.T.);
#113 = VERTEX_POINT('',#114);
#114 = CARTESIAN_POINT('',(-33.16707,19.777166,14.));
#115 = CIRCLE('',#116,1.);
#116 = AXIS2_PLACEMENT_3D('',#117,#118,#119);
#117 = CARTESIAN_POINT('',(-33.16707,20.777166,14.));
#118 = DIRECTION('',(0.,0.,1.));
#119 = DIRECTION('',(1.,0.,0.));
#120 = ORIENTED_EDGE('',*,*,#121,.T.);
#121 = EDGE_CURVE('',#113,#122,#124,.T.);
#122 = VERTEX_POINT('',#123);
#123 = CARTESIAN_POINT('',(-33.6670695098,19.777166,14.));
#124 = LINE('',#125,#126);
#125 = CARTESIAN_POINT('',(-26.66706980718,19.777166,14.));
#126 = VECTOR('',#127,1.);
#127 = DIRECTION('',(-1.,0.,0.));
#128 = ORIENTED_EDGE('',*,*,#129,.T.);
#129 = EDGE_CURVE('',#122,#130,#132,.T.);
#130 = VERTEX_POINT('',#131);
#131 = CARTESIAN_POINT('',(-33.66707,16.777166,14.));
#132 = CIRCLE('',#133,1.5);
#133 = AXIS2_PLACEMENT_3D('',#134,#135,#136);
#134 = CARTESIAN_POINT('',(-33.6670700866,18.277166,14.));
#135 = DIRECTION('',(0.,0.,1.));
#136 = DIRECTION('',(1.,0.,0.));
#137 = ORIENTED_EDGE('',*,*,#138,.T.);
#138 = EDGE_CURVE('',#130,#139,#141,.T.);
#139 = VERTEX_POINT('',#140);
#140 = CARTESIAN_POINT('',(-26.66707,16.777166,14.));
#141 = LINE('',#142,#143);
#142 = CARTESIAN_POINT('',(-33.66707,16.777166,14.));
#143 = VECTOR('',#144,1.);
#144 = DIRECTION('',(1.,0.,0.));
#145 = ORIENTED_EDGE('',*,*,#146,.F.);
#146 = EDGE_CURVE('',#147,#139,#149,.T.);
#147 = VERTEX_POINT('',#148);
#148 = CARTESIAN_POINT('',(-26.66707,15.777166,14.));
#149 = CIRCLE('',#150,0.5);
#150 = AXIS2_PLACEMENT_3D('',#151,#152,#153);
#151 = CARTESIAN_POINT('',(-26.6670699685,16.277166,14.));
#152 = DIRECTION('',(0.,0.,1.));
#153 = DIRECTION('',(1.,0.,0.));
#154 = ORIENTED_EDGE('',*,*,#155,.T.);
#155 = EDGE_CURVE('',#147,#156,#158,.T.);
#156 = VERTEX_POINT('',#157);
#157 = CARTESIAN_POINT('',(-33.66707,15.777166,14.));
#158 = LINE('',#159,#160);
#159 = CARTESIAN_POINT('',(-26.66707,15.777166,14.));
#160 = VECTOR('',#161,1.);
#161 = DIRECTION('',(-1.,0.,0.));
#162 = ORIENTED_EDGE('',*,*,#163,.T.);
#163 = EDGE_CURVE('',#156,#164,#166,.T.);
#164 = VERTEX_POINT('',#165);
#165 = CARTESIAN_POINT('',(-33.66706980718,12.777166,14.));
#166 = CIRCLE('',#167,1.5);
#167 = AXIS2_PLACEMENT_3D('',#168,#169,#170);
#168 = CARTESIAN_POINT('',(-33.66707016339,14.277166,14.));
#169 = DIRECTION('',(0.,0.,1.));
#170 = DIRECTION('',(1.,0.,0.));
#171 = ORIENTED_EDGE('',*,*,#172,.T.);
#172 = EDGE_CURVE('',#164,#173,#175,.T.);
#173 = VERTEX_POINT('',#174);
#174 = CARTESIAN_POINT('',(-26.66706980718,12.777166,14.));
#175 = LINE('',#176,#177);
#176 = CARTESIAN_POINT('',(-33.66706980718,12.777166,14.));
#177 = VECTOR('',#178,1.);
#178 = DIRECTION('',(1.,0.,0.));
#179 = ORIENTED_EDGE('',*,*,#180,.F.);
#180 = EDGE_CURVE('',#181,#173,#183,.T.);
#181 = VERTEX_POINT('',#182);
#182 = CARTESIAN_POINT('',(-26.66706980718,11.777166,14.));
#183 = CIRCLE('',#184,0.5);
#184 = AXIS2_PLACEMENT_3D('',#185,#186,#187);
#185 = CARTESIAN_POINT('',(-26.66706981698,12.277166,14.));
#186 = DIRECTION('',(0.,0.,1.));
#187 = DIRECTION('',(1.,0.,0.));
#188 = ORIENTED_EDGE('',*,*,#189,.T.);
#189 = EDGE_CURVE('',#181,#190,#192,.T.);
#190 = VERTEX_POINT('',#191);
#191 = CARTESIAN_POINT('',(-33.66706980718,11.777166,14.));
#192 = LINE('',#193,#194);
#193 = CARTESIAN_POINT('',(-26.66706980718,11.777166,14.));
#194 = VECTOR('',#195,1.);
#195 = DIRECTION('',(-1.,0.,0.));
#196 = ORIENTED_EDGE('',*,*,#197,.T.);
#197 = EDGE_CURVE('',#190,#198,#200,.T.);
#198 = VERTEX_POINT('',#199);
#199 = CARTESIAN_POINT('',(-33.66707,8.777166,14.));
#200 = CIRCLE('',#201,1.5);
#201 = AXIS2_PLACEMENT_3D('',#202,#203,#204);
#202 = CARTESIAN_POINT('',(-33.66707016339,10.277166,14.));
#203 = DIRECTION('',(0.,0.,1.));
#204 = DIRECTION('',(1.,0.,0.));
#205 = ORIENTED_EDGE('',*,*,#206,.T.);
#206 = EDGE_CURVE('',#198,#207,#209,.T.);
#207 = VERTEX_POINT('',#208);
#208 = CARTESIAN_POINT('',(-26.66707012092,8.777166,14.));
#209 = LINE('',#210,#211);
#210 = CARTESIAN_POINT('',(-33.66707,8.777166,14.));
#211 = VECTOR('',#212,1.);
#212 = DIRECTION('',(1.,0.,0.));
#213 = ORIENTED_EDGE('',*,*,#214,.F.);
#214 = EDGE_CURVE('',#215,#207,#217,.T.);
#215 = VERTEX_POINT('',#216);
#216 = CARTESIAN_POINT('',(-26.6670699281,7.777166,14.));
#217 = CIRCLE('',#218,0.5);
#218 = AXIS2_PLACEMENT_3D('',#219,#220,#221);
#219 = CARTESIAN_POINT('',(-26.66706993791,8.277166,14.));
#220 = DIRECTION('',(0.,0.,1.));
#221 = DIRECTION('',(1.,0.,0.));
#222 = ORIENTED_EDGE('',*,*,#223,.T.);
#223 = EDGE_CURVE('',#215,#224,#226,.T.);
#224 = VERTEX_POINT('',#225);
#225 = CARTESIAN_POINT('',(-33.6670699281,7.777166,14.));
#226 = LINE('',#227,#228);
#227 = CARTESIAN_POINT('',(-26.6670699281,7.777166,14.));
#228 = VECTOR('',#229,1.);
#229 = DIRECTION('',(-1.,0.,0.));
#230 = ORIENTED_EDGE('',*,*,#231,.T.);
#231 = EDGE_CURVE('',#224,#232,#234,.T.);
#232 = VERTEX_POINT('',#233);
#233 = CARTESIAN_POINT('',(-33.66707,4.777166,14.));
#234 = CIRCLE('',#235,1.5);
#235 = AXIS2_PLACEMENT_3D('',#236,#237,#238);
#236 = CARTESIAN_POINT('',(-33.6670700098,6.277166,14.));
#237 = DIRECTION('',(0.,0.,1.));
#238 = DIRECTION('',(1.,0.,0.));
#239 = ORIENTED_EDGE('',*,*,#240,.T.);
#240 = EDGE_CURVE('',#232,#241,#243,.T.);
#241 = VERTEX_POINT('',#242);
#242 = CARTESIAN_POINT('',(-26.6670695098,4.777166,14.));
#243 = LINE('',#244,#245);
#244 = CARTESIAN_POINT('',(-33.66707,4.777166,14.));
#245 = VECTOR('',#246,1.);
#246 = DIRECTION('',(1.,0.,0.));
#247 = ORIENTED_EDGE('',*,*,#248,.F.);
#248 = EDGE_CURVE('',#249,#241,#251,.T.);
#249 = VERTEX_POINT('',#250);
#250 = CARTESIAN_POINT('',(-26.6670695098,3.777166,14.));
#251 = CIRCLE('',#252,0.5);
#252 = AXIS2_PLACEMENT_3D('',#253,#254,#255);
#253 = CARTESIAN_POINT('',(-26.6670695098,4.277166,14.));
#254 = DIRECTION('',(0.,0.,1.));
#255 = DIRECTION('',(1.,0.,0.));
#256 = ORIENTED_EDGE('',*,*,#257,.T.);
#257 = EDGE_CURVE('',#249,#258,#260,.T.);
#258 = VERTEX_POINT('',#259);
#259 = CARTESIAN_POINT('',(-33.6670695098,3.777166,14.));
#260 = LINE('',#261,#262);
#261 = CARTESIAN_POINT('',(-26.6670695098,3.777166,14.));
#262 = VECTOR('',#263,1.);
#263 = DIRECTION('',(-1.,0.,0.));
#264 = ORIENTED_EDGE('',*,*,#265,.T.);
#265 = EDGE_CURVE('',#258,#266,#268,.T.);
#266 = VERTEX_POINT('',#267);
#267 = CARTESIAN_POINT('',(-33.66707001395,0.777166,14.));
#268 = CIRCLE('',#269,1.5);
#269 = AXIS2_PLACEMENT_3D('',#270,#271,#272);
#270 = CARTESIAN_POINT('',(-33.66707,2.277166,14.));
#271 = DIRECTION('',(0.,0.,1.));
#272 = DIRECTION('',(1.,0.,0.));
#273 = ORIENTED_EDGE('',*,*,#274,.F.);
#274 = EDGE_CURVE('',#275,#266,#277,.T.);
#275 = VERTEX_POINT('',#276);
#276 = CARTESIAN_POINT('',(-26.66707018301,0.777166,14.));
#277 = LINE('',#278,#279);
#278 = CARTESIAN_POINT('',(-26.66707018301,0.777166,14.));
#279 = VECTOR('',#280,1.);
#280 = DIRECTION('',(-1.,0.,0.));
#281 = ORIENTED_EDGE('',*,*,#282,.F.);
#282 = EDGE_CURVE('',#283,#275,#285,.T.);
#283 = VERTEX_POINT('',#284);
#284 = CARTESIAN_POINT('',(-26.66706999019,-0.222834,14.));
#285 = CIRCLE('',#286,0.5);
#286 = AXIS2_PLACEMENT_3D('',#287,#288,#289);
#287 = CARTESIAN_POINT('',(-26.66707,0.277166,14.));
#288 = DIRECTION('',(0.,0.,1.));
#289 = DIRECTION('',(1.,0.,0.));
#290 = ORIENTED_EDGE('',*,*,#291,.F.);
#291 = EDGE_CURVE('',#292,#283,#294,.T.);
#292 = VERTEX_POINT('',#293);
#293 = CARTESIAN_POINT('',(-33.6670695098,-0.222834,14.));
#294 = LINE('',#295,#296);
#295 = CARTESIAN_POINT('',(-33.6670695098,-0.222834,14.));
#296 = VECTOR('',#297,1.);
#297 = DIRECTION('',(1.,0.,0.));
#298 = ORIENTED_EDGE('',*,*,#299,.T.);
#299 = EDGE_CURVE('',#292,#300,#302,.T.);
#300 = VERTEX_POINT('',#301);
#301 = CARTESIAN_POINT('',(-33.66706997057,-3.222834,14.));
#302 = CIRCLE('',#303,1.5);
#303 = AXIS2_PLACEMENT_3D('',#304,#305,#306);
#304 = CARTESIAN_POINT('',(-33.66707,-1.722834,14.));
#305 = DIRECTION('',(0.,0.,1.));
#306 = DIRECTION('',(1.,0.,0.));
#307 = ORIENTED_EDGE('',*,*,#308,.T.);
#308 = EDGE_CURVE('',#300,#309,#311,.T.);
#309 = VERTEX_POINT('',#310);
#310 = CARTESIAN_POINT('',(-26.66707018301,-3.222834,14.));
#311 = LINE('',#312,#313);
#312 = CARTESIAN_POINT('',(-33.66706997057,-3.222834,14.));
#313 = VECTOR('',#314,1.);
#314 = DIRECTION('',(1.,0.,0.));
#315 = ORIENTED_EDGE('',*,*,#316,.F.);
#316 = EDGE_CURVE('',#317,#309,#319,.T.);
#317 = VERTEX_POINT('',#318);
#318 = CARTESIAN_POINT('',(-26.66706999019,-4.222834,14.));
#319 = CIRCLE('',#320,0.5);
#320 = AXIS2_PLACEMENT_3D('',#321,#322,#323);
#321 = CARTESIAN_POINT('',(-26.66707,-3.722834,14.));
#322 = DIRECTION('',(0.,0.,1.));
#323 = DIRECTION('',(1.,0.,0.));
#324 = ORIENTED_EDGE('',*,*,#325,.F.);
#325 = EDGE_CURVE('',#326,#317,#328,.T.);
#326 = VERTEX_POINT('',#327);
#327 = CARTESIAN_POINT('',(-33.66707,-4.222834,14.));
#328 = LINE('',#329,#330);
#329 = CARTESIAN_POINT('',(-33.66707,-4.222834,14.));
#330 = VECTOR('',#331,1.);
#331 = DIRECTION('',(1.,0.,0.));
#332 = ORIENTED_EDGE('',*,*,#333,.T.);
#333 = EDGE_CURVE('',#326,#334,#336,.T.);
#334 = VERTEX_POINT('',#335);
#335 = CARTESIAN_POINT('',(-33.66707,-7.222834,14.));
#336 = CIRCLE('',#337,1.5);
#337 = AXIS2_PLACEMENT_3D('',#338,#339,#340);
#338 = CARTESIAN_POINT('',(-33.66707,-5.722834,14.));
#339 = DIRECTION('',(0.,0.,1.));
#340 = DIRECTION('',(1.,0.,0.));
#341 = ORIENTED_EDGE('',*,*,#342,.T.);
#342 = EDGE_CURVE('',#334,#343,#345,.T.);
#343 = VERTEX_POINT('',#344);
#344 = CARTESIAN_POINT('',(-33.1670696732,-7.222834,14.));
#345 = LINE('',#346,#347);
#346 = CARTESIAN_POINT('',(-33.66707,-7.222834,14.));
#347 = VECTOR('',#348,1.);
#348 = DIRECTION('',(1.,0.,0.));
#349 = ORIENTED_EDGE('',*,*,#350,.F.);
#350 = EDGE_CURVE('',#351,#343,#353,.T.);
#351 = VERTEX_POINT('',#352);
#352 = CARTESIAN_POINT('',(-32.1670696732,-8.222834,14.));
#353 = CIRCLE('',#354,1.);
#354 = AXIS2_PLACEMENT_3D('',#355,#356,#357);
#355 = CARTESIAN_POINT('',(-33.1670696732,-8.222834,14.));
#356 = DIRECTION('',(0.,0.,1.));
#357 = DIRECTION('',(1.,0.,0.));
#358 = ORIENTED_EDGE('',*,*,#359,.T.);
#359 = EDGE_CURVE('',#351,#360,#362,.T.);
#360 = VERTEX_POINT('',#361);
#361 = CARTESIAN_POINT('',(-32.16707,-8.972934,14.));
#362 = LINE('',#363,#364);
#363 = CARTESIAN_POINT('',(-32.16707,-6.473064,14.));
#364 = VECTOR('',#365,1.);
#365 = DIRECTION('',(0.,-1.,0.));
#366 = ORIENTED_EDGE('',*,*,#367,.T.);
#367 = EDGE_CURVE('',#360,#368,#370,.T.);
#368 = VERTEX_POINT('',#369);
#369 = CARTESIAN_POINT('',(-32.41697,-9.222834,14.));
#370 = CIRCLE('',#371,0.2499);
#371 = AXIS2_PLACEMENT_3D('',#372,#373,#374);
#372 = CARTESIAN_POINT('',(-32.41697,-8.972934,14.));
#373 = DIRECTION('',(0.,-0.,-1.));
#374 = DIRECTION('',(0.,1.,-0.));
#375 = ORIENTED_EDGE('',*,*,#376,.T.);
#376 = EDGE_CURVE('',#368,#377,#379,.T.);
#377 = VERTEX_POINT('',#378);
#378 = CARTESIAN_POINT('',(-32.41707,-9.222834,14.));
#379 = LINE('',#380,#381);
#380 = CARTESIAN_POINT('',(-26.66707,-9.222834,14.));
#381 = VECTOR('',#382,1.);
#382 = DIRECTION('',(-1.,0.,0.));
#383 = ORIENTED_EDGE('',*,*,#384,.T.);
#384 = EDGE_CURVE('',#377,#385,#387,.T.);
#385 = VERTEX_POINT('',#386);
#386 = CARTESIAN_POINT('',(-32.41707,-12.722834,14.));
#387 = LINE('',#388,#389);
#388 = CARTESIAN_POINT('',(-32.41707,-8.222834,14.));
#389 = VECTOR('',#390,1.);
#390 = DIRECTION('',(0.,-1.,0.));
#391 = ORIENTED_EDGE('',*,*,#392,.T.);
#392 = EDGE_CURVE('',#385,#393,#395,.T.);
#393 = VERTEX_POINT('',#394);
#394 = CARTESIAN_POINT('',(-35.41707,-12.722834,14.));
#395 = LINE('',#396,#397);
#396 = CARTESIAN_POINT('',(-32.41707,-12.722834,14.));
#397 = VECTOR('',#398,1.);
#398 = DIRECTION('',(-1.,0.,0.));
#399 = ORIENTED_EDGE('',*,*,#400,.T.);
#400 = EDGE_CURVE('',#393,#401,#403,.T.);
#401 = VERTEX_POINT('',#402);
#402 = CARTESIAN_POINT('',(-35.41707,-17.722834,14.));
#403 = LINE('',#404,#405);
#404 = CARTESIAN_POINT('',(-35.41707,-12.722834,14.));
#405 = VECTOR('',#406,1.);
#406 = DIRECTION('',(0.,-1.,0.));
#407 = ORIENTED_EDGE('',*,*,#408,.T.);
#408 = EDGE_CURVE('',#401,#409,#411,.T.);
#409 = VERTEX_POINT('',#410);
#410 = CARTESIAN_POINT('',(-24.91707,-17.722834,14.));
#411 = LINE('',#412,#413);
#412 = CARTESIAN_POINT('',(-35.41707,-17.722834,14.));
#413 = VECTOR('',#414,1.);
#414 = DIRECTION('',(1.,0.,0.));
#415 = ORIENTED_EDGE('',*,*,#416,.T.);
#416 = EDGE_CURVE('',#409,#417,#419,.T.);
#417 = VERTEX_POINT('',#418);
#418 = CARTESIAN_POINT('',(-24.91707,-12.722834,14.));
#419 = LINE('',#420,#421);
#420 = CARTESIAN_POINT('',(-24.91707,-17.722834,14.));
#421 = VECTOR('',#422,1.);
#422 = DIRECTION('',(0.,1.,0.));
#423 = ORIENTED_EDGE('',*,*,#424,.F.);
#424 = EDGE_CURVE('',#425,#417,#427,.T.);
#425 = VERTEX_POINT('',#426);
#426 = CARTESIAN_POINT('',(-27.91707,-12.722834,14.));
#427 = LINE('',#428,#429);
#428 = CARTESIAN_POINT('',(-27.91707,-12.722834,14.));
#429 = VECTOR('',#430,1.);
#430 = DIRECTION('',(1.,0.,0.));
#431 = ORIENTED_EDGE('',*,*,#432,.F.);
#432 = EDGE_CURVE('',#433,#425,#435,.T.);
#433 = VERTEX_POINT('',#434);
#434 = CARTESIAN_POINT('',(-27.91707,-9.222834,14.));
#435 = LINE('',#436,#437);
#436 = CARTESIAN_POINT('',(-27.91707,-9.222834,14.));
#437 = VECTOR('',#438,1.);
#438 = DIRECTION('',(0.,-1.,0.));
#439 = ORIENTED_EDGE('',*,*,#440,.F.);
#440 = EDGE_CURVE('',#441,#433,#443,.T.);
#441 = VERTEX_POINT('',#442);
#442 = CARTESIAN_POINT('',(-27.91716954903,-9.222834,14.));
#443 = LINE('',#444,#445);
#444 = CARTESIAN_POINT('',(-28.16706954903,-9.222834,14.));
#445 = VECTOR('',#446,1.);
#446 = DIRECTION('',(1.,0.,0.));
#447 = ORIENTED_EDGE('',*,*,#448,.T.);
#448 = EDGE_CURVE('',#441,#449,#451,.T.);
#449 = VERTEX_POINT('',#450);
#450 = CARTESIAN_POINT('',(-28.16706954903,-8.972934,14.));
#451 = CIRCLE('',#452,0.2499);
#452 = AXIS2_PLACEMENT_3D('',#453,#454,#455);
#453 = CARTESIAN_POINT('',(-27.91716954903,-8.972934,14.));
#454 = DIRECTION('',(0.,-0.,-1.));
#455 = DIRECTION('',(0.,1.,-0.));
#456 = ORIENTED_EDGE('',*,*,#457,.F.);
#457 = EDGE_CURVE('',#458,#449,#460,.T.);
#458 = VERTEX_POINT('',#459);
#459 = CARTESIAN_POINT('',(-28.16707,-8.222834,14.));
#460 = LINE('',#461,#462);
#461 = CARTESIAN_POINT('',(-28.16706954903,-6.222834,14.));
#462 = VECTOR('',#463,1.);
#463 = DIRECTION('',(0.,-1.,0.));
#464 = ORIENTED_EDGE('',*,*,#465,.T.);
#465 = EDGE_CURVE('',#458,#466,#468,.T.);
#466 = VERTEX_POINT('',#467);
#467 = CARTESIAN_POINT('',(-28.16707,-7.222834,14.));
#468 = LINE('',#469,#470);
#469 = CARTESIAN_POINT('',(-28.16707,-9.972604,14.));
#470 = VECTOR('',#471,1.);
#471 = DIRECTION('',(0.,1.,0.));
#472 = ORIENTED_EDGE('',*,*,#473,.F.);
#473 = EDGE_CURVE('',#474,#466,#476,.T.);
#474 = VERTEX_POINT('',#475);
#475 = CARTESIAN_POINT('',(-29.1670696732,-6.222834,14.));
#476 = CIRCLE('',#477,1.);
#477 = AXIS2_PLACEMENT_3D('',#478,#479,#480);
#478 = CARTESIAN_POINT('',(-29.16707,-7.222834,14.));
#479 = DIRECTION('',(0.,0.,-1.));
#480 = DIRECTION('',(1.,0.,0.));
#481 = ORIENTED_EDGE('',*,*,#482,.F.);
#482 = EDGE_CURVE('',#483,#474,#485,.T.);
#483 = VERTEX_POINT('',#484);
#484 = CARTESIAN_POINT('',(-33.66706982679,-6.222834,14.));
#485 = LINE('',#486,#487);
#486 = CARTESIAN_POINT('',(-33.66706982679,-6.222834,14.));
#487 = VECTOR('',#488,1.);
#488 = DIRECTION('',(1.,0.,0.));
#489 = ORIENTED_EDGE('',*,*,#490,.F.);
#490 = EDGE_CURVE('',#491,#483,#493,.T.);
#491 = VERTEX_POINT('',#492);
#492 = CARTESIAN_POINT('',(-33.66707,-5.222834,14.));
#493 = CIRCLE('',#494,0.5);
#494 = AXIS2_PLACEMENT_3D('',#495,#496,#497);
#495 = CARTESIAN_POINT('',(-33.66707,-5.722834,14.));
#496 = DIRECTION('',(0.,0.,1.));
#497 = DIRECTION('',(1.,0.,0.));
#498 = ORIENTED_EDGE('',*,*,#499,.T.);
#499 = EDGE_CURVE('',#491,#500,#502,.T.);
#500 = VERTEX_POINT('',#501);
#501 = CARTESIAN_POINT('',(-26.66707,-5.222834,14.));
#502 = LINE('',#503,#504);
#503 = CARTESIAN_POINT('',(-33.66707,-5.222834,14.));
#504 = VECTOR('',#505,1.);
#505 = DIRECTION('',(1.,0.,0.));
#506 = ORIENTED_EDGE('',*,*,#507,.T.);
#507 = EDGE_CURVE('',#500,#508,#510,.T.);
#508 = VERTEX_POINT('',#509);
#509 = CARTESIAN_POINT('',(-26.66707054903,-2.222834,14.));
#510 = CIRCLE('',#511,1.5);
#511 = AXIS2_PLACEMENT_3D('',#512,#513,#514);
#512 = CARTESIAN_POINT('',(-26.66707,-3.722834,14.));
#513 = DIRECTION('',(0.,0.,1.));
#514 = DIRECTION('',(1.,0.,0.));
#515 = ORIENTED_EDGE('',*,*,#516,.F.);
#516 = EDGE_CURVE('',#517,#508,#519,.T.);
#517 = VERTEX_POINT('',#518);
#518 = CARTESIAN_POINT('',(-33.66706999019,-2.222834,14.));
#519 = LINE('',#520,#521);
#520 = CARTESIAN_POINT('',(-33.66706999019,-2.222834,14.));
#521 = VECTOR('',#522,1.);
#522 = DIRECTION('',(1.,0.,0.));
#523 = ORIENTED_EDGE('',*,*,#524,.F.);
#524 = EDGE_CURVE('',#525,#517,#527,.T.);
#525 = VERTEX_POINT('',#526);
#526 = CARTESIAN_POINT('',(-33.6670698366,-1.222834,14.));
#527 = CIRCLE('',#528,0.5);
#528 = AXIS2_PLACEMENT_3D('',#529,#530,#531);
#529 = CARTESIAN_POINT('',(-33.66707,-1.722834,14.));
#530 = DIRECTION('',(0.,0.,1.));
#531 = DIRECTION('',(1.,0.,0.));
#532 = ORIENTED_EDGE('',*,*,#533,.F.);
#533 = EDGE_CURVE('',#534,#525,#536,.T.);
#534 = VERTEX_POINT('',#535);
#535 = CARTESIAN_POINT('',(-26.66706997057,-1.222834,14.));
#536 = LINE('',#537,#538);
#537 = CARTESIAN_POINT('',(-26.66706997057,-1.222834,14.));
#538 = VECTOR('',#539,1.);
#539 = DIRECTION('',(-1.,0.,0.));
#540 = ORIENTED_EDGE('',*,*,#541,.T.);
#541 = EDGE_CURVE('',#534,#542,#544,.T.);
#542 = VERTEX_POINT('',#543);
#543 = CARTESIAN_POINT('',(-26.66707054903,1.777166,14.));
#544 = CIRCLE('',#545,1.5);
#545 = AXIS2_PLACEMENT_3D('',#546,#547,#548);
#546 = CARTESIAN_POINT('',(-26.66707,0.277166,14.));
#547 = DIRECTION('',(0.,0.,1.));
#548 = DIRECTION('',(1.,0.,0.));
#549 = ORIENTED_EDGE('',*,*,#550,.F.);
#550 = EDGE_CURVE('',#551,#542,#553,.T.);
#551 = VERTEX_POINT('',#552);
#552 = CARTESIAN_POINT('',(-33.66706999019,1.777166,14.));
#553 = LINE('',#554,#555);
#554 = CARTESIAN_POINT('',(-33.66706999019,1.777166,14.));
#555 = VECTOR('',#556,1.);
#556 = DIRECTION('',(1.,0.,0.));
#557 = ORIENTED_EDGE('',*,*,#558,.F.);
#558 = EDGE_CURVE('',#559,#551,#561,.T.);
#559 = VERTEX_POINT('',#560);
#560 = CARTESIAN_POINT('',(-33.6670698366,2.777166,14.));
#561 = CIRCLE('',#562,0.5);
#562 = AXIS2_PLACEMENT_3D('',#563,#564,#565);
#563 = CARTESIAN_POINT('',(-33.66707,2.277166,14.));
#564 = DIRECTION('',(0.,0.,1.));
#565 = DIRECTION('',(1.,0.,0.));
#566 = ORIENTED_EDGE('',*,*,#567,.F.);
#567 = EDGE_CURVE('',#568,#559,#570,.T.);
#568 = VERTEX_POINT('',#569);
#569 = CARTESIAN_POINT('',(-26.66707001395,2.777166,14.));
#570 = LINE('',#571,#572);
#571 = CARTESIAN_POINT('',(-26.66707001395,2.777166,14.));
#572 = VECTOR('',#573,1.);
#573 = DIRECTION('',(-1.,0.,0.));
#574 = ORIENTED_EDGE('',*,*,#575,.T.);
#575 = EDGE_CURVE('',#568,#576,#578,.T.);
#576 = VERTEX_POINT('',#577);
#577 = CARTESIAN_POINT('',(-26.66707,5.777166,14.));
#578 = CIRCLE('',#579,1.5);
#579 = AXIS2_PLACEMENT_3D('',#580,#581,#582);
#580 = CARTESIAN_POINT('',(-26.66707,4.277166,14.));
#581 = DIRECTION('',(0.,0.,1.));
#582 = DIRECTION('',(1.,0.,0.));
#583 = ORIENTED_EDGE('',*,*,#584,.F.);
#584 = EDGE_CURVE('',#585,#576,#587,.T.);
#585 = VERTEX_POINT('',#586);
#586 = CARTESIAN_POINT('',(-33.66707,5.777166,14.));
#587 = LINE('',#588,#589);
#588 = CARTESIAN_POINT('',(-33.66707,5.777166,14.));
#589 = VECTOR('',#590,1.);
#590 = DIRECTION('',(1.,0.,0.));
#591 = ORIENTED_EDGE('',*,*,#592,.F.);
#592 = EDGE_CURVE('',#593,#585,#595,.T.);
#593 = VERTEX_POINT('',#594);
#594 = CARTESIAN_POINT('',(-33.66706984641,6.777166,14.));
#595 = CIRCLE('',#596,0.5);
#596 = AXIS2_PLACEMENT_3D('',#597,#598,#599);
#597 = CARTESIAN_POINT('',(-33.6670700098,6.277166,14.));
#598 = DIRECTION('',(0.,0.,1.));
#599 = DIRECTION('',(1.,0.,0.));
#600 = ORIENTED_EDGE('',*,*,#601,.F.);
#601 = EDGE_CURVE('',#602,#593,#604,.T.);
#602 = VERTEX_POINT('',#603);
#603 = CARTESIAN_POINT('',(-26.66706984641,6.777166,14.));
#604 = LINE('',#605,#606);
#605 = CARTESIAN_POINT('',(-26.66706984641,6.777166,14.));
#606 = VECTOR('',#607,1.);
#607 = DIRECTION('',(-1.,0.,0.));
#608 = ORIENTED_EDGE('',*,*,#609,.T.);
#609 = EDGE_CURVE('',#602,#610,#612,.T.);
#610 = VERTEX_POINT('',#611);
#611 = CARTESIAN_POINT('',(-26.66707054903,9.777166,14.));
#612 = CIRCLE('',#613,1.5);
#613 = AXIS2_PLACEMENT_3D('',#614,#615,#616);
#614 = CARTESIAN_POINT('',(-26.66706993791,8.277166,14.));
#615 = DIRECTION('',(0.,0.,1.));
#616 = DIRECTION('',(1.,0.,0.));
#617 = ORIENTED_EDGE('',*,*,#618,.F.);
#618 = EDGE_CURVE('',#619,#610,#621,.T.);
#619 = VERTEX_POINT('',#620);
#620 = CARTESIAN_POINT('',(-33.66707015359,9.777166,14.));
#621 = LINE('',#622,#623);
#622 = CARTESIAN_POINT('',(-33.66707015359,9.777166,14.));
#623 = VECTOR('',#624,1.);
#624 = DIRECTION('',(1.,0.,0.));
#625 = ORIENTED_EDGE('',*,*,#626,.F.);
#626 = EDGE_CURVE('',#627,#619,#629,.T.);
#627 = VERTEX_POINT('',#628);
#628 = CARTESIAN_POINT('',(-33.66707015359,10.777166,14.));
#629 = CIRCLE('',#630,0.5);
#630 = AXIS2_PLACEMENT_3D('',#631,#632,#633);
#631 = CARTESIAN_POINT('',(-33.66707016339,10.277166,14.));
#632 = DIRECTION('',(0.,0.,1.));
#633 = DIRECTION('',(1.,0.,0.));
#634 = ORIENTED_EDGE('',*,*,#635,.F.);
#635 = EDGE_CURVE('',#636,#627,#638,.T.);
#636 = VERTEX_POINT('',#637);
#637 = CARTESIAN_POINT('',(-26.66707015359,10.777166,14.));
#638 = LINE('',#639,#640);
#639 = CARTESIAN_POINT('',(-26.66707015359,10.777166,14.));
#640 = VECTOR('',#641,1.);
#641 = DIRECTION('',(-1.,0.,0.));
#642 = ORIENTED_EDGE('',*,*,#643,.T.);
#643 = EDGE_CURVE('',#636,#644,#646,.T.);
#644 = VERTEX_POINT('',#645);
#645 = CARTESIAN_POINT('',(-26.66707,13.777166,14.));
#646 = CIRCLE('',#647,1.5);
#647 = AXIS2_PLACEMENT_3D('',#648,#649,#650);
#648 = CARTESIAN_POINT('',(-26.66706981698,12.277166,14.));
#649 = DIRECTION('',(0.,0.,1.));
#650 = DIRECTION('',(1.,0.,0.));
#651 = ORIENTED_EDGE('',*,*,#652,.F.);
#652 = EDGE_CURVE('',#653,#644,#655,.T.);
#653 = VERTEX_POINT('',#654);
#654 = CARTESIAN_POINT('',(-33.66707,13.777166,14.));
#655 = LINE('',#656,#657);
#656 = CARTESIAN_POINT('',(-33.66707,13.777166,14.));
#657 = VECTOR('',#658,1.);
#658 = DIRECTION('',(1.,0.,0.));
#659 = ORIENTED_EDGE('',*,*,#660,.F.);
#660 = EDGE_CURVE('',#661,#653,#663,.T.);
#661 = VERTEX_POINT('',#662);
#662 = CARTESIAN_POINT('',(-33.66707,14.777166,14.));
#663 = CIRCLE('',#664,0.5);
#664 = AXIS2_PLACEMENT_3D('',#665,#666,#667);
#665 = CARTESIAN_POINT('',(-33.66707016339,14.277166,14.));
#666 = DIRECTION('',(0.,0.,1.));
#667 = DIRECTION('',(1.,0.,0.));
#668 = ORIENTED_EDGE('',*,*,#669,.F.);
#669 = EDGE_CURVE('',#670,#661,#672,.T.);
#670 = VERTEX_POINT('',#671);
#671 = CARTESIAN_POINT('',(-26.66707,14.777166,14.));
#672 = LINE('',#673,#674);
#673 = CARTESIAN_POINT('',(-26.66707,14.777166,14.));
#674 = VECTOR('',#675,1.);
#675 = DIRECTION('',(-1.,0.,0.));
#676 = ORIENTED_EDGE('',*,*,#677,.T.);
#677 = EDGE_CURVE('',#670,#678,#680,.T.);
#678 = VERTEX_POINT('',#679);
#679 = CARTESIAN_POINT('',(-26.66707,17.777166,14.));
#680 = CIRCLE('',#681,1.5);
#681 = AXIS2_PLACEMENT_3D('',#682,#683,#684);
#682 = CARTESIAN_POINT('',(-26.6670699685,16.277166,14.));
#683 = DIRECTION('',(0.,0.,1.));
#684 = DIRECTION('',(1.,0.,0.));
#685 = ORIENTED_EDGE('',*,*,#686,.F.);
#686 = EDGE_CURVE('',#687,#678,#689,.T.);
#687 = VERTEX_POINT('',#688);
#688 = CARTESIAN_POINT('',(-33.66707,17.777166,14.));
#689 = LINE('',#690,#691);
#690 = CARTESIAN_POINT('',(-33.66707,17.777166,14.));
#691 = VECTOR('',#692,1.);
#692 = DIRECTION('',(1.,0.,0.));
#693 = ORIENTED_EDGE('',*,*,#694,.F.);
#694 = EDGE_CURVE('',#695,#687,#697,.T.);
#695 = VERTEX_POINT('',#696);
#696 = CARTESIAN_POINT('',(-33.66707,18.777166,14.));
#697 = CIRCLE('',#698,0.5);
#698 = AXIS2_PLACEMENT_3D('',#699,#700,#701);
#699 = CARTESIAN_POINT('',(-33.6670700866,18.277166,14.));
#700 = DIRECTION('',(0.,0.,1.));
#701 = DIRECTION('',(1.,0.,0.));
#702 = ORIENTED_EDGE('',*,*,#703,.F.);
#703 = EDGE_CURVE('',#704,#695,#706,.T.);
#704 = VERTEX_POINT('',#705);
#705 = CARTESIAN_POINT('',(-29.16707,18.777166,14.));
#706 = LINE('',#707,#708);
#707 = CARTESIAN_POINT('',(-26.66707,18.777166,14.));
#708 = VECTOR('',#709,1.);
#709 = DIRECTION('',(-1.,0.,0.));
#710 = ORIENTED_EDGE('',*,*,#711,.F.);
#711 = EDGE_CURVE('',#712,#704,#714,.T.);
#712 = VERTEX_POINT('',#713);
#713 = CARTESIAN_POINT('',(-28.16707,19.777166,14.));
#714 = CIRCLE('',#715,1.000000019615);
#715 = AXIS2_PLACEMENT_3D('',#716,#717,#718);
#716 = CARTESIAN_POINT('',(-29.16707001961,19.777166019615,14.));
#717 = DIRECTION('',(0.,0.,-1.));
#718 = DIRECTION('',(1.,0.,0.));
#719 = ORIENTED_EDGE('',*,*,#720,.F.);
#720 = EDGE_CURVE('',#721,#712,#723,.T.);
#721 = VERTEX_POINT('',#722);
#722 = CARTESIAN_POINT('',(-28.16707,21.527266,14.));
#723 = LINE('',#724,#725);
#724 = CARTESIAN_POINT('',(-28.16707,21.777166,14.));
#725 = VECTOR('',#726,1.);
#726 = DIRECTION('',(0.,-1.,0.));
#727 = ORIENTED_EDGE('',*,*,#728,.F.);
#728 = EDGE_CURVE('',#24,#721,#729,.T.);
#729 = CIRCLE('',#730,0.2499);
#730 = AXIS2_PLACEMENT_3D('',#731,#732,#733);
#731 = CARTESIAN_POINT('',(-27.91717,21.527266,14.));
#732 = DIRECTION('',(0.,0.,1.));
#733 = DIRECTION('',(0.,1.,-0.));
#734 = PLANE('',#735);
#735 = AXIS2_PLACEMENT_3D('',#736,#737,#738);
#736 = CARTESIAN_POINT('',(-30.274501421,6.277166035686,14.));
#737 = DIRECTION('',(0.,0.,1.));
#738 = DIRECTION('',(1.,0.,0.));
#739 = ADVANCED_FACE('',(#740),#765,.F.);
#740 = FACE_BOUND('',#741,.F.);
#741 = EDGE_LOOP('',(#742,#743,#751,#759));
#742 = ORIENTED_EDGE('',*,*,#21,.F.);
#743 = ORIENTED_EDGE('',*,*,#744,.F.);
#744 = EDGE_CURVE('',#745,#22,#747,.T.);
#745 = VERTEX_POINT('',#746);
#746 = CARTESIAN_POINT('',(-27.91707,21.777166,0.));
#747 = LINE('',#748,#749);
#748 = CARTESIAN_POINT('',(-27.91707,21.777166,0.));
#749 = VECTOR('',#750,1.);
#750 = DIRECTION('',(0.,0.,1.));
#751 = ORIENTED_EDGE('',*,*,#752,.F.);
#752 = EDGE_CURVE('',#753,#745,#755,.T.);
#753 = VERTEX_POINT('',#754);
#754 = CARTESIAN_POINT('',(-27.91717,21.777166,0.));
#755 = LINE('',#756,#757);
#756 = CARTESIAN_POINT('',(-28.41224470485,21.777166,0.));
#757 = VECTOR('',#758,1.);
#758 = DIRECTION('',(1.,0.,0.));
#759 = ORIENTED_EDGE('',*,*,#760,.F.);
#760 = EDGE_CURVE('',#24,#753,#761,.T.);
#761 = LINE('',#762,#763);
#762 = CARTESIAN_POINT('',(-27.91717,21.777166,14.));
#763 = VECTOR('',#764,1.);
#764 = DIRECTION('',(-0.,-0.,-1.));
#765 = PLANE('',#766);
#766 = AXIS2_PLACEMENT_3D('',#767,#768,#769);
#767 = CARTESIAN_POINT('',(-26.66707,21.777166,14.));
#768 = DIRECTION('',(0.,1.,0.));
#769 = DIRECTION('',(-1.,0.,0.));
#770 = ADVANCED_FACE('',(#771),#790,.F.);
#771 = FACE_BOUND('',#772,.T.);
#772 = EDGE_LOOP('',(#773,#774,#782,#789));
#773 = ORIENTED_EDGE('',*,*,#728,.T.);
#774 = ORIENTED_EDGE('',*,*,#775,.T.);
#775 = EDGE_CURVE('',#721,#776,#778,.T.);
#776 = VERTEX_POINT('',#777);
#777 = CARTESIAN_POINT('',(-28.16707,21.527266,0.));
#778 = LINE('',#779,#780);
#779 = CARTESIAN_POINT('',(-28.16707,21.527266,14.));
#780 = VECTOR('',#781,1.);
#781 = DIRECTION('',(-0.,-0.,-1.));
#782 = ORIENTED_EDGE('',*,*,#783,.F.);
#783 = EDGE_CURVE('',#753,#776,#784,.T.);
#784 = CIRCLE('',#785,0.2499);
#785 = AXIS2_PLACEMENT_3D('',#786,#787,#788);
#786 = CARTESIAN_POINT('',(-27.91717,21.527266,0.));
#787 = DIRECTION('',(0.,0.,1.));
#788 = DIRECTION('',(0.,1.,-0.));
#789 = ORIENTED_EDGE('',*,*,#760,.F.);
#790 = CYLINDRICAL_SURFACE('',#791,0.2499);
#791 = AXIS2_PLACEMENT_3D('',#792,#793,#794);
#792 = CARTESIAN_POINT('',(-27.91717,21.527266,14.));
#793 = DIRECTION('',(-0.,-0.,-1.));
#794 = DIRECTION('',(0.,1.,-0.));
#795 = ADVANCED_FACE('',(#796),#814,.T.);
#796 = FACE_BOUND('',#797,.T.);
#797 = EDGE_LOOP('',(#798,#806,#807,#808));
#798 = ORIENTED_EDGE('',*,*,#799,.T.);
#799 = EDGE_CURVE('',#800,#32,#802,.T.);
#800 = VERTEX_POINT('',#801);
#801 = CARTESIAN_POINT('',(-27.91707,25.277166,0.));
#802 = LINE('',#803,#804);
#803 = CARTESIAN_POINT('',(-27.91707,25.277166,0.));
#804 = VECTOR('',#805,1.);
#805 = DIRECTION('',(0.,0.,1.));
#806 = ORIENTED_EDGE('',*,*,#31,.T.);
#807 = ORIENTED_EDGE('',*,*,#744,.F.);
#808 = ORIENTED_EDGE('',*,*,#809,.F.);
#809 = EDGE_CURVE('',#800,#745,#810,.T.);
#810 = LINE('',#811,#812);
#811 = CARTESIAN_POINT('',(-27.91707,25.277166,0.));
#812 = VECTOR('',#813,1.);
#813 = DIRECTION('',(0.,-1.,0.));
#814 = PLANE('',#815);
#815 = AXIS2_PLACEMENT_3D('',#816,#817,#818);
#816 = CARTESIAN_POINT('',(-27.91707,25.277166,0.));
#817 = DIRECTION('',(1.,0.,0.));
#818 = DIRECTION('',(0.,-1.,0.));
#819 = ADVANCED_FACE('',(#820),#838,.T.);
#820 = FACE_BOUND('',#821,.T.);
#821 = EDGE_LOOP('',(#822,#830,#831,#832));
#822 = ORIENTED_EDGE('',*,*,#823,.T.);
#823 = EDGE_CURVE('',#824,#776,#826,.T.);
#824 = VERTEX_POINT('',#825);
#825 = CARTESIAN_POINT('',(-28.16707,19.777166,0.));
#826 = LINE('',#827,#828);
#827 = CARTESIAN_POINT('',(-28.16707,14.027166026889,0.));
#828 = VECTOR('',#829,1.);
#829 = DIRECTION('',(0.,1.,0.));
#830 = ORIENTED_EDGE('',*,*,#775,.F.);
#831 = ORIENTED_EDGE('',*,*,#720,.T.);
#832 = ORIENTED_EDGE('',*,*,#833,.F.);
#833 = EDGE_CURVE('',#824,#712,#834,.T.);
#834 = LINE('',#835,#836);
#835 = CARTESIAN_POINT('',(-28.16707,19.777166,-5.));
#836 = VECTOR('',#837,1.);
#837 = DIRECTION('',(0.,0.,1.));
#838 = PLANE('',#839);
#839 = AXIS2_PLACEMENT_3D('',#840,#841,#842);
#840 = CARTESIAN_POINT('',(-28.16707,20.049893272727,4.727272727273));
#841 = DIRECTION('',(1.,0.,0.));
#842 = DIRECTION('',(0.,0.,1.));
#843 = ADVANCED_FACE('',(#844),#862,.F.);
#844 = FACE_BOUND('',#845,.F.);
#845 = EDGE_LOOP('',(#846,#847,#848,#856));
#846 = ORIENTED_EDGE('',*,*,#799,.T.);
#847 = ORIENTED_EDGE('',*,*,#39,.T.);
#848 = ORIENTED_EDGE('',*,*,#849,.F.);
#849 = EDGE_CURVE('',#850,#40,#852,.T.);
#850 = VERTEX_POINT('',#851);
#851 = CARTESIAN_POINT('',(-24.91707,25.277166,0.));
#852 = LINE('',#853,#854);
#853 = CARTESIAN_POINT('',(-24.91707,25.277166,0.));
#854 = VECTOR('',#855,1.);
#855 = DIRECTION('',(0.,0.,1.));
#856 = ORIENTED_EDGE('',*,*,#857,.F.);
#857 = EDGE_CURVE('',#800,#850,#858,.T.);
#858 = LINE('',#859,#860);
#859 = CARTESIAN_POINT('',(-27.91707,25.277166,0.));
#860 = VECTOR('',#861,1.);
#861 = DIRECTION('',(1.,0.,0.));
#862 = PLANE('',#863);
#863 = AXIS2_PLACEMENT_3D('',#864,#865,#866);
#864 = CARTESIAN_POINT('',(-27.91707,25.277166,0.));
#865 = DIRECTION('',(0.,1.,0.));
#866 = DIRECTION('',(1.,0.,0.));
#867 = ADVANCED_FACE('',(#868),#887,.T.);
#868 = FACE_BOUND('',#869,.F.);
#869 = EDGE_LOOP('',(#870,#879,#885,#886));
#870 = ORIENTED_EDGE('',*,*,#871,.F.);
#871 = EDGE_CURVE('',#872,#824,#874,.T.);
#872 = VERTEX_POINT('',#873);
#873 = CARTESIAN_POINT('',(-29.16707,18.777166,0.));
#874 = CIRCLE('',#875,1.000000019615);
#875 = AXIS2_PLACEMENT_3D('',#876,#877,#878);
#876 = CARTESIAN_POINT('',(-29.16707001961,19.777166019615,0.));
#877 = DIRECTION('',(0.,0.,1.));
#878 = DIRECTION('',(1.,0.,0.));
#879 = ORIENTED_EDGE('',*,*,#880,.T.);
#880 = EDGE_CURVE('',#872,#704,#881,.T.);
#881 = LINE('',#882,#883);
#882 = CARTESIAN_POINT('',(-29.16707,18.777166,-5.));
#883 = VECTOR('',#884,1.);
#884 = DIRECTION('',(0.,0.,1.));
#885 = ORIENTED_EDGE('',*,*,#711,.F.);
#886 = ORIENTED_EDGE('',*,*,#833,.F.);
#887 = CYLINDRICAL_SURFACE('',#888,1.000000019615);
#888 = AXIS2_PLACEMENT_3D('',#889,#890,#891);
#889 = CARTESIAN_POINT('',(-29.16707001961,19.777166019615,-5.));
#890 = DIRECTION('',(-0.,-0.,-1.));
#891 = DIRECTION('',(1.,0.,0.));
#892 = ADVANCED_FACE('',(#893),#911,.F.);
#893 = FACE_BOUND('',#894,.F.);
#894 = EDGE_LOOP('',(#895,#896,#897,#905));
#895 = ORIENTED_EDGE('',*,*,#849,.T.);
#896 = ORIENTED_EDGE('',*,*,#47,.T.);
#897 = ORIENTED_EDGE('',*,*,#898,.F.);
#898 = EDGE_CURVE('',#899,#48,#901,.T.);
#899 = VERTEX_POINT('',#900);
#900 = CARTESIAN_POINT('',(-24.91707,30.277166,0.));
#901 = LINE('',#902,#903);
#902 = CARTESIAN_POINT('',(-24.91707,30.277166,0.));
#903 = VECTOR('',#904,1.);
#904 = DIRECTION('',(0.,0.,1.));
#905 = ORIENTED_EDGE('',*,*,#906,.F.);
#906 = EDGE_CURVE('',#850,#899,#907,.T.);
#907 = LINE('',#908,#909);
#908 = CARTESIAN_POINT('',(-24.91707,25.277166,0.));
#909 = VECTOR('',#910,1.);
#910 = DIRECTION('',(0.,1.,0.));
#911 = PLANE('',#912);
#912 = AXIS2_PLACEMENT_3D('',#913,#914,#915);
#913 = CARTESIAN_POINT('',(-24.91707,25.277166,0.));
#914 = DIRECTION('',(-1.,0.,0.));
#915 = DIRECTION('',(0.,1.,0.));
#916 = ADVANCED_FACE('',(#917),#935,.T.);
#917 = FACE_BOUND('',#918,.T.);
#918 = EDGE_LOOP('',(#919,#927,#928,#929));
#919 = ORIENTED_EDGE('',*,*,#920,.F.);
#920 = EDGE_CURVE('',#872,#921,#923,.T.);
#921 = VERTEX_POINT('',#922);
#922 = CARTESIAN_POINT('',(-33.66707,18.777166,0.));
#923 = LINE('',#924,#925);
#924 = CARTESIAN_POINT('',(-26.66707,18.777166,0.));
#925 = VECTOR('',#926,1.);
#926 = DIRECTION('',(-1.,0.,0.));
#927 = ORIENTED_EDGE('',*,*,#880,.T.);
#928 = ORIENTED_EDGE('',*,*,#703,.T.);
#929 = ORIENTED_EDGE('',*,*,#930,.F.);
#930 = EDGE_CURVE('',#921,#695,#931,.T.);
#931 = LINE('',#932,#933);
#932 = CARTESIAN_POINT('',(-33.66707,18.777166,0.));
#933 = VECTOR('',#934,1.);
#934 = DIRECTION('',(0.,0.,1.));
#935 = PLANE('',#936);
#936 = AXIS2_PLACEMENT_3D('',#937,#938,#939);
#937 = CARTESIAN_POINT('',(-30.45788632653,18.777166,4.959183673469));
#938 = DIRECTION('',(2.439E-14,-1.,3.82E-15));
#939 = DIRECTION('',(-1.,-2.439E-14,0.));
#940 = ADVANCED_FACE('',(#941),#959,.F.);
#941 = FACE_BOUND('',#942,.F.);
#942 = EDGE_LOOP('',(#943,#944,#945,#953));
#943 = ORIENTED_EDGE('',*,*,#898,.T.);
#944 = ORIENTED_EDGE('',*,*,#55,.T.);
#945 = ORIENTED_EDGE('',*,*,#946,.F.);
#946 = EDGE_CURVE('',#947,#56,#949,.T.);
#947 = VERTEX_POINT('',#948);
#948 = CARTESIAN_POINT('',(-35.41707,30.277166,0.));
#949 = LINE('',#950,#951);
#950 = CARTESIAN_POINT('',(-35.41707,30.277166,0.));
#951 = VECTOR('',#952,1.);
#952 = DIRECTION('',(0.,0.,1.));
#953 = ORIENTED_EDGE('',*,*,#954,.F.);
#954 = EDGE_CURVE('',#899,#947,#955,.T.);
#955 = LINE('',#956,#957);
#956 = CARTESIAN_POINT('',(-24.91707,30.277166,0.));
#957 = VECTOR('',#958,1.);
#958 = DIRECTION('',(-1.,0.,0.));
#959 = PLANE('',#960);
#960 = AXIS2_PLACEMENT_3D('',#961,#962,#963);
#961 = CARTESIAN_POINT('',(-24.91707,30.277166,0.));
#962 = DIRECTION('',(0.,-1.,0.));
#963 = DIRECTION('',(-1.,0.,0.));
#964 = ADVANCED_FACE('',(#965),#984,.F.);
#965 = FACE_BOUND('',#966,.T.);
#966 = EDGE_LOOP('',(#967,#968,#969,#977));
#967 = ORIENTED_EDGE('',*,*,#930,.T.);
#968 = ORIENTED_EDGE('',*,*,#694,.T.);
#969 = ORIENTED_EDGE('',*,*,#970,.F.);
#970 = EDGE_CURVE('',#971,#687,#973,.T.);
#971 = VERTEX_POINT('',#972);
#972 = CARTESIAN_POINT('',(-33.66707,17.777166,0.));
#973 = LINE('',#974,#975);
#974 = CARTESIAN_POINT('',(-33.66707,17.777166,0.));
#975 = VECTOR('',#976,1.);
#976 = DIRECTION('',(0.,0.,1.));
#977 = ORIENTED_EDGE('',*,*,#978,.F.);
#978 = EDGE_CURVE('',#921,#971,#979,.T.);
#979 = CIRCLE('',#980,0.5);
#980 = AXIS2_PLACEMENT_3D('',#981,#982,#983);
#981 = CARTESIAN_POINT('',(-33.6670700866,18.277166,0.));
#982 = DIRECTION('',(0.,0.,1.));
#983 = DIRECTION('',(1.,0.,0.));
#984 = CYLINDRICAL_SURFACE('',#985,0.5);
#985 = AXIS2_PLACEMENT_3D('',#986,#987,#988);
#986 = CARTESIAN_POINT('',(-33.6670700866,18.277166,0.));
#987 = DIRECTION('',(-0.,-0.,-1.));
#988 = DIRECTION('',(1.,0.,0.));
#989 = ADVANCED_FACE('',(#990),#1008,.F.);
#990 = FACE_BOUND('',#991,.F.);
#991 = EDGE_LOOP('',(#992,#993,#994,#1002));
#992 = ORIENTED_EDGE('',*,*,#946,.T.);
#993 = ORIENTED_EDGE('',*,*,#63,.T.);
#994 = ORIENTED_EDGE('',*,*,#995,.F.);
#995 = EDGE_CURVE('',#996,#64,#998,.T.);
#996 = VERTEX_POINT('',#997);
#997 = CARTESIAN_POINT('',(-35.41707,25.277166,0.));
#998 = LINE('',#999,#1000);
#999 = CARTESIAN_POINT('',(-35.41707,25.277166,0.));
#1000 = VECTOR('',#1001,1.);
#1001 = DIRECTION('',(0.,0.,1.));
#1002 = ORIENTED_EDGE('',*,*,#1003,.F.);
#1003 = EDGE_CURVE('',#947,#996,#1004,.T.);
#1004 = LINE('',#1005,#1006);
#1005 = CARTESIAN_POINT('',(-35.41707,30.277166,0.));
#1006 = VECTOR('',#1007,1.);
#1007 = DIRECTION('',(0.,-1.,0.));
#1008 = PLANE('',#1009);
#1009 = AXIS2_PLACEMENT_3D('',#1010,#1011,#1012);
#1010 = CARTESIAN_POINT('',(-35.41707,30.277166,0.));
#1011 = DIRECTION('',(1.,0.,0.));
#1012 = DIRECTION('',(0.,-1.,0.));
#1013 = ADVANCED_FACE('',(#1014),#1032,.T.);
#1014 = FACE_BOUND('',#1015,.T.);
#1015 = EDGE_LOOP('',(#1016,#1017,#1018,#1026));
#1016 = ORIENTED_EDGE('',*,*,#970,.T.);
#1017 = ORIENTED_EDGE('',*,*,#686,.T.);
#1018 = ORIENTED_EDGE('',*,*,#1019,.F.);
#1019 = EDGE_CURVE('',#1020,#678,#1022,.T.);
#1020 = VERTEX_POINT('',#1021);
#1021 = CARTESIAN_POINT('',(-26.66707,17.777166,0.));
#1022 = LINE('',#1023,#1024);
#1023 = CARTESIAN_POINT('',(-26.66707,17.777166,0.));
#1024 = VECTOR('',#1025,1.);
#1025 = DIRECTION('',(0.,0.,1.));
#1026 = ORIENTED_EDGE('',*,*,#1027,.F.);
#1027 = EDGE_CURVE('',#971,#1020,#1028,.T.);
#1028 = LINE('',#1029,#1030);
#1029 = CARTESIAN_POINT('',(-33.66707,17.777166,0.));
#1030 = VECTOR('',#1031,1.);
#1031 = DIRECTION('',(1.,0.,0.));
#1032 = PLANE('',#1033);
#1033 = AXIS2_PLACEMENT_3D('',#1034,#1035,#1036);
#1034 = CARTESIAN_POINT('',(-33.66707,17.777166,0.));
#1035 = DIRECTION('',(0.,1.,0.));
#1036 = DIRECTION('',(1.,0.,0.));
#1037 = ADVANCED_FACE('',(#1038),#1056,.F.);
#1038 = FACE_BOUND('',#1039,.F.);
#1039 = EDGE_LOOP('',(#1040,#1041,#1042,#1050));
#1040 = ORIENTED_EDGE('',*,*,#995,.T.);
#1041 = ORIENTED_EDGE('',*,*,#71,.T.);
#1042 = ORIENTED_EDGE('',*,*,#1043,.F.);
#1043 = EDGE_CURVE('',#1044,#72,#1046,.T.);
#1044 = VERTEX_POINT('',#1045);
#1045 = CARTESIAN_POINT('',(-32.41707,25.277166,0.));
#1046 = LINE('',#1047,#1048);
#1047 = CARTESIAN_POINT('',(-32.41707,25.277166,0.));
#1048 = VECTOR('',#1049,1.);
#1049 = DIRECTION('',(0.,0.,1.));
#1050 = ORIENTED_EDGE('',*,*,#1051,.F.);
#1051 = EDGE_CURVE('',#996,#1044,#1052,.T.);
#1052 = LINE('',#1053,#1054);
#1053 = CARTESIAN_POINT('',(-35.41707,25.277166,0.));
#1054 = VECTOR('',#1055,1.);
#1055 = DIRECTION('',(1.,0.,0.));
#1056 = PLANE('',#1057);
#1057 = AXIS2_PLACEMENT_3D('',#1058,#1059,#1060);
#1058 = CARTESIAN_POINT('',(-35.41707,25.277166,0.));
#1059 = DIRECTION('',(0.,1.,0.));
#1060 = DIRECTION('',(1.,0.,0.));
#1061 = ADVANCED_FACE('',(#1062),#1081,.T.);
#1062 = FACE_BOUND('',#1063,.F.);
#1063 = EDGE_LOOP('',(#1064,#1072,#1073,#1074));
#1064 = ORIENTED_EDGE('',*,*,#1065,.T.);
#1065 = EDGE_CURVE('',#1066,#670,#1068,.T.);
#1066 = VERTEX_POINT('',#1067);
#1067 = CARTESIAN_POINT('',(-26.66707,14.777166,0.));
#1068 = LINE('',#1069,#1070);
#1069 = CARTESIAN_POINT('',(-26.66707,14.777166,0.));
#1070 = VECTOR('',#1071,1.);
#1071 = DIRECTION('',(0.,0.,1.));
#1072 = ORIENTED_EDGE('',*,*,#677,.T.);
#1073 = ORIENTED_EDGE('',*,*,#1019,.F.);
#1074 = ORIENTED_EDGE('',*,*,#1075,.F.);
#1075 = EDGE_CURVE('',#1066,#1020,#1076,.T.);
#1076 = CIRCLE('',#1077,1.5);
#1077 = AXIS2_PLACEMENT_3D('',#1078,#1079,#1080);
#1078 = CARTESIAN_POINT('',(-26.6670699685,16.277166,0.));
#1079 = DIRECTION('',(0.,0.,1.));
#1080 = DIRECTION('',(1.,0.,0.));
#1081 = CYLINDRICAL_SURFACE('',#1082,1.5);
#1082 = AXIS2_PLACEMENT_3D('',#1083,#1084,#1085);
#1083 = CARTESIAN_POINT('',(-26.6670699685,16.277166,0.));
#1084 = DIRECTION('',(-0.,-0.,-1.));
#1085 = DIRECTION('',(1.,0.,0.));
#1086 = ADVANCED_FACE('',(#1087),#1105,.T.);
#1087 = FACE_BOUND('',#1088,.T.);
#1088 = EDGE_LOOP('',(#1089,#1097,#1103,#1104));
#1089 = ORIENTED_EDGE('',*,*,#1090,.F.);
#1090 = EDGE_CURVE('',#1091,#1044,#1093,.T.);
#1091 = VERTEX_POINT('',#1092);
#1092 = CARTESIAN_POINT('',(-32.41707,21.777166,0.));
#1093 = LINE('',#1094,#1095);
#1094 = CARTESIAN_POINT('',(-32.41707,20.777166,0.));
#1095 = VECTOR('',#1096,1.);
#1096 = DIRECTION('',(0.,1.,0.));
#1097 = ORIENTED_EDGE('',*,*,#1098,.T.);
#1098 = EDGE_CURVE('',#1091,#80,#1099,.T.);
#1099 = LINE('',#1100,#1101);
#1100 = CARTESIAN_POINT('',(-32.41707,21.777166,0.));
#1101 = VECTOR('',#1102,1.);
#1102 = DIRECTION('',(0.,0.,1.));
#1103 = ORIENTED_EDGE('',*,*,#79,.T.);
#1104 = ORIENTED_EDGE('',*,*,#1043,.F.);
#1105 = PLANE('',#1106);
#1106 = AXIS2_PLACEMENT_3D('',#1107,#1108,#1109);
#1107 = CARTESIAN_POINT('',(-32.41707,20.777166,0.));
#1108 = DIRECTION('',(-1.,0.,0.));
#1109 = DIRECTION('',(0.,1.,0.));
#1110 = ADVANCED_FACE('',(#1111),#1129,.T.);
#1111 = FACE_BOUND('',#1112,.T.);
#1112 = EDGE_LOOP('',(#1113,#1114,#1115,#1123));
#1113 = ORIENTED_EDGE('',*,*,#1065,.T.);
#1114 = ORIENTED_EDGE('',*,*,#669,.T.);
#1115 = ORIENTED_EDGE('',*,*,#1116,.F.);
#1116 = EDGE_CURVE('',#1117,#661,#1119,.T.);
#1117 = VERTEX_POINT('',#1118);
#1118 = CARTESIAN_POINT('',(-33.66707,14.777166,0.));
#1119 = LINE('',#1120,#1121);
#1120 = CARTESIAN_POINT('',(-33.66707,14.777166,0.));
#1121 = VECTOR('',#1122,1.);
#1122 = DIRECTION('',(0.,0.,1.));
#1123 = ORIENTED_EDGE('',*,*,#1124,.F.);
#1124 = EDGE_CURVE('',#1066,#1117,#1125,.T.);
#1125 = LINE('',#1126,#1127);
#1126 = CARTESIAN_POINT('',(-26.66707,14.777166,0.));
#1127 = VECTOR('',#1128,1.);
#1128 = DIRECTION('',(-1.,0.,0.));
#1129 = PLANE('',#1130);
#1130 = AXIS2_PLACEMENT_3D('',#1131,#1132,#1133);
#1131 = CARTESIAN_POINT('',(-26.66707,14.777166,0.));
#1132 = DIRECTION('',(0.,-1.,0.));
#1133 = DIRECTION('',(-1.,0.,0.));
#1134 = ADVANCED_FACE('',(#1135),#1153,.F.);
#1135 = FACE_BOUND('',#1136,.F.);
#1136 = EDGE_LOOP('',(#1137,#1145,#1146,#1147));
#1137 = ORIENTED_EDGE('',*,*,#1138,.F.);
#1138 = EDGE_CURVE('',#1091,#1139,#1141,.T.);
#1139 = VERTEX_POINT('',#1140);
#1140 = CARTESIAN_POINT('',(-32.41697,21.777166,0.));
#1141 = LINE('',#1142,#1143);
#1142 = CARTESIAN_POINT('',(-32.41707,21.777166,0.));
#1143 = VECTOR('',#1144,1.);
#1144 = DIRECTION('',(1.,0.,0.));
#1145 = ORIENTED_EDGE('',*,*,#1098,.T.);
#1146 = ORIENTED_EDGE('',*,*,#87,.T.);
#1147 = ORIENTED_EDGE('',*,*,#1148,.F.);
#1148 = EDGE_CURVE('',#1139,#88,#1149,.T.);
#1149 = LINE('',#1150,#1151);
#1150 = CARTESIAN_POINT('',(-32.41697,21.777166,0.));
#1151 = VECTOR('',#1152,1.);
#1152 = DIRECTION('',(0.,0.,1.));
#1153 = PLANE('',#1154);
#1154 = AXIS2_PLACEMENT_3D('',#1155,#1156,#1157);
#1155 = CARTESIAN_POINT('',(-32.41707,21.777166,0.));
#1156 = DIRECTION('',(0.,1.,0.));
#1157 = DIRECTION('',(1.,0.,0.));
#1158 = ADVANCED_FACE('',(#1159),#1178,.F.);
#1159 = FACE_BOUND('',#1160,.T.);
#1160 = EDGE_LOOP('',(#1161,#1162,#1163,#1171));
#1161 = ORIENTED_EDGE('',*,*,#1116,.T.);
#1162 = ORIENTED_EDGE('',*,*,#660,.T.);
#1163 = ORIENTED_EDGE('',*,*,#1164,.F.);
#1164 = EDGE_CURVE('',#1165,#653,#1167,.T.);
#1165 = VERTEX_POINT('',#1166);
#1166 = CARTESIAN_POINT('',(-33.66707,13.777166,0.));
#1167 = LINE('',#1168,#1169);
#1168 = CARTESIAN_POINT('',(-33.66707,13.777166,0.));
#1169 = VECTOR('',#1170,1.);
#1170 = DIRECTION('',(0.,0.,1.));
#1171 = ORIENTED_EDGE('',*,*,#1172,.F.);
#1172 = EDGE_CURVE('',#1117,#1165,#1173,.T.);
#1173 = CIRCLE('',#1174,0.5);
#1174 = AXIS2_PLACEMENT_3D('',#1175,#1176,#1177);
#1175 = CARTESIAN_POINT('',(-33.66707016339,14.277166,0.));
#1176 = DIRECTION('',(0.,0.,1.));
#1177 = DIRECTION('',(1.,0.,0.));
#1178 = CYLINDRICAL_SURFACE('',#1179,0.5);
#1179 = AXIS2_PLACEMENT_3D('',#1180,#1181,#1182);
#1180 = CARTESIAN_POINT('',(-33.66707016339,14.277166,0.));
#1181 = DIRECTION('',(-0.,-0.,-1.));
#1182 = DIRECTION('',(1.,0.,0.));
#1183 = ADVANCED_FACE('',(#1184),#1203,.F.);
#1184 = FACE_BOUND('',#1185,.T.);
#1185 = EDGE_LOOP('',(#1186,#1195,#1201,#1202));
#1186 = ORIENTED_EDGE('',*,*,#1187,.T.);
#1187 = EDGE_CURVE('',#1139,#1188,#1190,.T.);
#1188 = VERTEX_POINT('',#1189);
#1189 = CARTESIAN_POINT('',(-32.16707,21.527266,0.));
#1190 = CIRCLE('',#1191,0.2499);
#1191 = AXIS2_PLACEMENT_3D('',#1192,#1193,#1194);
#1192 = CARTESIAN_POINT('',(-32.41697,21.527266,1.8E-16));
#1193 = DIRECTION('',(-0.,-0.,-1.));
#1194 = DIRECTION('',(0.,-1.,0.));
#1195 = ORIENTED_EDGE('',*,*,#1196,.T.);
#1196 = EDGE_CURVE('',#1188,#96,#1197,.T.);
#1197 = LINE('',#1198,#1199);
#1198 = CARTESIAN_POINT('',(-32.16707,21.527266,0.));
#1199 = VECTOR('',#1200,1.);
#1200 = DIRECTION('',(0.,0.,1.));
#1201 = ORIENTED_EDGE('',*,*,#95,.F.);
#1202 = ORIENTED_EDGE('',*,*,#1148,.F.);
#1203 = CYLINDRICAL_SURFACE('',#1204,0.2499);
#1204 = AXIS2_PLACEMENT_3D('',#1205,#1206,#1207);
#1205 = CARTESIAN_POINT('',(-32.41697,21.527266,0.));
#1206 = DIRECTION('',(0.,0.,1.));
#1207 = DIRECTION('',(-0.,1.,0.));
#1208 = ADVANCED_FACE('',(#1209),#1227,.T.);
#1209 = FACE_BOUND('',#1210,.T.);
#1210 = EDGE_LOOP('',(#1211,#1212,#1213,#1221));
#1211 = ORIENTED_EDGE('',*,*,#1164,.T.);
#1212 = ORIENTED_EDGE('',*,*,#652,.T.);
#1213 = ORIENTED_EDGE('',*,*,#1214,.F.);
#1214 = EDGE_CURVE('',#1215,#644,#1217,.T.);
#1215 = VERTEX_POINT('',#1216);
#1216 = CARTESIAN_POINT('',(-26.66707,13.777166,0.));
#1217 = LINE('',#1218,#1219);
#1218 = CARTESIAN_POINT('',(-26.66707,13.777166,0.));
#1219 = VECTOR('',#1220,1.);
#1220 = DIRECTION('',(0.,0.,1.));
#1221 = ORIENTED_EDGE('',*,*,#1222,.F.);
#1222 = EDGE_CURVE('',#1165,#1215,#1223,.T.);
#1223 = LINE('',#1224,#1225);
#1224 = CARTESIAN_POINT('',(-33.66707,13.777166,0.));
#1225 = VECTOR('',#1226,1.);
#1226 = DIRECTION('',(1.,0.,0.));
#1227 = PLANE('',#1228);
#1228 = AXIS2_PLACEMENT_3D('',#1229,#1230,#1231);
#1229 = CARTESIAN_POINT('',(-33.66707,13.777166,0.));
#1230 = DIRECTION('',(0.,1.,0.));
#1231 = DIRECTION('',(1.,0.,0.));
#1232 = ADVANCED_FACE('',(#1233),#1251,.T.);
#1233 = FACE_BOUND('',#1234,.T.);
#1234 = EDGE_LOOP('',(#1235,#1236,#1237,#1245));
#1235 = ORIENTED_EDGE('',*,*,#104,.T.);
#1236 = ORIENTED_EDGE('',*,*,#1196,.F.);
#1237 = ORIENTED_EDGE('',*,*,#1238,.T.);
#1238 = EDGE_CURVE('',#1188,#1239,#1241,.T.);
#1239 = VERTEX_POINT('',#1240);
#1240 = CARTESIAN_POINT('',(-32.16707,20.777166,0.));
#1241 = LINE('',#1242,#1243);
#1242 = CARTESIAN_POINT('',(-32.16707,22.408714,0.));
#1243 = VECTOR('',#1244,1.);
#1244 = DIRECTION('',(0.,-1.,0.));
#1245 = ORIENTED_EDGE('',*,*,#1246,.F.);
#1246 = EDGE_CURVE('',#105,#1239,#1247,.T.);
#1247 = LINE('',#1248,#1249);
#1248 = CARTESIAN_POINT('',(-32.16707,20.777166,14.));
#1249 = VECTOR('',#1250,1.);
#1250 = DIRECTION('',(-0.,-0.,-1.));
#1251 = PLANE('',#1252);
#1252 = AXIS2_PLACEMENT_3D('',#1253,#1254,#1255);
#1253 = CARTESIAN_POINT('',(-32.16707,20.777166,7.));
#1254 = DIRECTION('',(-1.,-0.,-0.));
#1255 = DIRECTION('',(0.,0.,-1.));
#1256 = ADVANCED_FACE('',(#1257),#1276,.T.);
#1257 = FACE_BOUND('',#1258,.F.);
#1258 = EDGE_LOOP('',(#1259,#1267,#1268,#1269));
#1259 = ORIENTED_EDGE('',*,*,#1260,.T.);
#1260 = EDGE_CURVE('',#1261,#636,#1263,.T.);
#1261 = VERTEX_POINT('',#1262);
#1262 = CARTESIAN_POINT('',(-26.66707015359,10.777166,0.));
#1263 = LINE('',#1264,#1265);
#1264 = CARTESIAN_POINT('',(-26.66707015359,10.777166,0.));
#1265 = VECTOR('',#1266,1.);
#1266 = DIRECTION('',(0.,0.,1.));
#1267 = ORIENTED_EDGE('',*,*,#643,.T.);
#1268 = ORIENTED_EDGE('',*,*,#1214,.F.);
#1269 = ORIENTED_EDGE('',*,*,#1270,.F.);
#1270 = EDGE_CURVE('',#1261,#1215,#1271,.T.);
#1271 = CIRCLE('',#1272,1.5);
#1272 = AXIS2_PLACEMENT_3D('',#1273,#1274,#1275);
#1273 = CARTESIAN_POINT('',(-26.66706981698,12.277166,0.));
#1274 = DIRECTION('',(0.,0.,1.));
#1275 = DIRECTION('',(1.,0.,0.));
#1276 = CYLINDRICAL_SURFACE('',#1277,1.5);
#1277 = AXIS2_PLACEMENT_3D('',#1278,#1279,#1280);
#1278 = CARTESIAN_POINT('',(-26.66706981698,12.277166,0.));
#1279 = DIRECTION('',(-0.,-0.,-1.));
#1280 = DIRECTION('',(1.,0.,0.));
#1281 = ADVANCED_FACE('',(#1282),#1301,.F.);
#1282 = FACE_BOUND('',#1283,.F.);
#1283 = EDGE_LOOP('',(#1284,#1285,#1293,#1300));
#1284 = ORIENTED_EDGE('',*,*,#112,.F.);
#1285 = ORIENTED_EDGE('',*,*,#1286,.T.);
#1286 = EDGE_CURVE('',#113,#1287,#1289,.T.);
#1287 = VERTEX_POINT('',#1288);
#1288 = CARTESIAN_POINT('',(-33.16707,19.777166,0.));
#1289 = LINE('',#1290,#1291);
#1290 = CARTESIAN_POINT('',(-33.16707,19.777166,14.));
#1291 = VECTOR('',#1292,1.);
#1292 = DIRECTION('',(-0.,-0.,-1.));
#1293 = ORIENTED_EDGE('',*,*,#1294,.T.);
#1294 = EDGE_CURVE('',#1287,#1239,#1295,.T.);
#1295 = CIRCLE('',#1296,1.);
#1296 = AXIS2_PLACEMENT_3D('',#1297,#1298,#1299);
#1297 = CARTESIAN_POINT('',(-33.16707,20.777166,1.95399252334E-14));
#1298 = DIRECTION('',(0.,0.,1.));
#1299 = DIRECTION('',(1.,0.,0.));
#1300 = ORIENTED_EDGE('',*,*,#1246,.F.);
#1301 = CYLINDRICAL_SURFACE('',#1302,1.);
#1302 = AXIS2_PLACEMENT_3D('',#1303,#1304,#1305);
#1303 = CARTESIAN_POINT('',(-33.16707,20.777166,14.));
#1304 = DIRECTION('',(0.,0.,1.));
#1305 = DIRECTION('',(1.,0.,0.));
#1306 = ADVANCED_FACE('',(#1307),#1325,.T.);
#1307 = FACE_BOUND('',#1308,.T.);
#1308 = EDGE_LOOP('',(#1309,#1310,#1311,#1319));
#1309 = ORIENTED_EDGE('',*,*,#1260,.T.);
#1310 = ORIENTED_EDGE('',*,*,#635,.T.);
#1311 = ORIENTED_EDGE('',*,*,#1312,.F.);
#1312 = EDGE_CURVE('',#1313,#627,#1315,.T.);
#1313 = VERTEX_POINT('',#1314);
#1314 = CARTESIAN_POINT('',(-33.66707015359,10.777166,0.));
#1315 = LINE('',#1316,#1317);
#1316 = CARTESIAN_POINT('',(-33.66707015359,10.777166,0.));
#1317 = VECTOR('',#1318,1.);
#1318 = DIRECTION('',(0.,0.,1.));
#1319 = ORIENTED_EDGE('',*,*,#1320,.F.);
#1320 = EDGE_CURVE('',#1261,#1313,#1321,.T.);
#1321 = LINE('',#1322,#1323);
#1322 = CARTESIAN_POINT('',(-26.66707015359,10.777166,0.));
#1323 = VECTOR('',#1324,1.);
#1324 = DIRECTION('',(-1.,0.,0.));
#1325 = PLANE('',#1326);
#1326 = AXIS2_PLACEMENT_3D('',#1327,#1328,#1329);
#1327 = CARTESIAN_POINT('',(-26.66707015359,10.777166,0.));
#1328 = DIRECTION('',(0.,-1.,0.));
#1329 = DIRECTION('',(-1.,0.,0.));
#1330 = ADVANCED_FACE('',(#1331),#1349,.F.);
#1331 = FACE_BOUND('',#1332,.F.);
#1332 = EDGE_LOOP('',(#1333,#1341,#1342,#1343));
#1333 = ORIENTED_EDGE('',*,*,#1334,.F.);
#1334 = EDGE_CURVE('',#1287,#1335,#1337,.T.);
#1335 = VERTEX_POINT('',#1336);
#1336 = CARTESIAN_POINT('',(-33.6670695098,19.777166,0.));
#1337 = LINE('',#1338,#1339);
#1338 = CARTESIAN_POINT('',(-26.66706980718,19.777166,0.));
#1339 = VECTOR('',#1340,1.);
#1340 = DIRECTION('',(-1.,0.,0.));
#1341 = ORIENTED_EDGE('',*,*,#1286,.F.);
#1342 = ORIENTED_EDGE('',*,*,#121,.T.);
#1343 = ORIENTED_EDGE('',*,*,#1344,.F.);
#1344 = EDGE_CURVE('',#1335,#122,#1345,.T.);
#1345 = LINE('',#1346,#1347);
#1346 = CARTESIAN_POINT('',(-33.6670695098,19.777166,0.));
#1347 = VECTOR('',#1348,1.);
#1348 = DIRECTION('',(0.,0.,1.));
#1349 = PLANE('',#1350);
#1350 = AXIS2_PLACEMENT_3D('',#1351,#1352,#1353);
#1351 = CARTESIAN_POINT('',(-26.66706980718,19.777166,0.));
#1352 = DIRECTION('',(0.,-1.,0.));
#1353 = DIRECTION('',(-1.,0.,0.));
#1354 = ADVANCED_FACE('',(#1355),#1374,.F.);
#1355 = FACE_BOUND('',#1356,.T.);
#1356 = EDGE_LOOP('',(#1357,#1358,#1359,#1367));
#1357 = ORIENTED_EDGE('',*,*,#1312,.T.);
#1358 = ORIENTED_EDGE('',*,*,#626,.T.);
#1359 = ORIENTED_EDGE('',*,*,#1360,.F.);
#1360 = EDGE_CURVE('',#1361,#619,#1363,.T.);
#1361 = VERTEX_POINT('',#1362);
#1362 = CARTESIAN_POINT('',(-33.66707015359,9.777166,0.));
#1363 = LINE('',#1364,#1365);
#1364 = CARTESIAN_POINT('',(-33.66707015359,9.777166,0.));
#1365 = VECTOR('',#1366,1.);
#1366 = DIRECTION('',(0.,0.,1.));
#1367 = ORIENTED_EDGE('',*,*,#1368,.F.);
#1368 = EDGE_CURVE('',#1313,#1361,#1369,.T.);
#1369 = CIRCLE('',#1370,0.5);
#1370 = AXIS2_PLACEMENT_3D('',#1371,#1372,#1373);
#1371 = CARTESIAN_POINT('',(-33.66707016339,10.277166,0.));
#1372 = DIRECTION('',(0.,0.,1.));
#1373 = DIRECTION('',(1.,0.,0.));
#1374 = CYLINDRICAL_SURFACE('',#1375,0.5);
#1375 = AXIS2_PLACEMENT_3D('',#1376,#1377,#1378);
#1376 = CARTESIAN_POINT('',(-33.66707016339,10.277166,0.));
#1377 = DIRECTION('',(-0.,-0.,-1.));
#1378 = DIRECTION('',(1.,0.,0.));
#1379 = ADVANCED_FACE('',(#1380),#1399,.T.);
#1380 = FACE_BOUND('',#1381,.F.);
#1381 = EDGE_LOOP('',(#1382,#1383,#1384,#1392));
#1382 = ORIENTED_EDGE('',*,*,#1344,.T.);
#1383 = ORIENTED_EDGE('',*,*,#129,.T.);
#1384 = ORIENTED_EDGE('',*,*,#1385,.F.);
#1385 = EDGE_CURVE('',#1386,#130,#1388,.T.);
#1386 = VERTEX_POINT('',#1387);
#1387 = CARTESIAN_POINT('',(-33.66707,16.777166,0.));
#1388 = LINE('',#1389,#1390);
#1389 = CARTESIAN_POINT('',(-33.66707,16.777166,0.));
#1390 = VECTOR('',#1391,1.);
#1391 = DIRECTION('',(0.,0.,1.));
#1392 = ORIENTED_EDGE('',*,*,#1393,.F.);
#1393 = EDGE_CURVE('',#1335,#1386,#1394,.T.);
#1394 = CIRCLE('',#1395,1.5);
#1395 = AXIS2_PLACEMENT_3D('',#1396,#1397,#1398);
#1396 = CARTESIAN_POINT('',(-33.6670700866,18.277166,0.));
#1397 = DIRECTION('',(0.,0.,1.));
#1398 = DIRECTION('',(1.,0.,0.));
#1399 = CYLINDRICAL_SURFACE('',#1400,1.5);
#1400 = AXIS2_PLACEMENT_3D('',#1401,#1402,#1403);
#1401 = CARTESIAN_POINT('',(-33.6670700866,18.277166,0.));
#1402 = DIRECTION('',(-0.,-0.,-1.));
#1403 = DIRECTION('',(1.,0.,0.));
#1404 = ADVANCED_FACE('',(#1405),#1423,.T.);
#1405 = FACE_BOUND('',#1406,.T.);
#1406 = EDGE_LOOP('',(#1407,#1408,#1409,#1417));
#1407 = ORIENTED_EDGE('',*,*,#1360,.T.);
#1408 = ORIENTED_EDGE('',*,*,#618,.T.);
#1409 = ORIENTED_EDGE('',*,*,#1410,.F.);
#1410 = EDGE_CURVE('',#1411,#610,#1413,.T.);
#1411 = VERTEX_POINT('',#1412);
#1412 = CARTESIAN_POINT('',(-26.66707054903,9.777166,0.));
#1413 = LINE('',#1414,#1415);
#1414 = CARTESIAN_POINT('',(-26.66707054903,9.777166,0.));
#1415 = VECTOR('',#1416,1.);
#1416 = DIRECTION('',(0.,0.,1.));
#1417 = ORIENTED_EDGE('',*,*,#1418,.F.);
#1418 = EDGE_CURVE('',#1361,#1411,#1419,.T.);
#1419 = LINE('',#1420,#1421);
#1420 = CARTESIAN_POINT('',(-33.66707015359,9.777166,0.));
#1421 = VECTOR('',#1422,1.);
#1422 = DIRECTION('',(1.,0.,0.));
#1423 = PLANE('',#1424);
#1424 = AXIS2_PLACEMENT_3D('',#1425,#1426,#1427);
#1425 = CARTESIAN_POINT('',(-33.66707015359,9.777166,0.));
#1426 = DIRECTION('',(0.,1.,0.));
#1427 = DIRECTION('',(1.,0.,0.));
#1428 = ADVANCED_FACE('',(#1429),#1447,.F.);
#1429 = FACE_BOUND('',#1430,.F.);
#1430 = EDGE_LOOP('',(#1431,#1432,#1433,#1441));
#1431 = ORIENTED_EDGE('',*,*,#1385,.T.);
#1432 = ORIENTED_EDGE('',*,*,#138,.T.);
#1433 = ORIENTED_EDGE('',*,*,#1434,.F.);
#1434 = EDGE_CURVE('',#1435,#139,#1437,.T.);
#1435 = VERTEX_POINT('',#1436);
#1436 = CARTESIAN_POINT('',(-26.66707,16.777166,0.));
#1437 = LINE('',#1438,#1439);
#1438 = CARTESIAN_POINT('',(-26.66707,16.777166,0.));
#1439 = VECTOR('',#1440,1.);
#1440 = DIRECTION('',(0.,0.,1.));
#1441 = ORIENTED_EDGE('',*,*,#1442,.F.);
#1442 = EDGE_CURVE('',#1386,#1435,#1443,.T.);
#1443 = LINE('',#1444,#1445);
#1444 = CARTESIAN_POINT('',(-33.66707,16.777166,0.));
#1445 = VECTOR('',#1446,1.);
#1446 = DIRECTION('',(1.,0.,0.));
#1447 = PLANE('',#1448);
#1448 = AXIS2_PLACEMENT_3D('',#1449,#1450,#1451);
#1449 = CARTESIAN_POINT('',(-33.66707,16.777166,0.));
#1450 = DIRECTION('',(0.,1.,0.));
#1451 = DIRECTION('',(1.,0.,0.));
#1452 = ADVANCED_FACE('',(#1453),#1472,.T.);
#1453 = FACE_BOUND('',#1454,.F.);
#1454 = EDGE_LOOP('',(#1455,#1463,#1464,#1465));
#1455 = ORIENTED_EDGE('',*,*,#1456,.T.);
#1456 = EDGE_CURVE('',#1457,#602,#1459,.T.);
#1457 = VERTEX_POINT('',#1458);
#1458 = CARTESIAN_POINT('',(-26.66706984641,6.777166,0.));
#1459 = LINE('',#1460,#1461);
#1460 = CARTESIAN_POINT('',(-26.66706984641,6.777166,0.));
#1461 = VECTOR('',#1462,1.);
#1462 = DIRECTION('',(0.,0.,1.));
#1463 = ORIENTED_EDGE('',*,*,#609,.T.);
#1464 = ORIENTED_EDGE('',*,*,#1410,.F.);
#1465 = ORIENTED_EDGE('',*,*,#1466,.F.);
#1466 = EDGE_CURVE('',#1457,#1411,#1467,.T.);
#1467 = CIRCLE('',#1468,1.5);
#1468 = AXIS2_PLACEMENT_3D('',#1469,#1470,#1471);
#1469 = CARTESIAN_POINT('',(-26.66706993791,8.277166,0.));
#1470 = DIRECTION('',(0.,0.,1.));
#1471 = DIRECTION('',(1.,0.,0.));
#1472 = CYLINDRICAL_SURFACE('',#1473,1.5);
#1473 = AXIS2_PLACEMENT_3D('',#1474,#1475,#1476);
#1474 = CARTESIAN_POINT('',(-26.66706993791,8.277166,0.));
#1475 = DIRECTION('',(-0.,-0.,-1.));
#1476 = DIRECTION('',(1.,0.,0.));
#1477 = ADVANCED_FACE('',(#1478),#1497,.F.);
#1478 = FACE_BOUND('',#1479,.T.);
#1479 = EDGE_LOOP('',(#1480,#1488,#1489,#1490));
#1480 = ORIENTED_EDGE('',*,*,#1481,.T.);
#1481 = EDGE_CURVE('',#1482,#147,#1484,.T.);
#1482 = VERTEX_POINT('',#1483);
#1483 = CARTESIAN_POINT('',(-26.66707,15.777166,0.));
#1484 = LINE('',#1485,#1486);
#1485 = CARTESIAN_POINT('',(-26.66707,15.777166,0.));
#1486 = VECTOR('',#1487,1.);
#1487 = DIRECTION('',(0.,0.,1.));
#1488 = ORIENTED_EDGE('',*,*,#146,.T.);
#1489 = ORIENTED_EDGE('',*,*,#1434,.F.);
#1490 = ORIENTED_EDGE('',*,*,#1491,.F.);
#1491 = EDGE_CURVE('',#1482,#1435,#1492,.T.);
#1492 = CIRCLE('',#1493,0.5);
#1493 = AXIS2_PLACEMENT_3D('',#1494,#1495,#1496);
#1494 = CARTESIAN_POINT('',(-26.6670699685,16.277166,0.));
#1495 = DIRECTION('',(0.,0.,1.));
#1496 = DIRECTION('',(1.,0.,0.));
#1497 = CYLINDRICAL_SURFACE('',#1498,0.5);
#1498 = AXIS2_PLACEMENT_3D('',#1499,#1500,#1501);
#1499 = CARTESIAN_POINT('',(-26.6670699685,16.277166,0.));
#1500 = DIRECTION('',(-0.,-0.,-1.));
#1501 = DIRECTION('',(1.,0.,0.));
#1502 = ADVANCED_FACE('',(#1503),#1521,.T.);
#1503 = FACE_BOUND('',#1504,.T.);
#1504 = EDGE_LOOP('',(#1505,#1506,#1507,#1515));
#1505 = ORIENTED_EDGE('',*,*,#1456,.T.);
#1506 = ORIENTED_EDGE('',*,*,#601,.T.);
#1507 = ORIENTED_EDGE('',*,*,#1508,.F.);
#1508 = EDGE_CURVE('',#1509,#593,#1511,.T.);
#1509 = VERTEX_POINT('',#1510);
#1510 = CARTESIAN_POINT('',(-33.66706984641,6.777166,0.));
#1511 = LINE('',#1512,#1513);
#1512 = CARTESIAN_POINT('',(-33.66706984641,6.777166,0.));
#1513 = VECTOR('',#1514,1.);
#1514 = DIRECTION('',(0.,0.,1.));
#1515 = ORIENTED_EDGE('',*,*,#1516,.F.);
#1516 = EDGE_CURVE('',#1457,#1509,#1517,.T.);
#1517 = LINE('',#1518,#1519);
#1518 = CARTESIAN_POINT('',(-26.66706984641,6.777166,0.));
#1519 = VECTOR('',#1520,1.);
#1520 = DIRECTION('',(-1.,0.,0.));
#1521 = PLANE('',#1522);
#1522 = AXIS2_PLACEMENT_3D('',#1523,#1524,#1525);
#1523 = CARTESIAN_POINT('',(-26.66706984641,6.777166,0.));
#1524 = DIRECTION('',(0.,-1.,0.));
#1525 = DIRECTION('',(-1.,0.,0.));
#1526 = ADVANCED_FACE('',(#1527),#1545,.F.);
#1527 = FACE_BOUND('',#1528,.F.);
#1528 = EDGE_LOOP('',(#1529,#1530,#1531,#1539));
#1529 = ORIENTED_EDGE('',*,*,#1481,.T.);
#1530 = ORIENTED_EDGE('',*,*,#155,.T.);
#1531 = ORIENTED_EDGE('',*,*,#1532,.F.);
#1532 = EDGE_CURVE('',#1533,#156,#1535,.T.);
#1533 = VERTEX_POINT('',#1534);
#1534 = CARTESIAN_POINT('',(-33.66707,15.777166,0.));
#1535 = LINE('',#1536,#1537);
#1536 = CARTESIAN_POINT('',(-33.66707,15.777166,0.));
#1537 = VECTOR('',#1538,1.);
#1538 = DIRECTION('',(0.,0.,1.));
#1539 = ORIENTED_EDGE('',*,*,#1540,.F.);
#1540 = EDGE_CURVE('',#1482,#1533,#1541,.T.);
#1541 = LINE('',#1542,#1543);
#1542 = CARTESIAN_POINT('',(-26.66707,15.777166,0.));
#1543 = VECTOR('',#1544,1.);
#1544 = DIRECTION('',(-1.,0.,0.));
#1545 = PLANE('',#1546);
#1546 = AXIS2_PLACEMENT_3D('',#1547,#1548,#1549);
#1547 = CARTESIAN_POINT('',(-26.66707,15.777166,0.));
#1548 = DIRECTION('',(0.,-1.,0.));
#1549 = DIRECTION('',(-1.,0.,0.));
#1550 = ADVANCED_FACE('',(#1551),#1570,.F.);
#1551 = FACE_BOUND('',#1552,.T.);
#1552 = EDGE_LOOP('',(#1553,#1554,#1555,#1563));
#1553 = ORIENTED_EDGE('',*,*,#1508,.T.);
#1554 = ORIENTED_EDGE('',*,*,#592,.T.);
#1555 = ORIENTED_EDGE('',*,*,#1556,.F.);
#1556 = EDGE_CURVE('',#1557,#585,#1559,.T.);
#1557 = VERTEX_POINT('',#1558);
#1558 = CARTESIAN_POINT('',(-33.66707,5.777166,0.));
#1559 = LINE('',#1560,#1561);
#1560 = CARTESIAN_POINT('',(-33.66707,5.777166,0.));
#1561 = VECTOR('',#1562,1.);
#1562 = DIRECTION('',(0.,0.,1.));
#1563 = ORIENTED_EDGE('',*,*,#1564,.F.);
#1564 = EDGE_CURVE('',#1509,#1557,#1565,.T.);
#1565 = CIRCLE('',#1566,0.5);
#1566 = AXIS2_PLACEMENT_3D('',#1567,#1568,#1569);
#1567 = CARTESIAN_POINT('',(-33.6670700098,6.277166,0.));
#1568 = DIRECTION('',(0.,0.,1.));
#1569 = DIRECTION('',(1.,0.,0.));
#1570 = CYLINDRICAL_SURFACE('',#1571,0.5);
#1571 = AXIS2_PLACEMENT_3D('',#1572,#1573,#1574);
#1572 = CARTESIAN_POINT('',(-33.6670700098,6.277166,0.));
#1573 = DIRECTION('',(-0.,-0.,-1.));
#1574 = DIRECTION('',(1.,0.,0.));
#1575 = ADVANCED_FACE('',(#1576),#1595,.T.);
#1576 = FACE_BOUND('',#1577,.F.);
#1577 = EDGE_LOOP('',(#1578,#1579,#1580,#1588));
#1578 = ORIENTED_EDGE('',*,*,#1532,.T.);
#1579 = ORIENTED_EDGE('',*,*,#163,.T.);
#1580 = ORIENTED_EDGE('',*,*,#1581,.F.);
#1581 = EDGE_CURVE('',#1582,#164,#1584,.T.);
#1582 = VERTEX_POINT('',#1583);
#1583 = CARTESIAN_POINT('',(-33.66706980718,12.777166,0.));
#1584 = LINE('',#1585,#1586);
#1585 = CARTESIAN_POINT('',(-33.66706980718,12.777166,0.));
#1586 = VECTOR('',#1587,1.);
#1587 = DIRECTION('',(0.,0.,1.));
#1588 = ORIENTED_EDGE('',*,*,#1589,.F.);
#1589 = EDGE_CURVE('',#1533,#1582,#1590,.T.);
#1590 = CIRCLE('',#1591,1.5);
#1591 = AXIS2_PLACEMENT_3D('',#1592,#1593,#1594);
#1592 = CARTESIAN_POINT('',(-33.66707016339,14.277166,0.));
#1593 = DIRECTION('',(0.,0.,1.));
#1594 = DIRECTION('',(1.,0.,0.));
#1595 = CYLINDRICAL_SURFACE('',#1596,1.5);
#1596 = AXIS2_PLACEMENT_3D('',#1597,#1598,#1599);
#1597 = CARTESIAN_POINT('',(-33.66707016339,14.277166,0.));
#1598 = DIRECTION('',(-0.,-0.,-1.));
#1599 = DIRECTION('',(1.,0.,0.));
#1600 = ADVANCED_FACE('',(#1601),#1619,.T.);
#1601 = FACE_BOUND('',#1602,.T.);
#1602 = EDGE_LOOP('',(#1603,#1604,#1605,#1613));
#1603 = ORIENTED_EDGE('',*,*,#1556,.T.);
#1604 = ORIENTED_EDGE('',*,*,#584,.T.);
#1605 = ORIENTED_EDGE('',*,*,#1606,.F.);
#1606 = EDGE_CURVE('',#1607,#576,#1609,.T.);
#1607 = VERTEX_POINT('',#1608);
#1608 = CARTESIAN_POINT('',(-26.66707,5.777166,0.));
#1609 = LINE('',#1610,#1611);
#1610 = CARTESIAN_POINT('',(-26.66707,5.777166,0.));
#1611 = VECTOR('',#1612,1.);
#1612 = DIRECTION('',(0.,0.,1.));
#1613 = ORIENTED_EDGE('',*,*,#1614,.F.);
#1614 = EDGE_CURVE('',#1557,#1607,#1615,.T.);
#1615 = LINE('',#1616,#1617);
#1616 = CARTESIAN_POINT('',(-33.66707,5.777166,0.));
#1617 = VECTOR('',#1618,1.);
#1618 = DIRECTION('',(1.,0.,0.));
#1619 = PLANE('',#1620);
#1620 = AXIS2_PLACEMENT_3D('',#1621,#1622,#1623);
#1621 = CARTESIAN_POINT('',(-33.66707,5.777166,0.));
#1622 = DIRECTION('',(0.,1.,0.));
#1623 = DIRECTION('',(1.,0.,0.));
#1624 = ADVANCED_FACE('',(#1625),#1643,.F.);
#1625 = FACE_BOUND('',#1626,.F.);
#1626 = EDGE_LOOP('',(#1627,#1628,#1629,#1637));
#1627 = ORIENTED_EDGE('',*,*,#1581,.T.);
#1628 = ORIENTED_EDGE('',*,*,#172,.T.);
#1629 = ORIENTED_EDGE('',*,*,#1630,.F.);
#1630 = EDGE_CURVE('',#1631,#173,#1633,.T.);
#1631 = VERTEX_POINT('',#1632);
#1632 = CARTESIAN_POINT('',(-26.66706980718,12.777166,0.));
#1633 = LINE('',#1634,#1635);
#1634 = CARTESIAN_POINT('',(-26.66706980718,12.777166,0.));
#1635 = VECTOR('',#1636,1.);
#1636 = DIRECTION('',(0.,0.,1.));
#1637 = ORIENTED_EDGE('',*,*,#1638,.F.);
#1638 = EDGE_CURVE('',#1582,#1631,#1639,.T.);
#1639 = LINE('',#1640,#1641);
#1640 = CARTESIAN_POINT('',(-33.66706980718,12.777166,0.));
#1641 = VECTOR('',#1642,1.);
#1642 = DIRECTION('',(1.,0.,0.));
#1643 = PLANE('',#1644);
#1644 = AXIS2_PLACEMENT_3D('',#1645,#1646,#1647);
#1645 = CARTESIAN_POINT('',(-33.66706980718,12.777166,0.));
#1646 = DIRECTION('',(0.,1.,0.));
#1647 = DIRECTION('',(1.,0.,0.));
#1648 = ADVANCED_FACE('',(#1649),#1668,.T.);
#1649 = FACE_BOUND('',#1650,.F.);
#1650 = EDGE_LOOP('',(#1651,#1659,#1660,#1661));
#1651 = ORIENTED_EDGE('',*,*,#1652,.T.);
#1652 = EDGE_CURVE('',#1653,#568,#1655,.T.);
#1653 = VERTEX_POINT('',#1654);
#1654 = CARTESIAN_POINT('',(-26.66707001395,2.777166,0.));
#1655 = LINE('',#1656,#1657);
#1656 = CARTESIAN_POINT('',(-26.66707001395,2.777166,0.));
#1657 = VECTOR('',#1658,1.);
#1658 = DIRECTION('',(0.,0.,1.));
#1659 = ORIENTED_EDGE('',*,*,#575,.T.);
#1660 = ORIENTED_EDGE('',*,*,#1606,.F.);
#1661 = ORIENTED_EDGE('',*,*,#1662,.F.);
#1662 = EDGE_CURVE('',#1653,#1607,#1663,.T.);
#1663 = CIRCLE('',#1664,1.5);
#1664 = AXIS2_PLACEMENT_3D('',#1665,#1666,#1667);
#1665 = CARTESIAN_POINT('',(-26.66707,4.277166,0.));
#1666 = DIRECTION('',(0.,0.,1.));
#1667 = DIRECTION('',(1.,0.,0.));
#1668 = CYLINDRICAL_SURFACE('',#1669,1.5);
#1669 = AXIS2_PLACEMENT_3D('',#1670,#1671,#1672);
#1670 = CARTESIAN_POINT('',(-26.66707,4.277166,0.));
#1671 = DIRECTION('',(-0.,-0.,-1.));
#1672 = DIRECTION('',(1.,0.,0.));
#1673 = ADVANCED_FACE('',(#1674),#1693,.F.);
#1674 = FACE_BOUND('',#1675,.T.);
#1675 = EDGE_LOOP('',(#1676,#1684,#1685,#1686));
#1676 = ORIENTED_EDGE('',*,*,#1677,.T.);
#1677 = EDGE_CURVE('',#1678,#181,#1680,.T.);
#1678 = VERTEX_POINT('',#1679);
#1679 = CARTESIAN_POINT('',(-26.66706980718,11.777166,0.));
#1680 = LINE('',#1681,#1682);
#1681 = CARTESIAN_POINT('',(-26.66706980718,11.777166,0.));
#1682 = VECTOR('',#1683,1.);
#1683 = DIRECTION('',(0.,0.,1.));
#1684 = ORIENTED_EDGE('',*,*,#180,.T.);
#1685 = ORIENTED_EDGE('',*,*,#1630,.F.);
#1686 = ORIENTED_EDGE('',*,*,#1687,.F.);
#1687 = EDGE_CURVE('',#1678,#1631,#1688,.T.);
#1688 = CIRCLE('',#1689,0.5);
#1689 = AXIS2_PLACEMENT_3D('',#1690,#1691,#1692);
#1690 = CARTESIAN_POINT('',(-26.66706981698,12.277166,0.));
#1691 = DIRECTION('',(0.,0.,1.));
#1692 = DIRECTION('',(1.,0.,0.));
#1693 = CYLINDRICAL_SURFACE('',#1694,0.5);
#1694 = AXIS2_PLACEMENT_3D('',#1695,#1696,#1697);
#1695 = CARTESIAN_POINT('',(-26.66706981698,12.277166,0.));
#1696 = DIRECTION('',(-0.,-0.,-1.));
#1697 = DIRECTION('',(1.,0.,0.));
#1698 = ADVANCED_FACE('',(#1699),#1717,.T.);
#1699 = FACE_BOUND('',#1700,.T.);
#1700 = EDGE_LOOP('',(#1701,#1702,#1703,#1711));
#1701 = ORIENTED_EDGE('',*,*,#1652,.T.);
#1702 = ORIENTED_EDGE('',*,*,#567,.T.);
#1703 = ORIENTED_EDGE('',*,*,#1704,.F.);
#1704 = EDGE_CURVE('',#1705,#559,#1707,.T.);
#1705 = VERTEX_POINT('',#1706);
#1706 = CARTESIAN_POINT('',(-33.6670698366,2.777166,0.));
#1707 = LINE('',#1708,#1709);
#1708 = CARTESIAN_POINT('',(-33.6670698366,2.777166,0.));
#1709 = VECTOR('',#1710,1.);
#1710 = DIRECTION('',(0.,0.,1.));
#1711 = ORIENTED_EDGE('',*,*,#1712,.F.);
#1712 = EDGE_CURVE('',#1653,#1705,#1713,.T.);
#1713 = LINE('',#1714,#1715);
#1714 = CARTESIAN_POINT('',(-26.66707001395,2.777166,0.));
#1715 = VECTOR('',#1716,1.);
#1716 = DIRECTION('',(-1.,0.,0.));
#1717 = PLANE('',#1718);
#1718 = AXIS2_PLACEMENT_3D('',#1719,#1720,#1721);
#1719 = CARTESIAN_POINT('',(-26.66707001395,2.777166,0.));
#1720 = DIRECTION('',(0.,-1.,0.));
#1721 = DIRECTION('',(-1.,0.,0.));
#1722 = ADVANCED_FACE('',(#1723),#1741,.F.);
#1723 = FACE_BOUND('',#1724,.F.);
#1724 = EDGE_LOOP('',(#1725,#1726,#1727,#1735));
#1725 = ORIENTED_EDGE('',*,*,#1677,.T.);
#1726 = ORIENTED_EDGE('',*,*,#189,.T.);
#1727 = ORIENTED_EDGE('',*,*,#1728,.F.);
#1728 = EDGE_CURVE('',#1729,#190,#1731,.T.);
#1729 = VERTEX_POINT('',#1730);
#1730 = CARTESIAN_POINT('',(-33.66706980718,11.777166,0.));
#1731 = LINE('',#1732,#1733);
#1732 = CARTESIAN_POINT('',(-33.66706980718,11.777166,0.));
#1733 = VECTOR('',#1734,1.);
#1734 = DIRECTION('',(0.,0.,1.));
#1735 = ORIENTED_EDGE('',*,*,#1736,.F.);
#1736 = EDGE_CURVE('',#1678,#1729,#1737,.T.);
#1737 = LINE('',#1738,#1739);
#1738 = CARTESIAN_POINT('',(-26.66706980718,11.777166,0.));
#1739 = VECTOR('',#1740,1.);
#1740 = DIRECTION('',(-1.,0.,0.));
#1741 = PLANE('',#1742);
#1742 = AXIS2_PLACEMENT_3D('',#1743,#1744,#1745);
#1743 = CARTESIAN_POINT('',(-26.66706980718,11.777166,0.));
#1744 = DIRECTION('',(0.,-1.,0.));
#1745 = DIRECTION('',(-1.,0.,0.));
#1746 = ADVANCED_FACE('',(#1747),#1766,.F.);
#1747 = FACE_BOUND('',#1748,.T.);
#1748 = EDGE_LOOP('',(#1749,#1750,#1751,#1759));
#1749 = ORIENTED_EDGE('',*,*,#1704,.T.);
#1750 = ORIENTED_EDGE('',*,*,#558,.T.);
#1751 = ORIENTED_EDGE('',*,*,#1752,.F.);
#1752 = EDGE_CURVE('',#1753,#551,#1755,.T.);
#1753 = VERTEX_POINT('',#1754);
#1754 = CARTESIAN_POINT('',(-33.66706999019,1.777166,0.));
#1755 = LINE('',#1756,#1757);
#1756 = CARTESIAN_POINT('',(-33.66706999019,1.777166,0.));
#1757 = VECTOR('',#1758,1.);
#1758 = DIRECTION('',(0.,0.,1.));
#1759 = ORIENTED_EDGE('',*,*,#1760,.F.);
#1760 = EDGE_CURVE('',#1705,#1753,#1761,.T.);
#1761 = CIRCLE('',#1762,0.5);
#1762 = AXIS2_PLACEMENT_3D('',#1763,#1764,#1765);
#1763 = CARTESIAN_POINT('',(-33.66707,2.277166,0.));
#1764 = DIRECTION('',(0.,0.,1.));
#1765 = DIRECTION('',(1.,0.,0.));
#1766 = CYLINDRICAL_SURFACE('',#1767,0.5);
#1767 = AXIS2_PLACEMENT_3D('',#1768,#1769,#1770);
#1768 = CARTESIAN_POINT('',(-33.66707,2.277166,0.));
#1769 = DIRECTION('',(-0.,-0.,-1.));
#1770 = DIRECTION('',(1.,0.,0.));
#1771 = ADVANCED_FACE('',(#1772),#1791,.T.);
#1772 = FACE_BOUND('',#1773,.F.);
#1773 = EDGE_LOOP('',(#1774,#1775,#1776,#1784));
#1774 = ORIENTED_EDGE('',*,*,#1728,.T.);
#1775 = ORIENTED_EDGE('',*,*,#197,.T.);
#1776 = ORIENTED_EDGE('',*,*,#1777,.F.);
#1777 = EDGE_CURVE('',#1778,#198,#1780,.T.);
#1778 = VERTEX_POINT('',#1779);
#1779 = CARTESIAN_POINT('',(-33.66707,8.777166,0.));
#1780 = LINE('',#1781,#1782);
#1781 = CARTESIAN_POINT('',(-33.66707,8.777166,0.));
#1782 = VECTOR('',#1783,1.);
#1783 = DIRECTION('',(0.,0.,1.));
#1784 = ORIENTED_EDGE('',*,*,#1785,.F.);
#1785 = EDGE_CURVE('',#1729,#1778,#1786,.T.);
#1786 = CIRCLE('',#1787,1.5);
#1787 = AXIS2_PLACEMENT_3D('',#1788,#1789,#1790);
#1788 = CARTESIAN_POINT('',(-33.66707016339,10.277166,0.));
#1789 = DIRECTION('',(0.,0.,1.));
#1790 = DIRECTION('',(1.,0.,0.));
#1791 = CYLINDRICAL_SURFACE('',#1792,1.5);
#1792 = AXIS2_PLACEMENT_3D('',#1793,#1794,#1795);
#1793 = CARTESIAN_POINT('',(-33.66707016339,10.277166,0.));
#1794 = DIRECTION('',(-0.,-0.,-1.));
#1795 = DIRECTION('',(1.,0.,0.));
#1796 = ADVANCED_FACE('',(#1797),#1815,.T.);
#1797 = FACE_BOUND('',#1798,.T.);
#1798 = EDGE_LOOP('',(#1799,#1800,#1801,#1809));
#1799 = ORIENTED_EDGE('',*,*,#1752,.T.);
#1800 = ORIENTED_EDGE('',*,*,#550,.T.);
#1801 = ORIENTED_EDGE('',*,*,#1802,.F.);
#1802 = EDGE_CURVE('',#1803,#542,#1805,.T.);
#1803 = VERTEX_POINT('',#1804);
#1804 = CARTESIAN_POINT('',(-26.66707054903,1.777166,0.));
#1805 = LINE('',#1806,#1807);
#1806 = CARTESIAN_POINT('',(-26.66707054903,1.777166,0.));
#1807 = VECTOR('',#1808,1.);
#1808 = DIRECTION('',(0.,0.,1.));
#1809 = ORIENTED_EDGE('',*,*,#1810,.F.);
#1810 = EDGE_CURVE('',#1753,#1803,#1811,.T.);
#1811 = LINE('',#1812,#1813);
#1812 = CARTESIAN_POINT('',(-33.66706999019,1.777166,0.));
#1813 = VECTOR('',#1814,1.);
#1814 = DIRECTION('',(1.,0.,0.));
#1815 = PLANE('',#1816);
#1816 = AXIS2_PLACEMENT_3D('',#1817,#1818,#1819);
#1817 = CARTESIAN_POINT('',(-33.66706999019,1.777166,0.));
#1818 = DIRECTION('',(0.,1.,0.));
#1819 = DIRECTION('',(1.,0.,0.));
#1820 = ADVANCED_FACE('',(#1821),#1839,.F.);
#1821 = FACE_BOUND('',#1822,.F.);
#1822 = EDGE_LOOP('',(#1823,#1824,#1825,#1833));
#1823 = ORIENTED_EDGE('',*,*,#1777,.T.);
#1824 = ORIENTED_EDGE('',*,*,#206,.T.);
#1825 = ORIENTED_EDGE('',*,*,#1826,.F.);
#1826 = EDGE_CURVE('',#1827,#207,#1829,.T.);
#1827 = VERTEX_POINT('',#1828);
#1828 = CARTESIAN_POINT('',(-26.66707012092,8.777166,0.));
#1829 = LINE('',#1830,#1831);
#1830 = CARTESIAN_POINT('',(-26.66707012092,8.777166,0.));
#1831 = VECTOR('',#1832,1.);
#1832 = DIRECTION('',(0.,0.,1.));
#1833 = ORIENTED_EDGE('',*,*,#1834,.F.);
#1834 = EDGE_CURVE('',#1778,#1827,#1835,.T.);
#1835 = LINE('',#1836,#1837);
#1836 = CARTESIAN_POINT('',(-33.66707,8.777166,0.));
#1837 = VECTOR('',#1838,1.);
#1838 = DIRECTION('',(1.,0.,0.));
#1839 = PLANE('',#1840);
#1840 = AXIS2_PLACEMENT_3D('',#1841,#1842,#1843);
#1841 = CARTESIAN_POINT('',(-33.66707,8.777166,0.));
#1842 = DIRECTION('',(0.,1.,0.));
#1843 = DIRECTION('',(1.,0.,0.));
#1844 = ADVANCED_FACE('',(#1845),#1864,.T.);
#1845 = FACE_BOUND('',#1846,.F.);
#1846 = EDGE_LOOP('',(#1847,#1855,#1856,#1857));
#1847 = ORIENTED_EDGE('',*,*,#1848,.T.);
#1848 = EDGE_CURVE('',#1849,#534,#1851,.T.);
#1849 = VERTEX_POINT('',#1850);
#1850 = CARTESIAN_POINT('',(-26.66706997057,-1.222834,0.));
#1851 = LINE('',#1852,#1853);
#1852 = CARTESIAN_POINT('',(-26.66706997057,-1.222834,0.));
#1853 = VECTOR('',#1854,1.);
#1854 = DIRECTION('',(0.,0.,1.));
#1855 = ORIENTED_EDGE('',*,*,#541,.T.);
#1856 = ORIENTED_EDGE('',*,*,#1802,.F.);
#1857 = ORIENTED_EDGE('',*,*,#1858,.F.);
#1858 = EDGE_CURVE('',#1849,#1803,#1859,.T.);
#1859 = CIRCLE('',#1860,1.5);
#1860 = AXIS2_PLACEMENT_3D('',#1861,#1862,#1863);
#1861 = CARTESIAN_POINT('',(-26.66707,0.277166,0.));
#1862 = DIRECTION('',(0.,0.,1.));
#1863 = DIRECTION('',(1.,0.,0.));
#1864 = CYLINDRICAL_SURFACE('',#1865,1.5);
#1865 = AXIS2_PLACEMENT_3D('',#1866,#1867,#1868);
#1866 = CARTESIAN_POINT('',(-26.66707,0.277166,0.));
#1867 = DIRECTION('',(-0.,-0.,-1.));
#1868 = DIRECTION('',(1.,0.,0.));
#1869 = ADVANCED_FACE('',(#1870),#1889,.F.);
#1870 = FACE_BOUND('',#1871,.T.);
#1871 = EDGE_LOOP('',(#1872,#1880,#1881,#1882));
#1872 = ORIENTED_EDGE('',*,*,#1873,.T.);
#1873 = EDGE_CURVE('',#1874,#215,#1876,.T.);
#1874 = VERTEX_POINT('',#1875);
#1875 = CARTESIAN_POINT('',(-26.6670699281,7.777166,0.));
#1876 = LINE('',#1877,#1878);
#1877 = CARTESIAN_POINT('',(-26.6670699281,7.777166,0.));
#1878 = VECTOR('',#1879,1.);
#1879 = DIRECTION('',(0.,0.,1.));
#1880 = ORIENTED_EDGE('',*,*,#214,.T.);
#1881 = ORIENTED_EDGE('',*,*,#1826,.F.);
#1882 = ORIENTED_EDGE('',*,*,#1883,.F.);
#1883 = EDGE_CURVE('',#1874,#1827,#1884,.T.);
#1884 = CIRCLE('',#1885,0.5);
#1885 = AXIS2_PLACEMENT_3D('',#1886,#1887,#1888);
#1886 = CARTESIAN_POINT('',(-26.66706993791,8.277166,0.));
#1887 = DIRECTION('',(0.,0.,1.));
#1888 = DIRECTION('',(1.,0.,0.));
#1889 = CYLINDRICAL_SURFACE('',#1890,0.5);
#1890 = AXIS2_PLACEMENT_3D('',#1891,#1892,#1893);
#1891 = CARTESIAN_POINT('',(-26.66706993791,8.277166,0.));
#1892 = DIRECTION('',(-0.,-0.,-1.));
#1893 = DIRECTION('',(1.,0.,0.));
#1894 = ADVANCED_FACE('',(#1895),#1913,.T.);
#1895 = FACE_BOUND('',#1896,.T.);
#1896 = EDGE_LOOP('',(#1897,#1898,#1899,#1907));
#1897 = ORIENTED_EDGE('',*,*,#1848,.T.);
#1898 = ORIENTED_EDGE('',*,*,#533,.T.);
#1899 = ORIENTED_EDGE('',*,*,#1900,.F.);
#1900 = EDGE_CURVE('',#1901,#525,#1903,.T.);
#1901 = VERTEX_POINT('',#1902);
#1902 = CARTESIAN_POINT('',(-33.6670698366,-1.222834,0.));
#1903 = LINE('',#1904,#1905);
#1904 = CARTESIAN_POINT('',(-33.6670698366,-1.222834,0.));
#1905 = VECTOR('',#1906,1.);
#1906 = DIRECTION('',(0.,0.,1.));
#1907 = ORIENTED_EDGE('',*,*,#1908,.F.);
#1908 = EDGE_CURVE('',#1849,#1901,#1909,.T.);
#1909 = LINE('',#1910,#1911);
#1910 = CARTESIAN_POINT('',(-26.66706997057,-1.222834,0.));
#1911 = VECTOR('',#1912,1.);
#1912 = DIRECTION('',(-1.,0.,0.));
#1913 = PLANE('',#1914);
#1914 = AXIS2_PLACEMENT_3D('',#1915,#1916,#1917);
#1915 = CARTESIAN_POINT('',(-26.66706997057,-1.222834,0.));
#1916 = DIRECTION('',(0.,-1.,0.));
#1917 = DIRECTION('',(-1.,0.,0.));
#1918 = ADVANCED_FACE('',(#1919),#1937,.F.);
#1919 = FACE_BOUND('',#1920,.F.);
#1920 = EDGE_LOOP('',(#1921,#1922,#1923,#1931));
#1921 = ORIENTED_EDGE('',*,*,#1873,.T.);
#1922 = ORIENTED_EDGE('',*,*,#223,.T.);
#1923 = ORIENTED_EDGE('',*,*,#1924,.F.);
#1924 = EDGE_CURVE('',#1925,#224,#1927,.T.);
#1925 = VERTEX_POINT('',#1926);
#1926 = CARTESIAN_POINT('',(-33.6670699281,7.777166,0.));
#1927 = LINE('',#1928,#1929);
#1928 = CARTESIAN_POINT('',(-33.6670699281,7.777166,0.));
#1929 = VECTOR('',#1930,1.);
#1930 = DIRECTION('',(0.,0.,1.));
#1931 = ORIENTED_EDGE('',*,*,#1932,.F.);
#1932 = EDGE_CURVE('',#1874,#1925,#1933,.T.);
#1933 = LINE('',#1934,#1935);
#1934 = CARTESIAN_POINT('',(-26.6670699281,7.777166,0.));
#1935 = VECTOR('',#1936,1.);
#1936 = DIRECTION('',(-1.,0.,0.));
#1937 = PLANE('',#1938);
#1938 = AXIS2_PLACEMENT_3D('',#1939,#1940,#1941);
#1939 = CARTESIAN_POINT('',(-26.6670699281,7.777166,0.));
#1940 = DIRECTION('',(0.,-1.,0.));
#1941 = DIRECTION('',(-1.,0.,0.));
#1942 = ADVANCED_FACE('',(#1943),#1962,.F.);
#1943 = FACE_BOUND('',#1944,.T.);
#1944 = EDGE_LOOP('',(#1945,#1946,#1947,#1955));
#1945 = ORIENTED_EDGE('',*,*,#1900,.T.);
#1946 = ORIENTED_EDGE('',*,*,#524,.T.);
#1947 = ORIENTED_EDGE('',*,*,#1948,.F.);
#1948 = EDGE_CURVE('',#1949,#517,#1951,.T.);
#1949 = VERTEX_POINT('',#1950);
#1950 = CARTESIAN_POINT('',(-33.66706999019,-2.222834,0.));
#1951 = LINE('',#1952,#1953);
#1952 = CARTESIAN_POINT('',(-33.66706999019,-2.222834,0.));
#1953 = VECTOR('',#1954,1.);
#1954 = DIRECTION('',(0.,0.,1.));
#1955 = ORIENTED_EDGE('',*,*,#1956,.F.);
#1956 = EDGE_CURVE('',#1901,#1949,#1957,.T.);
#1957 = CIRCLE('',#1958,0.5);
#1958 = AXIS2_PLACEMENT_3D('',#1959,#1960,#1961);
#1959 = CARTESIAN_POINT('',(-33.66707,-1.722834,0.));
#1960 = DIRECTION('',(0.,0.,1.));
#1961 = DIRECTION('',(1.,0.,0.));
#1962 = CYLINDRICAL_SURFACE('',#1963,0.5);
#1963 = AXIS2_PLACEMENT_3D('',#1964,#1965,#1966);
#1964 = CARTESIAN_POINT('',(-33.66707,-1.722834,0.));
#1965 = DIRECTION('',(-0.,-0.,-1.));
#1966 = DIRECTION('',(1.,0.,0.));
#1967 = ADVANCED_FACE('',(#1968),#1987,.T.);
#1968 = FACE_BOUND('',#1969,.F.);
#1969 = EDGE_LOOP('',(#1970,#1971,#1972,#1980));
#1970 = ORIENTED_EDGE('',*,*,#1924,.T.);
#1971 = ORIENTED_EDGE('',*,*,#231,.T.);
#1972 = ORIENTED_EDGE('',*,*,#1973,.F.);
#1973 = EDGE_CURVE('',#1974,#232,#1976,.T.);
#1974 = VERTEX_POINT('',#1975);
#1975 = CARTESIAN_POINT('',(-33.66707,4.777166,0.));
#1976 = LINE('',#1977,#1978);
#1977 = CARTESIAN_POINT('',(-33.66707,4.777166,0.));
#1978 = VECTOR('',#1979,1.);
#1979 = DIRECTION('',(0.,0.,1.));
#1980 = ORIENTED_EDGE('',*,*,#1981,.F.);
#1981 = EDGE_CURVE('',#1925,#1974,#1982,.T.);
#1982 = CIRCLE('',#1983,1.5);
#1983 = AXIS2_PLACEMENT_3D('',#1984,#1985,#1986);
#1984 = CARTESIAN_POINT('',(-33.6670700098,6.277166,0.));
#1985 = DIRECTION('',(0.,0.,1.));
#1986 = DIRECTION('',(1.,0.,0.));
#1987 = CYLINDRICAL_SURFACE('',#1988,1.5);
#1988 = AXIS2_PLACEMENT_3D('',#1989,#1990,#1991);
#1989 = CARTESIAN_POINT('',(-33.6670700098,6.277166,0.));
#1990 = DIRECTION('',(-0.,-0.,-1.));
#1991 = DIRECTION('',(1.,0.,0.));
#1992 = ADVANCED_FACE('',(#1993),#2011,.T.);
#1993 = FACE_BOUND('',#1994,.T.);
#1994 = EDGE_LOOP('',(#1995,#1996,#1997,#2005));
#1995 = ORIENTED_EDGE('',*,*,#1948,.T.);
#1996 = ORIENTED_EDGE('',*,*,#516,.T.);
#1997 = ORIENTED_EDGE('',*,*,#1998,.F.);
#1998 = EDGE_CURVE('',#1999,#508,#2001,.T.);
#1999 = VERTEX_POINT('',#2000);
#2000 = CARTESIAN_POINT('',(-26.66707054903,-2.222834,0.));
#2001 = LINE('',#2002,#2003);
#2002 = CARTESIAN_POINT('',(-26.66707054903,-2.222834,0.));
#2003 = VECTOR('',#2004,1.);
#2004 = DIRECTION('',(0.,0.,1.));
#2005 = ORIENTED_EDGE('',*,*,#2006,.F.);
#2006 = EDGE_CURVE('',#1949,#1999,#2007,.T.);
#2007 = LINE('',#2008,#2009);
#2008 = CARTESIAN_POINT('',(-33.66706999019,-2.222834,0.));
#2009 = VECTOR('',#2010,1.);
#2010 = DIRECTION('',(1.,0.,0.));
#2011 = PLANE('',#2012);
#2012 = AXIS2_PLACEMENT_3D('',#2013,#2014,#2015);
#2013 = CARTESIAN_POINT('',(-33.66706999019,-2.222834,0.));
#2014 = DIRECTION('',(0.,1.,0.));
#2015 = DIRECTION('',(1.,0.,0.));
#2016 = ADVANCED_FACE('',(#2017),#2035,.F.);
#2017 = FACE_BOUND('',#2018,.F.);
#2018 = EDGE_LOOP('',(#2019,#2020,#2021,#2029));
#2019 = ORIENTED_EDGE('',*,*,#1973,.T.);
#2020 = ORIENTED_EDGE('',*,*,#240,.T.);
#2021 = ORIENTED_EDGE('',*,*,#2022,.F.);
#2022 = EDGE_CURVE('',#2023,#241,#2025,.T.);
#2023 = VERTEX_POINT('',#2024);
#2024 = CARTESIAN_POINT('',(-26.6670695098,4.777166,0.));
#2025 = LINE('',#2026,#2027);
#2026 = CARTESIAN_POINT('',(-26.6670695098,4.777166,0.));
#2027 = VECTOR('',#2028,1.);
#2028 = DIRECTION('',(0.,0.,1.));
#2029 = ORIENTED_EDGE('',*,*,#2030,.F.);
#2030 = EDGE_CURVE('',#1974,#2023,#2031,.T.);
#2031 = LINE('',#2032,#2033);
#2032 = CARTESIAN_POINT('',(-33.66707,4.777166,0.));
#2033 = VECTOR('',#2034,1.);
#2034 = DIRECTION('',(1.,0.,0.));
#2035 = PLANE('',#2036);
#2036 = AXIS2_PLACEMENT_3D('',#2037,#2038,#2039);
#2037 = CARTESIAN_POINT('',(-33.66707,4.777166,0.));
#2038 = DIRECTION('',(0.,1.,0.));
#2039 = DIRECTION('',(1.,0.,0.));
#2040 = ADVANCED_FACE('',(#2041),#2060,.T.);
#2041 = FACE_BOUND('',#2042,.F.);
#2042 = EDGE_LOOP('',(#2043,#2051,#2052,#2053));
#2043 = ORIENTED_EDGE('',*,*,#2044,.T.);
#2044 = EDGE_CURVE('',#2045,#500,#2047,.T.);
#2045 = VERTEX_POINT('',#2046);
#2046 = CARTESIAN_POINT('',(-26.66707,-5.222834,0.));
#2047 = LINE('',#2048,#2049);
#2048 = CARTESIAN_POINT('',(-26.66707,-5.222834,0.));
#2049 = VECTOR('',#2050,1.);
#2050 = DIRECTION('',(0.,0.,1.));
#2051 = ORIENTED_EDGE('',*,*,#507,.T.);
#2052 = ORIENTED_EDGE('',*,*,#1998,.F.);
#2053 = ORIENTED_EDGE('',*,*,#2054,.F.);
#2054 = EDGE_CURVE('',#2045,#1999,#2055,.T.);
#2055 = CIRCLE('',#2056,1.5);
#2056 = AXIS2_PLACEMENT_3D('',#2057,#2058,#2059);
#2057 = CARTESIAN_POINT('',(-26.66707,-3.722834,0.));
#2058 = DIRECTION('',(0.,0.,1.));
#2059 = DIRECTION('',(1.,0.,0.));
#2060 = CYLINDRICAL_SURFACE('',#2061,1.5);
#2061 = AXIS2_PLACEMENT_3D('',#2062,#2063,#2064);
#2062 = CARTESIAN_POINT('',(-26.66707,-3.722834,0.));
#2063 = DIRECTION('',(-0.,-0.,-1.));
#2064 = DIRECTION('',(1.,0.,0.));
#2065 = ADVANCED_FACE('',(#2066),#2085,.F.);
#2066 = FACE_BOUND('',#2067,.T.);
#2067 = EDGE_LOOP('',(#2068,#2076,#2077,#2078));
#2068 = ORIENTED_EDGE('',*,*,#2069,.T.);
#2069 = EDGE_CURVE('',#2070,#249,#2072,.T.);
#2070 = VERTEX_POINT('',#2071);
#2071 = CARTESIAN_POINT('',(-26.6670695098,3.777166,0.));
#2072 = LINE('',#2073,#2074);
#2073 = CARTESIAN_POINT('',(-26.6670695098,3.777166,0.));
#2074 = VECTOR('',#2075,1.);
#2075 = DIRECTION('',(0.,0.,1.));
#2076 = ORIENTED_EDGE('',*,*,#248,.T.);
#2077 = ORIENTED_EDGE('',*,*,#2022,.F.);
#2078 = ORIENTED_EDGE('',*,*,#2079,.F.);
#2079 = EDGE_CURVE('',#2070,#2023,#2080,.T.);
#2080 = CIRCLE('',#2081,0.5);
#2081 = AXIS2_PLACEMENT_3D('',#2082,#2083,#2084);
#2082 = CARTESIAN_POINT('',(-26.6670695098,4.277166,0.));
#2083 = DIRECTION('',(0.,0.,1.));
#2084 = DIRECTION('',(1.,0.,0.));
#2085 = CYLINDRICAL_SURFACE('',#2086,0.5);
#2086 = AXIS2_PLACEMENT_3D('',#2087,#2088,#2089);
#2087 = CARTESIAN_POINT('',(-26.6670695098,4.277166,0.));
#2088 = DIRECTION('',(-0.,-0.,-1.));
#2089 = DIRECTION('',(1.,0.,0.));
#2090 = ADVANCED_FACE('',(#2091),#2109,.F.);
#2091 = FACE_BOUND('',#2092,.F.);
#2092 = EDGE_LOOP('',(#2093,#2101,#2102,#2103));
#2093 = ORIENTED_EDGE('',*,*,#2094,.T.);
#2094 = EDGE_CURVE('',#2095,#491,#2097,.T.);
#2095 = VERTEX_POINT('',#2096);
#2096 = CARTESIAN_POINT('',(-33.66707,-5.222834,0.));
#2097 = LINE('',#2098,#2099);
#2098 = CARTESIAN_POINT('',(-33.66707,-5.222834,0.));
#2099 = VECTOR('',#2100,1.);
#2100 = DIRECTION('',(0.,0.,1.));
#2101 = ORIENTED_EDGE('',*,*,#499,.T.);
#2102 = ORIENTED_EDGE('',*,*,#2044,.F.);
#2103 = ORIENTED_EDGE('',*,*,#2104,.F.);
#2104 = EDGE_CURVE('',#2095,#2045,#2105,.T.);
#2105 = LINE('',#2106,#2107);
#2106 = CARTESIAN_POINT('',(-33.66707,-5.222834,0.));
#2107 = VECTOR('',#2108,1.);
#2108 = DIRECTION('',(1.,0.,0.));
#2109 = PLANE('',#2110);
#2110 = AXIS2_PLACEMENT_3D('',#2111,#2112,#2113);
#2111 = CARTESIAN_POINT('',(-33.66707,-5.222834,0.));
#2112 = DIRECTION('',(0.,1.,0.));
#2113 = DIRECTION('',(1.,0.,0.));
#2114 = ADVANCED_FACE('',(#2115),#2133,.F.);
#2115 = FACE_BOUND('',#2116,.F.);
#2116 = EDGE_LOOP('',(#2117,#2118,#2119,#2127));
#2117 = ORIENTED_EDGE('',*,*,#2069,.T.);
#2118 = ORIENTED_EDGE('',*,*,#257,.T.);
#2119 = ORIENTED_EDGE('',*,*,#2120,.F.);
#2120 = EDGE_CURVE('',#2121,#258,#2123,.T.);
#2121 = VERTEX_POINT('',#2122);
#2122 = CARTESIAN_POINT('',(-33.6670695098,3.777166,0.));
#2123 = LINE('',#2124,#2125);
#2124 = CARTESIAN_POINT('',(-33.6670695098,3.777166,0.));
#2125 = VECTOR('',#2126,1.);
#2126 = DIRECTION('',(0.,0.,1.));
#2127 = ORIENTED_EDGE('',*,*,#2128,.F.);
#2128 = EDGE_CURVE('',#2070,#2121,#2129,.T.);
#2129 = LINE('',#2130,#2131);
#2130 = CARTESIAN_POINT('',(-26.6670695098,3.777166,0.));
#2131 = VECTOR('',#2132,1.);
#2132 = DIRECTION('',(-1.,0.,0.));
#2133 = PLANE('',#2134);
#2134 = AXIS2_PLACEMENT_3D('',#2135,#2136,#2137);
#2135 = CARTESIAN_POINT('',(-26.6670695098,3.777166,0.));
#2136 = DIRECTION('',(0.,-1.,0.));
#2137 = DIRECTION('',(-1.,0.,0.));
#2138 = ADVANCED_FACE('',(#2139),#2158,.F.);
#2139 = FACE_BOUND('',#2140,.T.);
#2140 = EDGE_LOOP('',(#2141,#2142,#2143,#2151));
#2141 = ORIENTED_EDGE('',*,*,#2094,.T.);
#2142 = ORIENTED_EDGE('',*,*,#490,.T.);
#2143 = ORIENTED_EDGE('',*,*,#2144,.F.);
#2144 = EDGE_CURVE('',#2145,#483,#2147,.T.);
#2145 = VERTEX_POINT('',#2146);
#2146 = CARTESIAN_POINT('',(-33.66706982679,-6.222834,0.));
#2147 = LINE('',#2148,#2149);
#2148 = CARTESIAN_POINT('',(-33.66706982679,-6.222834,0.));
#2149 = VECTOR('',#2150,1.);
#2150 = DIRECTION('',(0.,0.,1.));
#2151 = ORIENTED_EDGE('',*,*,#2152,.F.);
#2152 = EDGE_CURVE('',#2095,#2145,#2153,.T.);
#2153 = CIRCLE('',#2154,0.5);
#2154 = AXIS2_PLACEMENT_3D('',#2155,#2156,#2157);
#2155 = CARTESIAN_POINT('',(-33.66707,-5.722834,0.));
#2156 = DIRECTION('',(0.,0.,1.));
#2157 = DIRECTION('',(1.,0.,0.));
#2158 = CYLINDRICAL_SURFACE('',#2159,0.5);
#2159 = AXIS2_PLACEMENT_3D('',#2160,#2161,#2162);
#2160 = CARTESIAN_POINT('',(-33.66707,-5.722834,0.));
#2161 = DIRECTION('',(-0.,-0.,-1.));
#2162 = DIRECTION('',(1.,0.,0.));
#2163 = ADVANCED_FACE('',(#2164),#2183,.T.);
#2164 = FACE_BOUND('',#2165,.F.);
#2165 = EDGE_LOOP('',(#2166,#2167,#2168,#2176));
#2166 = ORIENTED_EDGE('',*,*,#2120,.T.);
#2167 = ORIENTED_EDGE('',*,*,#265,.T.);
#2168 = ORIENTED_EDGE('',*,*,#2169,.F.);
#2169 = EDGE_CURVE('',#2170,#266,#2172,.T.);
#2170 = VERTEX_POINT('',#2171);
#2171 = CARTESIAN_POINT('',(-33.66707001395,0.777166,0.));
#2172 = LINE('',#2173,#2174);
#2173 = CARTESIAN_POINT('',(-33.66707001395,0.777166,0.));
#2174 = VECTOR('',#2175,1.);
#2175 = DIRECTION('',(0.,0.,1.));
#2176 = ORIENTED_EDGE('',*,*,#2177,.F.);
#2177 = EDGE_CURVE('',#2121,#2170,#2178,.T.);
#2178 = CIRCLE('',#2179,1.5);
#2179 = AXIS2_PLACEMENT_3D('',#2180,#2181,#2182);
#2180 = CARTESIAN_POINT('',(-33.66707,2.277166,0.));
#2181 = DIRECTION('',(0.,0.,1.));
#2182 = DIRECTION('',(1.,0.,0.));
#2183 = CYLINDRICAL_SURFACE('',#2184,1.5);
#2184 = AXIS2_PLACEMENT_3D('',#2185,#2186,#2187);
#2185 = CARTESIAN_POINT('',(-33.66707,2.277166,0.));
#2186 = DIRECTION('',(-0.,-0.,-1.));
#2187 = DIRECTION('',(1.,0.,0.));
#2188 = ADVANCED_FACE('',(#2189),#2207,.T.);
#2189 = FACE_BOUND('',#2190,.T.);
#2190 = EDGE_LOOP('',(#2191,#2199,#2200,#2201));
#2191 = ORIENTED_EDGE('',*,*,#2192,.F.);
#2192 = EDGE_CURVE('',#2145,#2193,#2195,.T.);
#2193 = VERTEX_POINT('',#2194);
#2194 = CARTESIAN_POINT('',(-29.1670696732,-6.222834,0.));
#2195 = LINE('',#2196,#2197);
#2196 = CARTESIAN_POINT('',(-33.66706982679,-6.222834,0.));
#2197 = VECTOR('',#2198,1.);
#2198 = DIRECTION('',(1.,0.,0.));
#2199 = ORIENTED_EDGE('',*,*,#2144,.T.);
#2200 = ORIENTED_EDGE('',*,*,#482,.T.);
#2201 = ORIENTED_EDGE('',*,*,#2202,.F.);
#2202 = EDGE_CURVE('',#2193,#474,#2203,.T.);
#2203 = LINE('',#2204,#2205);
#2204 = CARTESIAN_POINT('',(-29.1670696732,-6.222834,-5.));
#2205 = VECTOR('',#2206,1.);
#2206 = DIRECTION('',(0.,0.,1.));
#2207 = PLANE('',#2208);
#2208 = AXIS2_PLACEMENT_3D('',#2209,#2210,#2211);
#2209 = CARTESIAN_POINT('',(-30.45788600398,-6.222834,4.959183683936));
#2210 = DIRECTION('',(1.732E-14,1.,-1.002E-14));
#2211 = DIRECTION('',(1.,-1.732E-14,0.));
#2212 = ADVANCED_FACE('',(#2213),#2231,.T.);
#2213 = FACE_BOUND('',#2214,.T.);
#2214 = EDGE_LOOP('',(#2215,#2223,#2224,#2225));
#2215 = ORIENTED_EDGE('',*,*,#2216,.T.);
#2216 = EDGE_CURVE('',#2217,#275,#2219,.T.);
#2217 = VERTEX_POINT('',#2218);
#2218 = CARTESIAN_POINT('',(-26.66707018301,0.777166,0.));
#2219 = LINE('',#2220,#2221);
#2220 = CARTESIAN_POINT('',(-26.66707018301,0.777166,0.));
#2221 = VECTOR('',#2222,1.);
#2222 = DIRECTION('',(0.,0.,1.));
#2223 = ORIENTED_EDGE('',*,*,#274,.T.);
#2224 = ORIENTED_EDGE('',*,*,#2169,.F.);
#2225 = ORIENTED_EDGE('',*,*,#2226,.F.);
#2226 = EDGE_CURVE('',#2217,#2170,#2227,.T.);
#2227 = LINE('',#2228,#2229);
#2228 = CARTESIAN_POINT('',(-26.66707018301,0.777166,0.));
#2229 = VECTOR('',#2230,1.);
#2230 = DIRECTION('',(-1.,0.,0.));
#2231 = PLANE('',#2232);
#2232 = AXIS2_PLACEMENT_3D('',#2233,#2234,#2235);
#2233 = CARTESIAN_POINT('',(-26.66707018301,0.777166,0.));
#2234 = DIRECTION('',(0.,-1.,0.));
#2235 = DIRECTION('',(-1.,0.,0.));
#2236 = ADVANCED_FACE('',(#2237),#2256,.T.);
#2237 = FACE_BOUND('',#2238,.F.);
#2238 = EDGE_LOOP('',(#2239,#2248,#2254,#2255));
#2239 = ORIENTED_EDGE('',*,*,#2240,.F.);
#2240 = EDGE_CURVE('',#2241,#2193,#2243,.T.);
#2241 = VERTEX_POINT('',#2242);
#2242 = CARTESIAN_POINT('',(-28.16707,-7.222834,0.));
#2243 = CIRCLE('',#2244,1.);
#2244 = AXIS2_PLACEMENT_3D('',#2245,#2246,#2247);
#2245 = CARTESIAN_POINT('',(-29.16707,-7.222834,0.));
#2246 = DIRECTION('',(0.,0.,1.));
#2247 = DIRECTION('',(1.,0.,0.));
#2248 = ORIENTED_EDGE('',*,*,#2249,.F.);
#2249 = EDGE_CURVE('',#466,#2241,#2250,.T.);
#2250 = LINE('',#2251,#2252);
#2251 = CARTESIAN_POINT('',(-28.16707,-7.222834,7.));
#2252 = VECTOR('',#2253,1.);
#2253 = DIRECTION('',(0.,0.,-1.));
#2254 = ORIENTED_EDGE('',*,*,#473,.F.);
#2255 = ORIENTED_EDGE('',*,*,#2202,.F.);
#2256 = CYLINDRICAL_SURFACE('',#2257,1.);
#2257 = AXIS2_PLACEMENT_3D('',#2258,#2259,#2260);
#2258 = CARTESIAN_POINT('',(-29.16707,-7.222834,-5.));
#2259 = DIRECTION('',(-0.,-0.,-1.));
#2260 = DIRECTION('',(1.,0.,0.));
#2261 = ADVANCED_FACE('',(#2262),#2281,.F.);
#2262 = FACE_BOUND('',#2263,.T.);
#2263 = EDGE_LOOP('',(#2264,#2272,#2273,#2274));
#2264 = ORIENTED_EDGE('',*,*,#2265,.T.);
#2265 = EDGE_CURVE('',#2266,#283,#2268,.T.);
#2266 = VERTEX_POINT('',#2267);
#2267 = CARTESIAN_POINT('',(-26.66706999019,-0.222834,0.));
#2268 = LINE('',#2269,#2270);
#2269 = CARTESIAN_POINT('',(-26.66706999019,-0.222834,0.));
#2270 = VECTOR('',#2271,1.);
#2271 = DIRECTION('',(0.,0.,1.));
#2272 = ORIENTED_EDGE('',*,*,#282,.T.);
#2273 = ORIENTED_EDGE('',*,*,#2216,.F.);
#2274 = ORIENTED_EDGE('',*,*,#2275,.F.);
#2275 = EDGE_CURVE('',#2266,#2217,#2276,.T.);
#2276 = CIRCLE('',#2277,0.5);
#2277 = AXIS2_PLACEMENT_3D('',#2278,#2279,#2280);
#2278 = CARTESIAN_POINT('',(-26.66707,0.277166,0.));
#2279 = DIRECTION('',(0.,0.,1.));
#2280 = DIRECTION('',(1.,0.,0.));
#2281 = CYLINDRICAL_SURFACE('',#2282,0.5);
#2282 = AXIS2_PLACEMENT_3D('',#2283,#2284,#2285);
#2283 = CARTESIAN_POINT('',(-26.66707,0.277166,0.));
#2284 = DIRECTION('',(-0.,-0.,-1.));
#2285 = DIRECTION('',(1.,0.,0.));
#2286 = ADVANCED_FACE('',(#2287),#2305,.T.);
#2287 = FACE_BOUND('',#2288,.T.);
#2288 = EDGE_LOOP('',(#2289,#2290,#2298,#2304));
#2289 = ORIENTED_EDGE('',*,*,#465,.F.);
#2290 = ORIENTED_EDGE('',*,*,#2291,.F.);
#2291 = EDGE_CURVE('',#2292,#458,#2294,.T.);
#2292 = VERTEX_POINT('',#2293);
#2293 = CARTESIAN_POINT('',(-28.16707,-8.222834,0.));
#2294 = LINE('',#2295,#2296);
#2295 = CARTESIAN_POINT('',(-28.16707,-8.222834,7.));
#2296 = VECTOR('',#2297,1.);
#2297 = DIRECTION('',(0.,0.,1.));
#2298 = ORIENTED_EDGE('',*,*,#2299,.T.);
#2299 = EDGE_CURVE('',#2292,#2241,#2300,.T.);
#2300 = LINE('',#2301,#2302);
#2301 = CARTESIAN_POINT('',(-28.16707,-9.972604,0.));
#2302 = VECTOR('',#2303,1.);
#2303 = DIRECTION('',(0.,1.,0.));
#2304 = ORIENTED_EDGE('',*,*,#2249,.F.);
#2305 = PLANE('',#2306);
#2306 = AXIS2_PLACEMENT_3D('',#2307,#2308,#2309);
#2307 = CARTESIAN_POINT('',(-28.16707,-9.972604,14.));
#2308 = DIRECTION('',(1.,0.,0.));
#2309 = DIRECTION('',(0.,1.,0.));
#2310 = ADVANCED_FACE('',(#2311),#2329,.T.);
#2311 = FACE_BOUND('',#2312,.T.);
#2312 = EDGE_LOOP('',(#2313,#2321,#2322,#2323));
#2313 = ORIENTED_EDGE('',*,*,#2314,.T.);
#2314 = EDGE_CURVE('',#2315,#292,#2317,.T.);
#2315 = VERTEX_POINT('',#2316);
#2316 = CARTESIAN_POINT('',(-33.6670695098,-0.222834,0.));
#2317 = LINE('',#2318,#2319);
#2318 = CARTESIAN_POINT('',(-33.6670695098,-0.222834,0.));
#2319 = VECTOR('',#2320,1.);
#2320 = DIRECTION('',(0.,0.,1.));
#2321 = ORIENTED_EDGE('',*,*,#291,.T.);
#2322 = ORIENTED_EDGE('',*,*,#2265,.F.);
#2323 = ORIENTED_EDGE('',*,*,#2324,.F.);
#2324 = EDGE_CURVE('',#2315,#2266,#2325,.T.);
#2325 = LINE('',#2326,#2327);
#2326 = CARTESIAN_POINT('',(-33.6670695098,-0.222834,0.));
#2327 = VECTOR('',#2328,1.);
#2328 = DIRECTION('',(1.,0.,0.));
#2329 = PLANE('',#2330);
#2330 = AXIS2_PLACEMENT_3D('',#2331,#2332,#2333);
#2331 = CARTESIAN_POINT('',(-33.6670695098,-0.222834,0.));
#2332 = DIRECTION('',(0.,1.,0.));
#2333 = DIRECTION('',(1.,0.,0.));
#2334 = ADVANCED_FACE('',(#2335),#2353,.F.);
#2335 = FACE_BOUND('',#2336,.F.);
#2336 = EDGE_LOOP('',(#2337,#2338,#2339,#2347));
#2337 = ORIENTED_EDGE('',*,*,#457,.F.);
#2338 = ORIENTED_EDGE('',*,*,#2291,.F.);
#2339 = ORIENTED_EDGE('',*,*,#2340,.F.);
#2340 = EDGE_CURVE('',#2341,#2292,#2343,.T.);
#2341 = VERTEX_POINT('',#2342);
#2342 = CARTESIAN_POINT('',(-28.16706954903,-8.972934,0.));
#2343 = LINE('',#2344,#2345);
#2344 = CARTESIAN_POINT('',(-28.16706954903,2.716602688923E-02,0.));
#2345 = VECTOR('',#2346,1.);
#2346 = DIRECTION('',(0.,1.,0.));
#2347 = ORIENTED_EDGE('',*,*,#2348,.F.);
#2348 = EDGE_CURVE('',#449,#2341,#2349,.T.);
#2349 = LINE('',#2350,#2351);
#2350 = CARTESIAN_POINT('',(-28.16706954903,-8.972934,14.));
#2351 = VECTOR('',#2352,1.);
#2352 = DIRECTION('',(-0.,-0.,-1.));
#2353 = PLANE('',#2354);
#2354 = AXIS2_PLACEMENT_3D('',#2355,#2356,#2357);
#2355 = CARTESIAN_POINT('',(-28.16706954903,-6.222834,14.));
#2356 = DIRECTION('',(-1.,0.,0.));
#2357 = DIRECTION('',(0.,-1.,0.));
#2358 = ADVANCED_FACE('',(#2359),#2378,.T.);
#2359 = FACE_BOUND('',#2360,.F.);
#2360 = EDGE_LOOP('',(#2361,#2362,#2363,#2371));
#2361 = ORIENTED_EDGE('',*,*,#2314,.T.);
#2362 = ORIENTED_EDGE('',*,*,#299,.T.);
#2363 = ORIENTED_EDGE('',*,*,#2364,.F.);
#2364 = EDGE_CURVE('',#2365,#300,#2367,.T.);
#2365 = VERTEX_POINT('',#2366);
#2366 = CARTESIAN_POINT('',(-33.66706997057,-3.222834,0.));
#2367 = LINE('',#2368,#2369);
#2368 = CARTESIAN_POINT('',(-33.66706997057,-3.222834,0.));
#2369 = VECTOR('',#2370,1.);
#2370 = DIRECTION('',(0.,0.,1.));
#2371 = ORIENTED_EDGE('',*,*,#2372,.F.);
#2372 = EDGE_CURVE('',#2315,#2365,#2373,.T.);
#2373 = CIRCLE('',#2374,1.5);
#2374 = AXIS2_PLACEMENT_3D('',#2375,#2376,#2377);
#2375 = CARTESIAN_POINT('',(-33.66707,-1.722834,0.));
#2376 = DIRECTION('',(0.,0.,1.));
#2377 = DIRECTION('',(1.,0.,0.));
#2378 = CYLINDRICAL_SURFACE('',#2379,1.5);
#2379 = AXIS2_PLACEMENT_3D('',#2380,#2381,#2382);
#2380 = CARTESIAN_POINT('',(-33.66707,-1.722834,0.));
#2381 = DIRECTION('',(-0.,-0.,-1.));
#2382 = DIRECTION('',(1.,0.,0.));
#2383 = ADVANCED_FACE('',(#2384),#2403,.F.);
#2384 = FACE_BOUND('',#2385,.F.);
#2385 = EDGE_LOOP('',(#2386,#2387,#2388,#2397));
#2386 = ORIENTED_EDGE('',*,*,#448,.T.);
#2387 = ORIENTED_EDGE('',*,*,#2348,.T.);
#2388 = ORIENTED_EDGE('',*,*,#2389,.F.);
#2389 = EDGE_CURVE('',#2390,#2341,#2392,.T.);
#2390 = VERTEX_POINT('',#2391);
#2391 = CARTESIAN_POINT('',(-27.91716954903,-9.222834,4.E-15));
#2392 = CIRCLE('',#2393,0.2499);
#2393 = AXIS2_PLACEMENT_3D('',#2394,#2395,#2396);
#2394 = CARTESIAN_POINT('',(-27.91716954903,-8.972934,0.));
#2395 = DIRECTION('',(0.,-0.,-1.));
#2396 = DIRECTION('',(0.,1.,-0.));
#2397 = ORIENTED_EDGE('',*,*,#2398,.F.);
#2398 = EDGE_CURVE('',#441,#2390,#2399,.T.);
#2399 = LINE('',#2400,#2401);
#2400 = CARTESIAN_POINT('',(-27.91716954903,-9.222834,14.));
#2401 = VECTOR('',#2402,1.);
#2402 = DIRECTION('',(-0.,-0.,-1.));
#2403 = CYLINDRICAL_SURFACE('',#2404,0.2499);
#2404 = AXIS2_PLACEMENT_3D('',#2405,#2406,#2407);
#2405 = CARTESIAN_POINT('',(-27.91716954903,-8.972934,14.));
#2406 = DIRECTION('',(-0.,-0.,-1.));
#2407 = DIRECTION('',(0.,-1.,0.));
#2408 = ADVANCED_FACE('',(#2409),#2427,.F.);
#2409 = FACE_BOUND('',#2410,.F.);
#2410 = EDGE_LOOP('',(#2411,#2412,#2413,#2421));
#2411 = ORIENTED_EDGE('',*,*,#2364,.T.);
#2412 = ORIENTED_EDGE('',*,*,#308,.T.);
#2413 = ORIENTED_EDGE('',*,*,#2414,.F.);
#2414 = EDGE_CURVE('',#2415,#309,#2417,.T.);
#2415 = VERTEX_POINT('',#2416);
#2416 = CARTESIAN_POINT('',(-26.66707018301,-3.222834,0.));
#2417 = LINE('',#2418,#2419);
#2418 = CARTESIAN_POINT('',(-26.66707018301,-3.222834,0.));
#2419 = VECTOR('',#2420,1.);
#2420 = DIRECTION('',(0.,0.,1.));
#2421 = ORIENTED_EDGE('',*,*,#2422,.F.);
#2422 = EDGE_CURVE('',#2365,#2415,#2423,.T.);
#2423 = LINE('',#2424,#2425);
#2424 = CARTESIAN_POINT('',(-33.66706997057,-3.222834,0.));
#2425 = VECTOR('',#2426,1.);
#2426 = DIRECTION('',(1.,0.,0.));
#2427 = PLANE('',#2428);
#2428 = AXIS2_PLACEMENT_3D('',#2429,#2430,#2431);
#2429 = CARTESIAN_POINT('',(-33.66706997057,-3.222834,0.));
#2430 = DIRECTION('',(0.,1.,0.));
#2431 = DIRECTION('',(1.,0.,0.));
#2432 = ADVANCED_FACE('',(#2433),#2451,.F.);
#2433 = FACE_BOUND('',#2434,.F.);
#2434 = EDGE_LOOP('',(#2435,#2436,#2437,#2445));
#2435 = ORIENTED_EDGE('',*,*,#440,.F.);
#2436 = ORIENTED_EDGE('',*,*,#2398,.T.);
#2437 = ORIENTED_EDGE('',*,*,#2438,.F.);
#2438 = EDGE_CURVE('',#2439,#2390,#2441,.T.);
#2439 = VERTEX_POINT('',#2440);
#2440 = CARTESIAN_POINT('',(-27.91707,-9.222834,0.));
#2441 = LINE('',#2442,#2443);
#2442 = CARTESIAN_POINT('',(-28.14966909211,-9.222834,0.));
#2443 = VECTOR('',#2444,1.);
#2444 = DIRECTION('',(-1.,0.,0.));
#2445 = ORIENTED_EDGE('',*,*,#2446,.T.);
#2446 = EDGE_CURVE('',#2439,#433,#2447,.T.);
#2447 = LINE('',#2448,#2449);
#2448 = CARTESIAN_POINT('',(-27.91707,-9.222834,0.));
#2449 = VECTOR('',#2450,1.);
#2450 = DIRECTION('',(0.,0.,1.));
#2451 = PLANE('',#2452);
#2452 = AXIS2_PLACEMENT_3D('',#2453,#2454,#2455);
#2453 = CARTESIAN_POINT('',(-26.14191877451,-9.222834,-37.77367604757));
#2454 = DIRECTION('',(-0.,-1.,-0.));
#2455 = DIRECTION('',(0.,0.,-1.));
#2456 = ADVANCED_FACE('',(#2457),#2476,.F.);
#2457 = FACE_BOUND('',#2458,.T.);
#2458 = EDGE_LOOP('',(#2459,#2467,#2468,#2469));
#2459 = ORIENTED_EDGE('',*,*,#2460,.T.);
#2460 = EDGE_CURVE('',#2461,#317,#2463,.T.);
#2461 = VERTEX_POINT('',#2462);
#2462 = CARTESIAN_POINT('',(-26.66706999019,-4.222834,0.));
#2463 = LINE('',#2464,#2465);
#2464 = CARTESIAN_POINT('',(-26.66706999019,-4.222834,0.));
#2465 = VECTOR('',#2466,1.);
#2466 = DIRECTION('',(0.,0.,1.));
#2467 = ORIENTED_EDGE('',*,*,#316,.T.);
#2468 = ORIENTED_EDGE('',*,*,#2414,.F.);
#2469 = ORIENTED_EDGE('',*,*,#2470,.F.);
#2470 = EDGE_CURVE('',#2461,#2415,#2471,.T.);
#2471 = CIRCLE('',#2472,0.5);
#2472 = AXIS2_PLACEMENT_3D('',#2473,#2474,#2475);
#2473 = CARTESIAN_POINT('',(-26.66707,-3.722834,0.));
#2474 = DIRECTION('',(0.,0.,1.));
#2475 = DIRECTION('',(1.,0.,0.));
#2476 = CYLINDRICAL_SURFACE('',#2477,0.5);
#2477 = AXIS2_PLACEMENT_3D('',#2478,#2479,#2480);
#2478 = CARTESIAN_POINT('',(-26.66707,-3.722834,0.));
#2479 = DIRECTION('',(-0.,-0.,-1.));
#2480 = DIRECTION('',(1.,0.,0.));
#2481 = ADVANCED_FACE('',(#2482),#2500,.T.);
#2482 = FACE_BOUND('',#2483,.T.);
#2483 = EDGE_LOOP('',(#2484,#2485,#2486,#2494));
#2484 = ORIENTED_EDGE('',*,*,#2446,.T.);
#2485 = ORIENTED_EDGE('',*,*,#432,.T.);
#2486 = ORIENTED_EDGE('',*,*,#2487,.F.);
#2487 = EDGE_CURVE('',#2488,#425,#2490,.T.);
#2488 = VERTEX_POINT('',#2489);
#2489 = CARTESIAN_POINT('',(-27.91707,-12.722834,0.));
#2490 = LINE('',#2491,#2492);
#2491 = CARTESIAN_POINT('',(-27.91707,-12.722834,0.));
#2492 = VECTOR('',#2493,1.);
#2493 = DIRECTION('',(0.,0.,1.));
#2494 = ORIENTED_EDGE('',*,*,#2495,.F.);
#2495 = EDGE_CURVE('',#2439,#2488,#2496,.T.);
#2496 = LINE('',#2497,#2498);
#2497 = CARTESIAN_POINT('',(-27.91707,-9.222834,0.));
#2498 = VECTOR('',#2499,1.);
#2499 = DIRECTION('',(0.,-1.,0.));
#2500 = PLANE('',#2501);
#2501 = AXIS2_PLACEMENT_3D('',#2502,#2503,#2504);
#2502 = CARTESIAN_POINT('',(-27.91707,-9.222834,0.));
#2503 = DIRECTION('',(1.,0.,0.));
#2504 = DIRECTION('',(0.,-1.,0.));
#2505 = ADVANCED_FACE('',(#2506),#2524,.T.);
#2506 = FACE_BOUND('',#2507,.T.);
#2507 = EDGE_LOOP('',(#2508,#2516,#2517,#2518));
#2508 = ORIENTED_EDGE('',*,*,#2509,.T.);
#2509 = EDGE_CURVE('',#2510,#326,#2512,.T.);
#2510 = VERTEX_POINT('',#2511);
#2511 = CARTESIAN_POINT('',(-33.66707,-4.222834,0.));
#2512 = LINE('',#2513,#2514);
#2513 = CARTESIAN_POINT('',(-33.66707,-4.222834,0.));
#2514 = VECTOR('',#2515,1.);
#2515 = DIRECTION('',(0.,0.,1.));
#2516 = ORIENTED_EDGE('',*,*,#325,.T.);
#2517 = ORIENTED_EDGE('',*,*,#2460,.F.);
#2518 = ORIENTED_EDGE('',*,*,#2519,.F.);
#2519 = EDGE_CURVE('',#2510,#2461,#2520,.T.);
#2520 = LINE('',#2521,#2522);
#2521 = CARTESIAN_POINT('',(-33.66707,-4.222834,0.));
#2522 = VECTOR('',#2523,1.);
#2523 = DIRECTION('',(1.,0.,0.));
#2524 = PLANE('',#2525);
#2525 = AXIS2_PLACEMENT_3D('',#2526,#2527,#2528);
#2526 = CARTESIAN_POINT('',(-33.66707,-4.222834,0.));
#2527 = DIRECTION('',(0.,1.,0.));
#2528 = DIRECTION('',(1.,0.,0.));
#2529 = ADVANCED_FACE('',(#2530),#2548,.T.);
#2530 = FACE_BOUND('',#2531,.T.);
#2531 = EDGE_LOOP('',(#2532,#2533,#2534,#2542));
#2532 = ORIENTED_EDGE('',*,*,#2487,.T.);
#2533 = ORIENTED_EDGE('',*,*,#424,.T.);
#2534 = ORIENTED_EDGE('',*,*,#2535,.F.);
#2535 = EDGE_CURVE('',#2536,#417,#2538,.T.);
#2536 = VERTEX_POINT('',#2537);
#2537 = CARTESIAN_POINT('',(-24.91707,-12.722834,0.));
#2538 = LINE('',#2539,#2540);
#2539 = CARTESIAN_POINT('',(-24.91707,-12.722834,0.));
#2540 = VECTOR('',#2541,1.);
#2541 = DIRECTION('',(0.,0.,1.));
#2542 = ORIENTED_EDGE('',*,*,#2543,.F.);
#2543 = EDGE_CURVE('',#2488,#2536,#2544,.T.);
#2544 = LINE('',#2545,#2546);
#2545 = CARTESIAN_POINT('',(-27.91707,-12.722834,0.));
#2546 = VECTOR('',#2547,1.);
#2547 = DIRECTION('',(1.,0.,0.));
#2548 = PLANE('',#2549);
#2549 = AXIS2_PLACEMENT_3D('',#2550,#2551,#2552);
#2550 = CARTESIAN_POINT('',(-27.91707,-12.722834,0.));
#2551 = DIRECTION('',(0.,1.,0.));
#2552 = DIRECTION('',(1.,0.,0.));
#2553 = ADVANCED_FACE('',(#2554),#2573,.T.);
#2554 = FACE_BOUND('',#2555,.F.);
#2555 = EDGE_LOOP('',(#2556,#2557,#2558,#2566));
#2556 = ORIENTED_EDGE('',*,*,#2509,.T.);
#2557 = ORIENTED_EDGE('',*,*,#333,.T.);
#2558 = ORIENTED_EDGE('',*,*,#2559,.F.);
#2559 = EDGE_CURVE('',#2560,#334,#2562,.T.);
#2560 = VERTEX_POINT('',#2561);
#2561 = CARTESIAN_POINT('',(-33.66707,-7.222834,0.));
#2562 = LINE('',#2563,#2564);
#2563 = CARTESIAN_POINT('',(-33.66707,-7.222834,0.));
#2564 = VECTOR('',#2565,1.);
#2565 = DIRECTION('',(0.,0.,1.));
#2566 = ORIENTED_EDGE('',*,*,#2567,.F.);
#2567 = EDGE_CURVE('',#2510,#2560,#2568,.T.);
#2568 = CIRCLE('',#2569,1.5);
#2569 = AXIS2_PLACEMENT_3D('',#2570,#2571,#2572);
#2570 = CARTESIAN_POINT('',(-33.66707,-5.722834,0.));
#2571 = DIRECTION('',(0.,0.,1.));
#2572 = DIRECTION('',(1.,0.,0.));
#2573 = CYLINDRICAL_SURFACE('',#2574,1.5);
#2574 = AXIS2_PLACEMENT_3D('',#2575,#2576,#2577);
#2575 = CARTESIAN_POINT('',(-33.66707,-5.722834,0.));
#2576 = DIRECTION('',(-0.,-0.,-1.));
#2577 = DIRECTION('',(1.,0.,0.));
#2578 = ADVANCED_FACE('',(#2579),#2597,.F.);
#2579 = FACE_BOUND('',#2580,.F.);
#2580 = EDGE_LOOP('',(#2581,#2589,#2590,#2591));
#2581 = ORIENTED_EDGE('',*,*,#2582,.T.);
#2582 = EDGE_CURVE('',#2583,#409,#2585,.T.);
#2583 = VERTEX_POINT('',#2584);
#2584 = CARTESIAN_POINT('',(-24.91707,-17.722834,0.));
#2585 = LINE('',#2586,#2587);
#2586 = CARTESIAN_POINT('',(-24.91707,-17.722834,0.));
#2587 = VECTOR('',#2588,1.);
#2588 = DIRECTION('',(0.,0.,1.));
#2589 = ORIENTED_EDGE('',*,*,#416,.T.);
#2590 = ORIENTED_EDGE('',*,*,#2535,.F.);
#2591 = ORIENTED_EDGE('',*,*,#2592,.F.);
#2592 = EDGE_CURVE('',#2583,#2536,#2593,.T.);
#2593 = LINE('',#2594,#2595);
#2594 = CARTESIAN_POINT('',(-24.91707,-17.722834,0.));
#2595 = VECTOR('',#2596,1.);
#2596 = DIRECTION('',(0.,1.,0.));
#2597 = PLANE('',#2598);
#2598 = AXIS2_PLACEMENT_3D('',#2599,#2600,#2601);
#2599 = CARTESIAN_POINT('',(-24.91707,-17.722834,0.));
#2600 = DIRECTION('',(-1.,0.,0.));
#2601 = DIRECTION('',(0.,1.,0.));
#2602 = ADVANCED_FACE('',(#2603),#2621,.F.);
#2603 = FACE_BOUND('',#2604,.F.);
#2604 = EDGE_LOOP('',(#2605,#2613,#2614,#2615));
#2605 = ORIENTED_EDGE('',*,*,#2606,.F.);
#2606 = EDGE_CURVE('',#2560,#2607,#2609,.T.);
#2607 = VERTEX_POINT('',#2608);
#2608 = CARTESIAN_POINT('',(-33.1670696732,-7.222834,0.));
#2609 = LINE('',#2610,#2611);
#2610 = CARTESIAN_POINT('',(-33.66707,-7.222834,0.));
#2611 = VECTOR('',#2612,1.);
#2612 = DIRECTION('',(1.,0.,0.));
#2613 = ORIENTED_EDGE('',*,*,#2559,.T.);
#2614 = ORIENTED_EDGE('',*,*,#342,.T.);
#2615 = ORIENTED_EDGE('',*,*,#2616,.T.);
#2616 = EDGE_CURVE('',#343,#2607,#2617,.T.);
#2617 = LINE('',#2618,#2619);
#2618 = CARTESIAN_POINT('',(-33.1670696732,-7.222834,14.));
#2619 = VECTOR('',#2620,1.);
#2620 = DIRECTION('',(-0.,-0.,-1.));
#2621 = PLANE('',#2622);
#2622 = AXIS2_PLACEMENT_3D('',#2623,#2624,#2625);
#2623 = CARTESIAN_POINT('',(-33.66707,-7.222834,0.));
#2624 = DIRECTION('',(0.,1.,0.));
#2625 = DIRECTION('',(1.,0.,0.));
#2626 = ADVANCED_FACE('',(#2627),#2645,.F.);
#2627 = FACE_BOUND('',#2628,.F.);
#2628 = EDGE_LOOP('',(#2629,#2637,#2638,#2639));
#2629 = ORIENTED_EDGE('',*,*,#2630,.T.);
#2630 = EDGE_CURVE('',#2631,#401,#2633,.T.);
#2631 = VERTEX_POINT('',#2632);
#2632 = CARTESIAN_POINT('',(-35.41707,-17.722834,0.));
#2633 = LINE('',#2634,#2635);
#2634 = CARTESIAN_POINT('',(-35.41707,-17.722834,0.));
#2635 = VECTOR('',#2636,1.);
#2636 = DIRECTION('',(0.,0.,1.));
#2637 = ORIENTED_EDGE('',*,*,#408,.T.);
#2638 = ORIENTED_EDGE('',*,*,#2582,.F.);
#2639 = ORIENTED_EDGE('',*,*,#2640,.F.);
#2640 = EDGE_CURVE('',#2631,#2583,#2641,.T.);
#2641 = LINE('',#2642,#2643);
#2642 = CARTESIAN_POINT('',(-35.41707,-17.722834,0.));
#2643 = VECTOR('',#2644,1.);
#2644 = DIRECTION('',(1.,0.,0.));
#2645 = PLANE('',#2646);
#2646 = AXIS2_PLACEMENT_3D('',#2647,#2648,#2649);
#2647 = CARTESIAN_POINT('',(-35.41707,-17.722834,0.));
#2648 = DIRECTION('',(0.,1.,0.));
#2649 = DIRECTION('',(1.,0.,0.));
#2650 = ADVANCED_FACE('',(#2651),#2670,.F.);
#2651 = FACE_BOUND('',#2652,.F.);
#2652 = EDGE_LOOP('',(#2653,#2654,#2662,#2669));
#2653 = ORIENTED_EDGE('',*,*,#350,.F.);
#2654 = ORIENTED_EDGE('',*,*,#2655,.T.);
#2655 = EDGE_CURVE('',#351,#2656,#2658,.T.);
#2656 = VERTEX_POINT('',#2657);
#2657 = CARTESIAN_POINT('',(-32.1670698366,-8.222834,0.));
#2658 = LINE('',#2659,#2660);
#2659 = CARTESIAN_POINT('',(-32.1670696732,-8.222834,14.));
#2660 = VECTOR('',#2661,1.);
#2661 = DIRECTION('',(-0.,-0.,-1.));
#2662 = ORIENTED_EDGE('',*,*,#2663,.T.);
#2663 = EDGE_CURVE('',#2656,#2607,#2664,.T.);
#2664 = CIRCLE('',#2665,1.);
#2665 = AXIS2_PLACEMENT_3D('',#2666,#2667,#2668);
#2666 = CARTESIAN_POINT('',(-33.1670696732,-8.222834,1.95399252334E-14)
  );
#2667 = DIRECTION('',(0.,0.,1.));
#2668 = DIRECTION('',(1.,0.,0.));
#2669 = ORIENTED_EDGE('',*,*,#2616,.F.);
#2670 = CYLINDRICAL_SURFACE('',#2671,1.);
#2671 = AXIS2_PLACEMENT_3D('',#2672,#2673,#2674);
#2672 = CARTESIAN_POINT('',(-33.1670696732,-8.222834,14.));
#2673 = DIRECTION('',(0.,0.,1.));
#2674 = DIRECTION('',(1.,0.,0.));
#2675 = ADVANCED_FACE('',(#2676),#2694,.F.);
#2676 = FACE_BOUND('',#2677,.F.);
#2677 = EDGE_LOOP('',(#2678,#2686,#2687,#2688));
#2678 = ORIENTED_EDGE('',*,*,#2679,.T.);
#2679 = EDGE_CURVE('',#2680,#393,#2682,.T.);
#2680 = VERTEX_POINT('',#2681);
#2681 = CARTESIAN_POINT('',(-35.41707,-12.722834,0.));
#2682 = LINE('',#2683,#2684);
#2683 = CARTESIAN_POINT('',(-35.41707,-12.722834,0.));
#2684 = VECTOR('',#2685,1.);
#2685 = DIRECTION('',(0.,0.,1.));
#2686 = ORIENTED_EDGE('',*,*,#400,.T.);
#2687 = ORIENTED_EDGE('',*,*,#2630,.F.);
#2688 = ORIENTED_EDGE('',*,*,#2689,.F.);
#2689 = EDGE_CURVE('',#2680,#2631,#2690,.T.);
#2690 = LINE('',#2691,#2692);
#2691 = CARTESIAN_POINT('',(-35.41707,-12.722834,0.));
#2692 = VECTOR('',#2693,1.);
#2693 = DIRECTION('',(0.,-1.,0.));
#2694 = PLANE('',#2695);
#2695 = AXIS2_PLACEMENT_3D('',#2696,#2697,#2698);
#2696 = CARTESIAN_POINT('',(-35.41707,-12.722834,0.));
#2697 = DIRECTION('',(1.,0.,0.));
#2698 = DIRECTION('',(0.,-1.,0.));
#2699 = ADVANCED_FACE('',(#2700),#2718,.T.);
#2700 = FACE_BOUND('',#2701,.T.);
#2701 = EDGE_LOOP('',(#2702,#2703,#2704,#2712));
#2702 = ORIENTED_EDGE('',*,*,#359,.F.);
#2703 = ORIENTED_EDGE('',*,*,#2655,.T.);
#2704 = ORIENTED_EDGE('',*,*,#2705,.T.);
#2705 = EDGE_CURVE('',#2656,#2706,#2708,.T.);
#2706 = VERTEX_POINT('',#2707);
#2707 = CARTESIAN_POINT('',(-32.16707,-8.972934,0.));
#2708 = LINE('',#2709,#2710);
#2709 = CARTESIAN_POINT('',(-32.16707,-8.222834,0.));
#2710 = VECTOR('',#2711,1.);
#2711 = DIRECTION('',(0.,-1.,0.));
#2712 = ORIENTED_EDGE('',*,*,#2713,.F.);
#2713 = EDGE_CURVE('',#360,#2706,#2714,.T.);
#2714 = LINE('',#2715,#2716);
#2715 = CARTESIAN_POINT('',(-32.16707,-8.972934,14.));
#2716 = VECTOR('',#2717,1.);
#2717 = DIRECTION('',(-0.,-0.,-1.));
#2718 = PLANE('',#2719);
#2719 = AXIS2_PLACEMENT_3D('',#2720,#2721,#2722);
#2720 = CARTESIAN_POINT('',(-32.16707,-8.222834,7.));
#2721 = DIRECTION('',(-1.,-0.,-0.));
#2722 = DIRECTION('',(0.,0.,-1.));
#2723 = ADVANCED_FACE('',(#2724),#2742,.F.);
#2724 = FACE_BOUND('',#2725,.F.);
#2725 = EDGE_LOOP('',(#2726,#2734,#2735,#2736));
#2726 = ORIENTED_EDGE('',*,*,#2727,.T.);
#2727 = EDGE_CURVE('',#2728,#385,#2730,.T.);
#2728 = VERTEX_POINT('',#2729);
#2729 = CARTESIAN_POINT('',(-32.41707,-12.722834,0.));
#2730 = LINE('',#2731,#2732);
#2731 = CARTESIAN_POINT('',(-32.41707,-12.722834,0.));
#2732 = VECTOR('',#2733,1.);
#2733 = DIRECTION('',(0.,0.,1.));
#2734 = ORIENTED_EDGE('',*,*,#392,.T.);
#2735 = ORIENTED_EDGE('',*,*,#2679,.F.);
#2736 = ORIENTED_EDGE('',*,*,#2737,.F.);
#2737 = EDGE_CURVE('',#2728,#2680,#2738,.T.);
#2738 = LINE('',#2739,#2740);
#2739 = CARTESIAN_POINT('',(-32.41707,-12.722834,0.));
#2740 = VECTOR('',#2741,1.);
#2741 = DIRECTION('',(-1.,0.,0.));
#2742 = PLANE('',#2743);
#2743 = AXIS2_PLACEMENT_3D('',#2744,#2745,#2746);
#2744 = CARTESIAN_POINT('',(-32.41707,-12.722834,0.));
#2745 = DIRECTION('',(0.,-1.,0.));
#2746 = DIRECTION('',(-1.,0.,0.));
#2747 = ADVANCED_FACE('',(#2748),#2767,.F.);
#2748 = FACE_BOUND('',#2749,.F.);
#2749 = EDGE_LOOP('',(#2750,#2751,#2759,#2766));
#2750 = ORIENTED_EDGE('',*,*,#367,.T.);
#2751 = ORIENTED_EDGE('',*,*,#2752,.T.);
#2752 = EDGE_CURVE('',#368,#2753,#2755,.T.);
#2753 = VERTEX_POINT('',#2754);
#2754 = CARTESIAN_POINT('',(-32.41697,-9.222834,0.));
#2755 = LINE('',#2756,#2757);
#2756 = CARTESIAN_POINT('',(-32.41697,-9.222834,14.));
#2757 = VECTOR('',#2758,1.);
#2758 = DIRECTION('',(-0.,-0.,-1.));
#2759 = ORIENTED_EDGE('',*,*,#2760,.F.);
#2760 = EDGE_CURVE('',#2706,#2753,#2761,.T.);
#2761 = CIRCLE('',#2762,0.2499);
#2762 = AXIS2_PLACEMENT_3D('',#2763,#2764,#2765);
#2763 = CARTESIAN_POINT('',(-32.41697,-8.972934,0.));
#2764 = DIRECTION('',(0.,-0.,-1.));
#2765 = DIRECTION('',(0.,1.,-0.));
#2766 = ORIENTED_EDGE('',*,*,#2713,.F.);
#2767 = CYLINDRICAL_SURFACE('',#2768,0.2499);
#2768 = AXIS2_PLACEMENT_3D('',#2769,#2770,#2771);
#2769 = CARTESIAN_POINT('',(-32.41697,-8.972934,14.));
#2770 = DIRECTION('',(-0.,-0.,-1.));
#2771 = DIRECTION('',(1.,0.,0.));
#2772 = ADVANCED_FACE('',(#2773),#2791,.F.);
#2773 = FACE_BOUND('',#2774,.F.);
#2774 = EDGE_LOOP('',(#2775,#2783,#2789,#2790));
#2775 = ORIENTED_EDGE('',*,*,#2776,.F.);
#2776 = EDGE_CURVE('',#2777,#2728,#2779,.T.);
#2777 = VERTEX_POINT('',#2778);
#2778 = CARTESIAN_POINT('',(-32.41707,-9.222834,0.));
#2779 = LINE('',#2780,#2781);
#2780 = CARTESIAN_POINT('',(-32.41707,-8.222834,0.));
#2781 = VECTOR('',#2782,1.);
#2782 = DIRECTION('',(0.,-1.,0.));
#2783 = ORIENTED_EDGE('',*,*,#2784,.T.);
#2784 = EDGE_CURVE('',#2777,#377,#2785,.T.);
#2785 = LINE('',#2786,#2787);
#2786 = CARTESIAN_POINT('',(-32.41707,-9.222834,0.));
#2787 = VECTOR('',#2788,1.);
#2788 = DIRECTION('',(0.,0.,1.));
#2789 = ORIENTED_EDGE('',*,*,#384,.T.);
#2790 = ORIENTED_EDGE('',*,*,#2727,.F.);
#2791 = PLANE('',#2792);
#2792 = AXIS2_PLACEMENT_3D('',#2793,#2794,#2795);
#2793 = CARTESIAN_POINT('',(-32.41707,-8.222834,0.));
#2794 = DIRECTION('',(1.,0.,0.));
#2795 = DIRECTION('',(0.,-1.,0.));
#2796 = ADVANCED_FACE('',(#2797),#2808,.F.);
#2797 = FACE_BOUND('',#2798,.F.);
#2798 = EDGE_LOOP('',(#2799,#2805,#2806,#2807));
#2799 = ORIENTED_EDGE('',*,*,#2800,.F.);
#2800 = EDGE_CURVE('',#2753,#2777,#2801,.T.);
#2801 = LINE('',#2802,#2803);
#2802 = CARTESIAN_POINT('',(-26.66707,-9.222834,0.));
#2803 = VECTOR('',#2804,1.);
#2804 = DIRECTION('',(-1.,0.,0.));
#2805 = ORIENTED_EDGE('',*,*,#2752,.F.);
#2806 = ORIENTED_EDGE('',*,*,#376,.T.);
#2807 = ORIENTED_EDGE('',*,*,#2784,.F.);
#2808 = PLANE('',#2809);
#2809 = AXIS2_PLACEMENT_3D('',#2810,#2811,#2812);
#2810 = CARTESIAN_POINT('',(-26.66707,-9.222834,0.));
#2811 = DIRECTION('',(0.,-1.,0.));
#2812 = DIRECTION('',(-1.,0.,0.));
#2813 = ADVANCED_FACE('',(#2814),#2901,.T.);
#2814 = FACE_BOUND('',#2815,.T.);
#2815 = EDGE_LOOP('',(#2816,#2817,#2818,#2819,#2820,#2821,#2822,#2823,
    #2824,#2825,#2826,#2827,#2828,#2829,#2830,#2831,#2832,#2833,#2834,
    #2835,#2836,#2837,#2838,#2839,#2840,#2841,#2842,#2843,#2844,#2845,
    #2846,#2847,#2848,#2849,#2850,#2851,#2852,#2853,#2854,#2855,#2856,
    #2857,#2858,#2859,#2860,#2861,#2862,#2863,#2864,#2865,#2866,#2867,
    #2868,#2869,#2870,#2871,#2872,#2873,#2874,#2875,#2876,#2877,#2878,
    #2879,#2880,#2881,#2882,#2883,#2884,#2885,#2886,#2887,#2888,#2889,
    #2890,#2891,#2892,#2893,#2894,#2895,#2896,#2897,#2898,#2899,#2900));
#2816 = ORIENTED_EDGE('',*,*,#752,.F.);
#2817 = ORIENTED_EDGE('',*,*,#783,.T.);
#2818 = ORIENTED_EDGE('',*,*,#823,.F.);
#2819 = ORIENTED_EDGE('',*,*,#871,.F.);
#2820 = ORIENTED_EDGE('',*,*,#920,.T.);
#2821 = ORIENTED_EDGE('',*,*,#978,.T.);
#2822 = ORIENTED_EDGE('',*,*,#1027,.T.);
#2823 = ORIENTED_EDGE('',*,*,#1075,.F.);
#2824 = ORIENTED_EDGE('',*,*,#1124,.T.);
#2825 = ORIENTED_EDGE('',*,*,#1172,.T.);
#2826 = ORIENTED_EDGE('',*,*,#1222,.T.);
#2827 = ORIENTED_EDGE('',*,*,#1270,.F.);
#2828 = ORIENTED_EDGE('',*,*,#1320,.T.);
#2829 = ORIENTED_EDGE('',*,*,#1368,.T.);
#2830 = ORIENTED_EDGE('',*,*,#1418,.T.);
#2831 = ORIENTED_EDGE('',*,*,#1466,.F.);
#2832 = ORIENTED_EDGE('',*,*,#1516,.T.);
#2833 = ORIENTED_EDGE('',*,*,#1564,.T.);
#2834 = ORIENTED_EDGE('',*,*,#1614,.T.);
#2835 = ORIENTED_EDGE('',*,*,#1662,.F.);
#2836 = ORIENTED_EDGE('',*,*,#1712,.T.);
#2837 = ORIENTED_EDGE('',*,*,#1760,.T.);
#2838 = ORIENTED_EDGE('',*,*,#1810,.T.);
#2839 = ORIENTED_EDGE('',*,*,#1858,.F.);
#2840 = ORIENTED_EDGE('',*,*,#1908,.T.);
#2841 = ORIENTED_EDGE('',*,*,#1956,.T.);
#2842 = ORIENTED_EDGE('',*,*,#2006,.T.);
#2843 = ORIENTED_EDGE('',*,*,#2054,.F.);
#2844 = ORIENTED_EDGE('',*,*,#2104,.F.);
#2845 = ORIENTED_EDGE('',*,*,#2152,.T.);
#2846 = ORIENTED_EDGE('',*,*,#2192,.T.);
#2847 = ORIENTED_EDGE('',*,*,#2240,.F.);
#2848 = ORIENTED_EDGE('',*,*,#2299,.F.);
#2849 = ORIENTED_EDGE('',*,*,#2340,.F.);
#2850 = ORIENTED_EDGE('',*,*,#2389,.F.);
#2851 = ORIENTED_EDGE('',*,*,#2438,.F.);
#2852 = ORIENTED_EDGE('',*,*,#2495,.T.);
#2853 = ORIENTED_EDGE('',*,*,#2543,.T.);
#2854 = ORIENTED_EDGE('',*,*,#2592,.F.);
#2855 = ORIENTED_EDGE('',*,*,#2640,.F.);
#2856 = ORIENTED_EDGE('',*,*,#2689,.F.);
#2857 = ORIENTED_EDGE('',*,*,#2737,.F.);
#2858 = ORIENTED_EDGE('',*,*,#2776,.F.);
#2859 = ORIENTED_EDGE('',*,*,#2800,.F.);
#2860 = ORIENTED_EDGE('',*,*,#2760,.F.);
#2861 = ORIENTED_EDGE('',*,*,#2705,.F.);
#2862 = ORIENTED_EDGE('',*,*,#2663,.T.);
#2863 = ORIENTED_EDGE('',*,*,#2606,.F.);
#2864 = ORIENTED_EDGE('',*,*,#2567,.F.);
#2865 = ORIENTED_EDGE('',*,*,#2519,.T.);
#2866 = ORIENTED_EDGE('',*,*,#2470,.T.);
#2867 = ORIENTED_EDGE('',*,*,#2422,.F.);
#2868 = ORIENTED_EDGE('',*,*,#2372,.F.);
#2869 = ORIENTED_EDGE('',*,*,#2324,.T.);
#2870 = ORIENTED_EDGE('',*,*,#2275,.T.);
#2871 = ORIENTED_EDGE('',*,*,#2226,.T.);
#2872 = ORIENTED_EDGE('',*,*,#2177,.F.);
#2873 = ORIENTED_EDGE('',*,*,#2128,.F.);
#2874 = ORIENTED_EDGE('',*,*,#2079,.T.);
#2875 = ORIENTED_EDGE('',*,*,#2030,.F.);
#2876 = ORIENTED_EDGE('',*,*,#1981,.F.);
#2877 = ORIENTED_EDGE('',*,*,#1932,.F.);
#2878 = ORIENTED_EDGE('',*,*,#1883,.T.);
#2879 = ORIENTED_EDGE('',*,*,#1834,.F.);
#2880 = ORIENTED_EDGE('',*,*,#1785,.F.);
#2881 = ORIENTED_EDGE('',*,*,#1736,.F.);
#2882 = ORIENTED_EDGE('',*,*,#1687,.T.);
#2883 = ORIENTED_EDGE('',*,*,#1638,.F.);
#2884 = ORIENTED_EDGE('',*,*,#1589,.F.);
#2885 = ORIENTED_EDGE('',*,*,#1540,.F.);
#2886 = ORIENTED_EDGE('',*,*,#1491,.T.);
#2887 = ORIENTED_EDGE('',*,*,#1442,.F.);
#2888 = ORIENTED_EDGE('',*,*,#1393,.F.);
#2889 = ORIENTED_EDGE('',*,*,#1334,.F.);
#2890 = ORIENTED_EDGE('',*,*,#1294,.T.);
#2891 = ORIENTED_EDGE('',*,*,#1238,.F.);
#2892 = ORIENTED_EDGE('',*,*,#1187,.F.);
#2893 = ORIENTED_EDGE('',*,*,#1138,.F.);
#2894 = ORIENTED_EDGE('',*,*,#1090,.T.);
#2895 = ORIENTED_EDGE('',*,*,#1051,.F.);
#2896 = ORIENTED_EDGE('',*,*,#1003,.F.);
#2897 = ORIENTED_EDGE('',*,*,#954,.F.);
#2898 = ORIENTED_EDGE('',*,*,#906,.F.);
#2899 = ORIENTED_EDGE('',*,*,#857,.F.);
#2900 = ORIENTED_EDGE('',*,*,#809,.T.);
#2901 = PLANE('',#2902);
#2902 = AXIS2_PLACEMENT_3D('',#2903,#2904,#2905);
#2903 = CARTESIAN_POINT('',(-30.28062370513,6.277166051906,1.8E-16));
#2904 = DIRECTION('',(-0.,-0.,-1.));
#2905 = DIRECTION('',(-1.,0.,0.));
#2906 = ( GEOMETRIC_REPRESENTATION_CONTEXT(3) 
GLOBAL_UNCERTAINTY_ASSIGNED_CONTEXT((#2910)) 
GLOBAL_UNIT_ASSIGNED_CONTEXT((#2907,#2908,#2909)) REPRESENTATION_CONTEXT
('Context #1','3D Context with UNIT and UNCERTAINTY') );
#2907 = ( LENGTH_UNIT() NAMED_UNIT(*) SI_UNIT(.MILLI.,.METRE.) );
#2908 = ( NAMED_UNIT(*) PLANE_ANGLE_UNIT() SI_UNIT($,.RADIAN.) );
#2909 = ( NAMED_UNIT(*) SI_UNIT($,.STERADIAN.) SOLID_ANGLE_UNIT() );
#2910 = UNCERTAINTY_MEASURE_WITH_UNIT(LENGTH_MEASURE(5.E-05),#2907,
  'distance_accuracy_value','confusion accuracy');
#2911 = PRODUCT_RELATED_PRODUCT_CATEGORY('part',$,(#7));
#2912 = MECHANICAL_DESIGN_GEOMETRIC_PRESENTATION_REPRESENTATION('',(
    #2913),#2906);
#2913 = STYLED_ITEM('color',(#2914),#15);
#2914 = PRESENTATION_STYLE_ASSIGNMENT((#2915,#2921));
#2915 = SURFACE_STYLE_USAGE(.BOTH.,#2916);
#2916 = SURFACE_SIDE_STYLE('',(#2917));
#2917 = SURFACE_STYLE_FILL_AREA(#2918);
#2918 = FILL_AREA_STYLE('',(#2919));
#2919 = FILL_AREA_STYLE_COLOUR('',#2920);
#2920 = COLOUR_RGB('',0.447058818107,0.474509808674,0.501960817233);
#2921 = CURVE_STYLE('',#2922,POSITIVE_LENGTH_MEASURE(0.1),#2923);
#2922 = DRAUGHTING_PRE_DEFINED_CURVE_FONT('continuous');
#2923 = COLOUR_RGB('',9.803921802644E-02,9.803921802644E-02,
  9.803921802644E-02);
ENDSEC;
END-ISO-10303-21;
