ISO-10303-21;
HEADER;
FILE_DESCRIPTION(('FreeCAD Model'),'2;1');
FILE_NAME('Open CASCADE Shape Model','2026-08-27T17:51:29',(''),(''),
  'Open CASCADE STEP processor 7.8','FreeCAD','Unknown');
FILE_SCHEMA(('AUTOMOTIVE_DESIGN { 1 0 10303 214 1 1 1 1 }'));
ENDSEC;
DATA;
#1 = APPLICATION_PROTOCOL_DEFINITION('international standard',
  'automotive_design',2000,#2);
#2 = APPLICATION_CONTEXT(
  'core data for automotive mechanical design processes');
#3 = SHAPE_DEFINITION_REPRESENTATION(#4,#10);
#4 = PRODUCT_DEFINITION_SHAPE('','',#5);
#5 = PRODUCT_DEFINITION('design','',#6,#9);
#6 = PRODUCT_DEFINITION_FORMATION('','',#7);
#7 = PRODUCT('Pocket009','Pocket009','',(#8));
#8 = PRODUCT_CONTEXT('',#2,'mechanical');
#9 = PRODUCT_DEFINITION_CONTEXT('part definition',#2,'design');
#10 = ADVANCED_BREP_SHAPE_REPRESENTATION('',(#11,#15),#3453);
#11 = AXIS2_PLACEMENT_3D('',#12,#13,#14);
#12 = CARTESIAN_POINT('',(0.,0.,0.));
#13 = DIRECTION('',(0.,0.,1.));
#14 = DIRECTION('',(1.,0.,-0.));
#15 = MANIFOLD_SOLID_BREP('',#16);
#16 = CLOSED_SHELL('',(#17,#161,#214,#281,#447,#600,#631,#655,#672,#703,
    #727,#744,#814,#838,#855,#886,#910,#927,#944,#969,#994,#1016,#1055,
    #1171,#1338,#1363,#1431,#1497,#1565,#1628,#1652,#1676,#1700,#1756,
    #1934,#2029,#2100,#2166,#2201,#2230,#2276,#2308,#2337,#2370,#2387,
    #2425,#2492,#2552,#2564,#2600,#2628,#2656,#2673,#2690,#2707,#2719,
    #2741,#2758,#2770,#2792,#2809,#2821,#2843,#2860,#2872,#2902,#2927,
    #2945,#2973,#2988,#3011,#3031,#3054,#3074,#3105,#3122,#3153,#3170,
    #3193,#3210,#3233,#3250,#3269,#3285,#3299,#3311,#3330,#3342,#3358,
    #3375,#3392,#3417,#3437));
#17 = ADVANCED_FACE('',(#18,#52,#78,#104,#130),#156,.T.);
#18 = FACE_BOUND('',#19,.T.);
#19 = EDGE_LOOP('',(#20,#30,#38,#46));
#20 = ORIENTED_EDGE('',*,*,#21,.F.);
#21 = EDGE_CURVE('',#22,#24,#26,.T.);
#22 = VERTEX_POINT('',#23);
#23 = CARTESIAN_POINT('',(-5.713926758E+03,1.930181242322E+03,-8.57E-13)
  );
#24 = VERTEX_POINT('',#25);
#25 = CARTESIAN_POINT('',(-5.713926758E+03,1.930181242322E+03,
    35.199999999999));
#26 = LINE('',#27,#28);
#27 = CARTESIAN_POINT('',(-5.713926758E+03,1.930181242322E+03,
    17.599999999998));
#28 = VECTOR('',#29,1.);
#29 = DIRECTION('',(0.,-9.205E-14,1.));
#30 = ORIENTED_EDGE('',*,*,#31,.T.);
#31 = EDGE_CURVE('',#22,#32,#34,.T.);
#32 = VERTEX_POINT('',#33);
#33 = CARTESIAN_POINT('',(-5.663926758E+03,1.930181242322E+03,0.));
#34 = LINE('',#35,#36);
#35 = CARTESIAN_POINT('',(-5.719926758E+03,1.930181242322E+03,0.));
#36 = VECTOR('',#37,1.);
#37 = DIRECTION('',(1.,0.,0.));
#38 = ORIENTED_EDGE('',*,*,#39,.T.);
#39 = EDGE_CURVE('',#32,#40,#42,.T.);
#40 = VERTEX_POINT('',#41);
#41 = CARTESIAN_POINT('',(-5.663926758E+03,1.930181242322E+03,35.2));
#42 = LINE('',#43,#44);
#43 = CARTESIAN_POINT('',(-5.663926758E+03,1.930181242322E+03,
    -4.2859E-13));
#44 = VECTOR('',#45,1.);
#45 = DIRECTION('',(0.,2.2E-16,1.));
#46 = ORIENTED_EDGE('',*,*,#47,.F.);
#47 = EDGE_CURVE('',#24,#40,#48,.T.);
#48 = LINE('',#49,#50);
#49 = CARTESIAN_POINT('',(-5.670926758E+03,1.930181242322E+03,
    35.199999999999));
#50 = VECTOR('',#51,1.);
#51 = DIRECTION('',(1.,0.,0.));
#52 = FACE_BOUND('',#53,.T.);
#53 = EDGE_LOOP('',(#54,#64,#72));
#54 = ORIENTED_EDGE('',*,*,#55,.F.);
#55 = EDGE_CURVE('',#56,#58,#60,.T.);
#56 = VERTEX_POINT('',#57);
#57 = CARTESIAN_POINT('',(-5.707926758E+03,1.930181242322E+03,
    23.199999999999));
#58 = VERTEX_POINT('',#59);
#59 = CARTESIAN_POINT('',(-5.707926758E+03,1.930181242322E+03,12.));
#60 = LINE('',#61,#62);
#61 = CARTESIAN_POINT('',(-5.707926758E+03,1.930181242322E+03,
    23.199999999999));
#62 = VECTOR('',#63,1.);
#63 = DIRECTION('',(5.394E-27,9.3E-14,-1.));
#64 = ORIENTED_EDGE('',*,*,#65,.T.);
#65 = EDGE_CURVE('',#56,#66,#68,.T.);
#66 = VERTEX_POINT('',#67);
#67 = CARTESIAN_POINT('',(-5.697508261333E+03,1.930181242322E+03,
    17.600058041579));
#68 = LINE('',#69,#70);
#69 = CARTESIAN_POINT('',(-5.707926758E+03,1.930181242322E+03,
    23.199999999999));
#70 = VECTOR('',#71,1.);
#71 = DIRECTION('',(0.880824397016,-7.057605481088E-15,-0.473443113396)
  );
#72 = ORIENTED_EDGE('',*,*,#73,.F.);
#73 = EDGE_CURVE('',#58,#66,#74,.T.);
#74 = LINE('',#75,#76);
#75 = CARTESIAN_POINT('',(-5.707926758E+03,1.930181242322E+03,12.));
#76 = VECTOR('',#77,1.);
#77 = DIRECTION('',(0.880820304295,-9.511849532345E-14,0.473450727681));
#78 = FACE_BOUND('',#79,.T.);
#79 = EDGE_LOOP('',(#80,#90,#98));
#80 = ORIENTED_EDGE('',*,*,#81,.F.);
#81 = EDGE_CURVE('',#82,#84,#86,.T.);
#82 = VERTEX_POINT('',#83);
#83 = CARTESIAN_POINT('',(-5.701926758E+03,1.930181242322E+03,
    29.199999999999));
#84 = VERTEX_POINT('',#85);
#85 = CARTESIAN_POINT('',(-5.68892662316E+03,1.930181242322E+03,
    22.212427523461));
#86 = LINE('',#87,#88);
#87 = CARTESIAN_POINT('',(-5.701926758E+03,1.930181242322E+03,
    29.199999999999));
#88 = VECTOR('',#89,1.);
#89 = DIRECTION('',(0.880824397016,-7.057605481092E-15,-0.473443113396)
  );
#90 = ORIENTED_EDGE('',*,*,#91,.T.);
#91 = EDGE_CURVE('',#82,#92,#94,.T.);
#92 = VERTEX_POINT('',#93);
#93 = CARTESIAN_POINT('',(-5.675926758E+03,1.930181242322E+03,29.2));
#94 = LINE('',#95,#96);
#95 = CARTESIAN_POINT('',(-5.701926758E+03,1.930181242322E+03,
    29.199999999999));
#96 = VECTOR('',#97,1.);
#97 = DIRECTION('',(1.,-5.8E-14,8.2E-15));
#98 = ORIENTED_EDGE('',*,*,#99,.F.);
#99 = EDGE_CURVE('',#84,#92,#100,.T.);
#100 = LINE('',#101,#102);
#101 = CARTESIAN_POINT('',(-5.68892662316E+03,1.930181242322E+03,
    22.212427523461));
#102 = VECTOR('',#103,1.);
#103 = DIRECTION('',(0.880820301236,-9.511849567524E-14,0.473450733371)
  );
#104 = FACE_BOUND('',#105,.T.);
#105 = EDGE_LOOP('',(#106,#116,#124));
#106 = ORIENTED_EDGE('',*,*,#107,.F.);
#107 = EDGE_CURVE('',#108,#110,#112,.T.);
#108 = VERTEX_POINT('',#109);
#109 = CARTESIAN_POINT('',(-5.701926758E+03,1.930181242322E+03,6.));
#110 = VERTEX_POINT('',#111);
#111 = CARTESIAN_POINT('',(-5.675926758E+03,1.930181242322E+03,6.));
#112 = LINE('',#113,#114);
#113 = CARTESIAN_POINT('',(-5.701926758E+03,1.930181242322E+03,6.));
#114 = VECTOR('',#115,1.);
#115 = DIRECTION('',(1.,-5.8E-14,3.E-17));
#116 = ORIENTED_EDGE('',*,*,#117,.T.);
#117 = EDGE_CURVE('',#108,#118,#120,.T.);
#118 = VERTEX_POINT('',#119);
#119 = CARTESIAN_POINT('',(-5.6889257899E+03,1.930181242322E+03,
    12.988020353724));
#120 = LINE('',#121,#122);
#121 = CARTESIAN_POINT('',(-5.701926758E+03,1.930181242322E+03,6.));
#122 = VECTOR('',#123,1.);
#123 = DIRECTION('',(0.880824397016,-9.511802457273E-14,0.473443113396)
  );
#124 = ORIENTED_EDGE('',*,*,#125,.T.);
#125 = EDGE_CURVE('',#118,#110,#126,.T.);
#126 = LINE('',#127,#128);
#127 = CARTESIAN_POINT('',(-5.6889257899E+03,1.930181242322E+03,
    12.988020353723));
#128 = VECTOR('',#129,1.);
#129 = DIRECTION('',(0.880794988391,-7.050811783718E-15,-0.473497823042)
  );
#130 = FACE_BOUND('',#131,.T.);
#131 = EDGE_LOOP('',(#132,#142,#150));
#132 = ORIENTED_EDGE('',*,*,#133,.F.);
#133 = EDGE_CURVE('',#134,#136,#138,.T.);
#134 = VERTEX_POINT('',#135);
#135 = CARTESIAN_POINT('',(-5.669926758E+03,1.930181242322E+03,12.));
#136 = VERTEX_POINT('',#137);
#137 = CARTESIAN_POINT('',(-5.669926758E+03,1.930181242322E+03,23.2));
#138 = LINE('',#139,#140);
#139 = CARTESIAN_POINT('',(-5.669926758E+03,1.930181242322E+03,12.));
#140 = VECTOR('',#141,1.);
#141 = DIRECTION('',(-5.394E-27,-9.3E-14,1.));
#142 = ORIENTED_EDGE('',*,*,#143,.T.);
#143 = EDGE_CURVE('',#134,#144,#146,.T.);
#144 = VERTEX_POINT('',#145);
#145 = CARTESIAN_POINT('',(-5.680346910617E+03,1.930181242322E+03,
    17.600832031474));
#146 = LINE('',#147,#148);
#147 = CARTESIAN_POINT('',(-5.669926758E+03,1.930181242322E+03,12.));
#148 = VECTOR('',#149,1.);
#149 = DIRECTION('',(-0.880824397016,7.057605481091E-15,0.473443113396)
  );
#150 = ORIENTED_EDGE('',*,*,#151,.T.);
#151 = EDGE_CURVE('',#144,#136,#152,.T.);
#152 = LINE('',#153,#154);
#153 = CARTESIAN_POINT('',(-5.680346910617E+03,1.930181242322E+03,
    17.600832031473));
#154 = VECTOR('',#155,1.);
#155 = DIRECTION('',(0.880883054172,-9.511127612768E-14,0.473333967588)
  );
#156 = PLANE('',#157);
#157 = AXIS2_PLACEMENT_3D('',#158,#159,#160);
#158 = CARTESIAN_POINT('',(-5.691926758E+03,1.930181242322E+03,
    17.599999999999));
#159 = DIRECTION('',(-5.778E-14,-1.,-9.271E-14));
#160 = DIRECTION('',(0.,9.271E-14,-1.));
#161 = ADVANCED_FACE('',(#162,#187,#198),#209,.T.);
#162 = FACE_BOUND('',#163,.T.);
#163 = EDGE_LOOP('',(#164,#172,#180,#186));
#164 = ORIENTED_EDGE('',*,*,#165,.F.);
#165 = EDGE_CURVE('',#166,#24,#168,.T.);
#166 = VERTEX_POINT('',#167);
#167 = CARTESIAN_POINT('',(-5.713926758E+03,1.924181242E+03,35.2));
#168 = LINE('',#169,#170);
#169 = CARTESIAN_POINT('',(-5.713926758E+03,1.924181242E+03,35.2));
#170 = VECTOR('',#171,1.);
#171 = DIRECTION('',(0.,1.,0.));
#172 = ORIENTED_EDGE('',*,*,#173,.F.);
#173 = EDGE_CURVE('',#174,#166,#176,.T.);
#174 = VERTEX_POINT('',#175);
#175 = CARTESIAN_POINT('',(-5.713926758E+03,1.924181242E+03,0.));
#176 = LINE('',#177,#178);
#177 = CARTESIAN_POINT('',(-5.713926758E+03,1.924181242E+03,0.));
#178 = VECTOR('',#179,1.);
#179 = DIRECTION('',(0.,0.,1.));
#180 = ORIENTED_EDGE('',*,*,#181,.F.);
#181 = EDGE_CURVE('',#22,#174,#182,.T.);
#182 = LINE('',#183,#184);
#183 = CARTESIAN_POINT('',(-5.713926758E+03,1.935054077E+03,0.));
#184 = VECTOR('',#185,1.);
#185 = DIRECTION('',(0.,-1.,0.));
#186 = ORIENTED_EDGE('',*,*,#21,.T.);
#187 = FACE_BOUND('',#188,.T.);
#188 = EDGE_LOOP('',(#189));
#189 = ORIENTED_EDGE('',*,*,#190,.F.);
#190 = EDGE_CURVE('',#191,#191,#193,.T.);
#191 = VERTEX_POINT('',#192);
#192 = CARTESIAN_POINT('',(-5.713926758E+03,1.928581242E+03,8.8));
#193 = CIRCLE('',#194,1.4);
#194 = AXIS2_PLACEMENT_3D('',#195,#196,#197);
#195 = CARTESIAN_POINT('',(-5.713926758E+03,1.927181242E+03,8.8));
#196 = DIRECTION('',(1.,0.,0.));
#197 = DIRECTION('',(0.,1.,0.));
#198 = FACE_BOUND('',#199,.T.);
#199 = EDGE_LOOP('',(#200));
#200 = ORIENTED_EDGE('',*,*,#201,.F.);
#201 = EDGE_CURVE('',#202,#202,#204,.T.);
#202 = VERTEX_POINT('',#203);
#203 = CARTESIAN_POINT('',(-5.713926758E+03,1.928581242E+03,26.4));
#204 = CIRCLE('',#205,1.4);
#205 = AXIS2_PLACEMENT_3D('',#206,#207,#208);
#206 = CARTESIAN_POINT('',(-5.713926758E+03,1.927181242E+03,26.4));
#207 = DIRECTION('',(1.,0.,0.));
#208 = DIRECTION('',(0.,1.,0.));
#209 = PLANE('',#210);
#210 = AXIS2_PLACEMENT_3D('',#211,#212,#213);
#211 = CARTESIAN_POINT('',(-5.713926758E+03,1.944801701522E+03,17.6));
#212 = DIRECTION('',(1.,0.,0.));
#213 = DIRECTION('',(0.,1.,0.));
#214 = ADVANCED_FACE('',(#215,#265),#276,.T.);
#215 = FACE_BOUND('',#216,.T.);
#216 = EDGE_LOOP('',(#217,#227,#235,#243,#249,#250,#251,#259));
#217 = ORIENTED_EDGE('',*,*,#218,.T.);
#218 = EDGE_CURVE('',#219,#221,#223,.T.);
#219 = VERTEX_POINT('',#220);
#220 = CARTESIAN_POINT('',(-5.719926758E+03,1.965381242E+03,0.));
#221 = VERTEX_POINT('',#222);
#222 = CARTESIAN_POINT('',(-5.713926758E+03,1.965381242E+03,0.));
#223 = LINE('',#224,#225);
#224 = CARTESIAN_POINT('',(-5.719926758E+03,1.965381242E+03,2.182E-13));
#225 = VECTOR('',#226,1.);
#226 = DIRECTION('',(1.,2.2E-16,0.));
#227 = ORIENTED_EDGE('',*,*,#228,.T.);
#228 = EDGE_CURVE('',#221,#229,#231,.T.);
#229 = VERTEX_POINT('',#230);
#230 = CARTESIAN_POINT('',(-5.713926758E+03,1.959381242322E+03,-8.7E-13)
  );
#231 = LINE('',#232,#233);
#232 = CARTESIAN_POINT('',(-5.713926758E+03,1.965381242E+03,0.));
#233 = VECTOR('',#234,1.);
#234 = DIRECTION('',(0.,-1.,0.));
#235 = ORIENTED_EDGE('',*,*,#236,.F.);
#236 = EDGE_CURVE('',#237,#229,#239,.T.);
#237 = VERTEX_POINT('',#238);
#238 = CARTESIAN_POINT('',(-5.663926758E+03,1.959381242322E+03,0.));
#239 = LINE('',#240,#241);
#240 = CARTESIAN_POINT('',(-5.663926758E+03,1.959381242322E+03,0.));
#241 = VECTOR('',#242,1.);
#242 = DIRECTION('',(-1.,0.,0.));
#243 = ORIENTED_EDGE('',*,*,#244,.F.);
#244 = EDGE_CURVE('',#32,#237,#245,.T.);
#245 = LINE('',#246,#247);
#246 = CARTESIAN_POINT('',(-5.663926758E+03,1.930181242322E+03,0.));
#247 = VECTOR('',#248,1.);
#248 = DIRECTION('',(0.,1.,0.));
#249 = ORIENTED_EDGE('',*,*,#31,.F.);
#250 = ORIENTED_EDGE('',*,*,#181,.T.);
#251 = ORIENTED_EDGE('',*,*,#252,.F.);
#252 = EDGE_CURVE('',#253,#174,#255,.T.);
#253 = VERTEX_POINT('',#254);
#254 = CARTESIAN_POINT('',(-5.719926758E+03,1.924181242E+03,0.));
#255 = LINE('',#256,#257);
#256 = CARTESIAN_POINT('',(-5.719926758E+03,1.924181242E+03,2.1363E-13)
  );
#257 = VECTOR('',#258,1.);
#258 = DIRECTION('',(1.,2.2E-16,0.));
#259 = ORIENTED_EDGE('',*,*,#260,.F.);
#260 = EDGE_CURVE('',#219,#253,#261,.T.);
#261 = LINE('',#262,#263);
#262 = CARTESIAN_POINT('',(-5.719926758E+03,1.935054077E+03,2.1483E-13)
  );
#263 = VECTOR('',#264,1.);
#264 = DIRECTION('',(2.2E-16,-1.,-1.1E-16));
#265 = FACE_BOUND('',#266,.T.);
#266 = EDGE_LOOP('',(#267));
#267 = ORIENTED_EDGE('',*,*,#268,.F.);
#268 = EDGE_CURVE('',#269,#269,#271,.T.);
#269 = VERTEX_POINT('',#270);
#270 = CARTESIAN_POINT('',(-5.677176758E+03,1.944781242322E+03,2.16E-13)
  );
#271 = CIRCLE('',#272,4.25);
#272 = AXIS2_PLACEMENT_3D('',#273,#274,#275);
#273 = CARTESIAN_POINT('',(-5.681426758E+03,1.944781242322E+03,-4.32E-13
    ));
#274 = DIRECTION('',(0.,0.,-1.));
#275 = DIRECTION('',(1.,0.,0.));
#276 = PLANE('',#277);
#277 = AXIS2_PLACEMENT_3D('',#278,#279,#280);
#278 = CARTESIAN_POINT('',(-5.695013177753E+03,1.944781242166E+03,
    -1.54339E-12));
#279 = DIRECTION('',(-1.309E-14,-6.8E-16,-1.));
#280 = DIRECTION('',(-1.,0.,1.309E-14));
#281 = ADVANCED_FACE('',(#282,#332,#343,#354,#365,#431),#442,.T.);
#282 = FACE_BOUND('',#283,.T.);
#283 = EDGE_LOOP('',(#284,#294,#300,#301,#302,#310,#318,#326));
#284 = ORIENTED_EDGE('',*,*,#285,.F.);
#285 = EDGE_CURVE('',#286,#288,#290,.T.);
#286 = VERTEX_POINT('',#287);
#287 = CARTESIAN_POINT('',(-5.719926758E+03,1.924181242E+03,35.2));
#288 = VERTEX_POINT('',#289);
#289 = CARTESIAN_POINT('',(-5.719926758E+03,1.965381242E+03,35.2));
#290 = LINE('',#291,#292);
#291 = CARTESIAN_POINT('',(-5.719926758E+03,1.924181242E+03,35.2));
#292 = VECTOR('',#293,1.);
#293 = DIRECTION('',(-2.2E-16,1.,1.1E-16));
#294 = ORIENTED_EDGE('',*,*,#295,.T.);
#295 = EDGE_CURVE('',#286,#166,#296,.T.);
#296 = LINE('',#297,#298);
#297 = CARTESIAN_POINT('',(-5.719926758E+03,1.924181242E+03,35.2));
#298 = VECTOR('',#299,1.);
#299 = DIRECTION('',(1.,2.2E-16,0.));
#300 = ORIENTED_EDGE('',*,*,#165,.T.);
#301 = ORIENTED_EDGE('',*,*,#47,.T.);
#302 = ORIENTED_EDGE('',*,*,#303,.T.);
#303 = EDGE_CURVE('',#40,#304,#306,.T.);
#304 = VERTEX_POINT('',#305);
#305 = CARTESIAN_POINT('',(-5.663926758E+03,1.959381242322E+03,35.2));
#306 = LINE('',#307,#308);
#307 = CARTESIAN_POINT('',(-5.663926758E+03,1.930181242322E+03,35.2));
#308 = VECTOR('',#309,1.);
#309 = DIRECTION('',(0.,1.,0.));
#310 = ORIENTED_EDGE('',*,*,#311,.T.);
#311 = EDGE_CURVE('',#304,#312,#314,.T.);
#312 = VERTEX_POINT('',#313);
#313 = CARTESIAN_POINT('',(-5.713926758E+03,1.959381242322E+03,
    35.199999999999));
#314 = LINE('',#315,#316);
#315 = CARTESIAN_POINT('',(-5.712926758E+03,1.959381242322E+03,
    35.199999999999));
#316 = VECTOR('',#317,1.);
#317 = DIRECTION('',(-1.,0.,0.));
#318 = ORIENTED_EDGE('',*,*,#319,.T.);
#319 = EDGE_CURVE('',#312,#320,#322,.T.);
#320 = VERTEX_POINT('',#321);
#321 = CARTESIAN_POINT('',(-5.713926758E+03,1.965381242E+03,35.2));
#322 = LINE('',#323,#324);
#323 = CARTESIAN_POINT('',(-5.713926758E+03,1.954750977E+03,35.2));
#324 = VECTOR('',#325,1.);
#325 = DIRECTION('',(0.,1.,0.));
#326 = ORIENTED_EDGE('',*,*,#327,.F.);
#327 = EDGE_CURVE('',#288,#320,#328,.T.);
#328 = LINE('',#329,#330);
#329 = CARTESIAN_POINT('',(-5.719926758E+03,1.965381242E+03,35.2));
#330 = VECTOR('',#331,1.);
#331 = DIRECTION('',(1.,2.2E-16,0.));
#332 = FACE_BOUND('',#333,.T.);
#333 = EDGE_LOOP('',(#334));
#334 = ORIENTED_EDGE('',*,*,#335,.F.);
#335 = EDGE_CURVE('',#336,#336,#338,.T.);
#336 = VERTEX_POINT('',#337);
#337 = CARTESIAN_POINT('',(-5.715926758E+03,1.940031242322E+03,35.2));
#338 = CIRCLE('',#339,1.);
#339 = AXIS2_PLACEMENT_3D('',#340,#341,#342);
#340 = CARTESIAN_POINT('',(-5.716926758E+03,1.940031242322E+03,35.2));
#341 = DIRECTION('',(0.,0.,1.));
#342 = DIRECTION('',(1.,0.,0.));
#343 = FACE_BOUND('',#344,.T.);
#344 = EDGE_LOOP('',(#345));
#345 = ORIENTED_EDGE('',*,*,#346,.F.);
#346 = EDGE_CURVE('',#347,#347,#349,.T.);
#347 = VERTEX_POINT('',#348);
#348 = CARTESIAN_POINT('',(-5.665926758E+03,1.940031242322E+03,35.2));
#349 = CIRCLE('',#350,1.);
#350 = AXIS2_PLACEMENT_3D('',#351,#352,#353);
#351 = CARTESIAN_POINT('',(-5.666926758E+03,1.940031242322E+03,
    35.200000000001));
#352 = DIRECTION('',(0.,-4.4E-16,1.));
#353 = DIRECTION('',(1.,0.,0.));
#354 = FACE_BOUND('',#355,.T.);
#355 = EDGE_LOOP('',(#356));
#356 = ORIENTED_EDGE('',*,*,#357,.F.);
#357 = EDGE_CURVE('',#358,#358,#360,.T.);
#358 = VERTEX_POINT('',#359);
#359 = CARTESIAN_POINT('',(-5.715926758E+03,1.949531242322E+03,35.2));
#360 = CIRCLE('',#361,1.);
#361 = AXIS2_PLACEMENT_3D('',#362,#363,#364);
#362 = CARTESIAN_POINT('',(-5.716926758E+03,1.949531242322E+03,35.2));
#363 = DIRECTION('',(0.,0.,1.));
#364 = DIRECTION('',(1.,0.,0.));
#365 = FACE_BOUND('',#366,.T.);
#366 = EDGE_LOOP('',(#367,#377,#385,#393,#401,#409,#417,#425));
#367 = ORIENTED_EDGE('',*,*,#368,.T.);
#368 = EDGE_CURVE('',#369,#371,#373,.T.);
#369 = VERTEX_POINT('',#370);
#370 = CARTESIAN_POINT('',(-5.670926758E+03,1.942281242322E+03,
    35.199999999999));
#371 = VERTEX_POINT('',#372);
#372 = CARTESIAN_POINT('',(-5.670926758E+03,1.934181242322E+03,
    35.199999999999));
#373 = LINE('',#374,#375);
#374 = CARTESIAN_POINT('',(-5.670926758E+03,1.959381242322E+03,35.2));
#375 = VECTOR('',#376,1.);
#376 = DIRECTION('',(0.,-1.,0.));
#377 = ORIENTED_EDGE('',*,*,#378,.T.);
#378 = EDGE_CURVE('',#371,#379,#381,.T.);
#379 = VERTEX_POINT('',#380);
#380 = CARTESIAN_POINT('',(-5.712926758E+03,1.934181242322E+03,
    35.199999999999));
#381 = LINE('',#382,#383);
#382 = CARTESIAN_POINT('',(-5.670926758E+03,1.934181242322E+03,35.2));
#383 = VECTOR('',#384,1.);
#384 = DIRECTION('',(-1.,0.,0.));
#385 = ORIENTED_EDGE('',*,*,#386,.T.);
#386 = EDGE_CURVE('',#379,#387,#389,.T.);
#387 = VERTEX_POINT('',#388);
#388 = CARTESIAN_POINT('',(-5.712926758E+03,1.955381242322E+03,
    35.199999999999));
#389 = LINE('',#390,#391);
#390 = CARTESIAN_POINT('',(-5.712926758E+03,1.930181242322E+03,35.2));
#391 = VECTOR('',#392,1.);
#392 = DIRECTION('',(0.,1.,0.));
#393 = ORIENTED_EDGE('',*,*,#394,.T.);
#394 = EDGE_CURVE('',#387,#395,#397,.T.);
#395 = VERTEX_POINT('',#396);
#396 = CARTESIAN_POINT('',(-5.670926758E+03,1.955381242322E+03,
    35.199999999999));
#397 = LINE('',#398,#399);
#398 = CARTESIAN_POINT('',(-5.712926758E+03,1.955381242322E+03,35.2));
#399 = VECTOR('',#400,1.);
#400 = DIRECTION('',(1.,0.,0.));
#401 = ORIENTED_EDGE('',*,*,#402,.T.);
#402 = EDGE_CURVE('',#395,#403,#405,.T.);
#403 = VERTEX_POINT('',#404);
#404 = CARTESIAN_POINT('',(-5.670926758E+03,1.947281242322E+03,
    35.199999999999));
#405 = LINE('',#406,#407);
#406 = CARTESIAN_POINT('',(-5.670926758E+03,1.959381242322E+03,35.2));
#407 = VECTOR('',#408,1.);
#408 = DIRECTION('',(0.,-1.,0.));
#409 = ORIENTED_EDGE('',*,*,#410,.F.);
#410 = EDGE_CURVE('',#411,#403,#413,.T.);
#411 = VERTEX_POINT('',#412);
#412 = CARTESIAN_POINT('',(-5.667926758E+03,1.947281242322E+03,35.2));
#413 = LINE('',#414,#415);
#414 = CARTESIAN_POINT('',(-5.668426758E+03,1.947281242322E+03,35.2));
#415 = VECTOR('',#416,1.);
#416 = DIRECTION('',(-1.,0.,1.441E-14));
#417 = ORIENTED_EDGE('',*,*,#418,.F.);
#418 = EDGE_CURVE('',#419,#411,#421,.T.);
#419 = VERTEX_POINT('',#420);
#420 = CARTESIAN_POINT('',(-5.667926758E+03,1.942281242322E+03,35.2));
#421 = LINE('',#422,#423);
#422 = CARTESIAN_POINT('',(-5.667926758E+03,1.942281242322E+03,
    35.199999999997));
#423 = VECTOR('',#424,1.);
#424 = DIRECTION('',(0.,1.,0.));
#425 = ORIENTED_EDGE('',*,*,#426,.F.);
#426 = EDGE_CURVE('',#369,#419,#427,.T.);
#427 = LINE('',#428,#429);
#428 = CARTESIAN_POINT('',(-5.668426758E+03,1.942281242322E+03,35.2));
#429 = VECTOR('',#430,1.);
#430 = DIRECTION('',(1.,0.,-1.441E-14));
#431 = FACE_BOUND('',#432,.T.);
#432 = EDGE_LOOP('',(#433));
#433 = ORIENTED_EDGE('',*,*,#434,.F.);
#434 = EDGE_CURVE('',#435,#435,#437,.T.);
#435 = VERTEX_POINT('',#436);
#436 = CARTESIAN_POINT('',(-5.665926758E+03,1.949531242322E+03,35.2));
#437 = CIRCLE('',#438,1.);
#438 = AXIS2_PLACEMENT_3D('',#439,#440,#441);
#439 = CARTESIAN_POINT('',(-5.666926758E+03,1.949531242322E+03,
    35.200000000001));
#440 = DIRECTION('',(0.,-4.4E-16,1.));
#441 = DIRECTION('',(1.,0.,0.));
#442 = PLANE('',#443);
#443 = AXIS2_PLACEMENT_3D('',#444,#445,#446);
#444 = CARTESIAN_POINT('',(-5.695013177753E+03,1.944781242166E+03,
    35.199999999998));
#445 = DIRECTION('',(1.441E-14,6.2E-16,1.));
#446 = DIRECTION('',(1.,0.,-1.441E-14));
#447 = ADVANCED_FACE('',(#448,#459,#485,#511,#569),#595,.T.);
#448 = FACE_BOUND('',#449,.T.);
#449 = EDGE_LOOP('',(#450,#451,#452,#458));
#450 = ORIENTED_EDGE('',*,*,#39,.F.);
#451 = ORIENTED_EDGE('',*,*,#244,.T.);
#452 = ORIENTED_EDGE('',*,*,#453,.T.);
#453 = EDGE_CURVE('',#237,#304,#454,.T.);
#454 = LINE('',#455,#456);
#455 = CARTESIAN_POINT('',(-5.663926758E+03,1.959381242322E+03,
    5.999999999999));
#456 = VECTOR('',#457,1.);
#457 = DIRECTION('',(0.,1.1E-16,1.));
#458 = ORIENTED_EDGE('',*,*,#303,.F.);
#459 = FACE_BOUND('',#460,.T.);
#460 = EDGE_LOOP('',(#461,#471,#479));
#461 = ORIENTED_EDGE('',*,*,#462,.F.);
#462 = EDGE_CURVE('',#463,#465,#467,.T.);
#463 = VERTEX_POINT('',#464);
#464 = CARTESIAN_POINT('',(-5.663926758E+03,1.947526969509E+03,
    20.595241945657));
#465 = VERTEX_POINT('',#466);
#466 = CARTESIAN_POINT('',(-5.663926758E+03,1.955381242322E+03,12.));
#467 = LINE('',#468,#469);
#468 = CARTESIAN_POINT('',(-5.663926758E+03,1.95157516748E+03,
    16.165138506402));
#469 = VECTOR('',#470,1.);
#470 = DIRECTION('',(0.,0.674571099885,-0.738209882893));
#471 = ORIENTED_EDGE('',*,*,#472,.F.);
#472 = EDGE_CURVE('',#473,#463,#475,.T.);
#473 = VERTEX_POINT('',#474);
#474 = CARTESIAN_POINT('',(-5.663926758E+03,1.955381242322E+03,29.2));
#475 = LINE('',#476,#477);
#476 = CARTESIAN_POINT('',(-5.663926758E+03,1.946157303289E+03,
    19.094702465984));
#477 = VECTOR('',#478,1.);
#478 = DIRECTION('',(0.,-0.674164248279,-0.738581455455));
#479 = ORIENTED_EDGE('',*,*,#480,.T.);
#480 = EDGE_CURVE('',#473,#465,#481,.T.);
#481 = LINE('',#482,#483);
#482 = CARTESIAN_POINT('',(-5.663926758E+03,1.955381242322E+03,
    14.800000000004));
#483 = VECTOR('',#484,1.);
#484 = DIRECTION('',(0.,1.1E-16,-1.));
#485 = FACE_BOUND('',#486,.T.);
#486 = EDGE_LOOP('',(#487,#497,#505));
#487 = ORIENTED_EDGE('',*,*,#488,.F.);
#488 = EDGE_CURVE('',#489,#491,#493,.T.);
#489 = VERTEX_POINT('',#490);
#490 = CARTESIAN_POINT('',(-5.663926758E+03,1.944781242322E+03,23.6));
#491 = VERTEX_POINT('',#492);
#492 = CARTESIAN_POINT('',(-5.663926758E+03,1.949898483701E+03,29.2));
#493 = LINE('',#494,#495);
#494 = CARTESIAN_POINT('',(-5.663926758E+03,1.945845937854E+03,
    24.7651385064));
#495 = VECTOR('',#496,1.);
#496 = DIRECTION('',(0.,0.674571099885,0.738209882893));
#497 = ORIENTED_EDGE('',*,*,#498,.T.);
#498 = EDGE_CURVE('',#489,#499,#501,.T.);
#499 = VERTEX_POINT('',#500);
#500 = CARTESIAN_POINT('',(-5.663926758E+03,1.9396698E+03,29.2));
#501 = LINE('',#502,#503);
#502 = CARTESIAN_POINT('',(-5.663926758E+03,1.943719293077E+03,
    24.763451605123));
#503 = VECTOR('',#504,1.);
#504 = DIRECTION('',(0.,-0.674154187388,0.738590638735));
#505 = ORIENTED_EDGE('',*,*,#506,.T.);
#506 = EDGE_CURVE('',#499,#491,#507,.T.);
#507 = LINE('',#508,#509);
#508 = CARTESIAN_POINT('',(-5.663926758E+03,1.947339863012E+03,29.2));
#509 = VECTOR('',#510,1.);
#510 = DIRECTION('',(0.,1.,1.1E-16));
#511 = FACE_BOUND('',#512,.T.);
#512 = EDGE_LOOP('',(#513,#523,#531,#539,#547,#555,#563));
#513 = ORIENTED_EDGE('',*,*,#514,.F.);
#514 = EDGE_CURVE('',#515,#517,#519,.T.);
#515 = VERTEX_POINT('',#516);
#516 = CARTESIAN_POINT('',(-5.663926758E+03,1.940281242322E+03,
    2.999999999999));
#517 = VERTEX_POINT('',#518);
#518 = CARTESIAN_POINT('',(-5.663926758E+03,1.949281242322E+03,
    2.999999999999));
#519 = LINE('',#520,#521);
#520 = CARTESIAN_POINT('',(-5.663926758E+03,1.940281242322E+03,
    2.999999999998));
#521 = VECTOR('',#522,1.);
#522 = DIRECTION('',(0.,1.,0.));
#523 = ORIENTED_EDGE('',*,*,#524,.F.);
#524 = EDGE_CURVE('',#525,#515,#527,.T.);
#525 = VERTEX_POINT('',#526);
#526 = CARTESIAN_POINT('',(-5.663926758E+03,1.940281242322E+03,6.));
#527 = LINE('',#528,#529);
#528 = CARTESIAN_POINT('',(-5.663926758E+03,1.940281242322E+03,
    20.199999999998));
#529 = VECTOR('',#530,1.);
#530 = DIRECTION('',(0.,0.,-1.));
#531 = ORIENTED_EDGE('',*,*,#532,.T.);
#532 = EDGE_CURVE('',#525,#533,#535,.T.);
#533 = VERTEX_POINT('',#534);
#534 = CARTESIAN_POINT('',(-5.663926758E+03,1.934181242322E+03,6.));
#535 = LINE('',#536,#537);
#536 = CARTESIAN_POINT('',(-5.663926758E+03,1.939481242322E+03,6.));
#537 = VECTOR('',#538,1.);
#538 = DIRECTION('',(0.,-1.,-1.1E-16));
#539 = ORIENTED_EDGE('',*,*,#540,.T.);
#540 = EDGE_CURVE('',#533,#541,#543,.T.);
#541 = VERTEX_POINT('',#542);
#542 = CARTESIAN_POINT('',(-5.663926758E+03,1.944781242322E+03,17.6));
#543 = LINE('',#544,#545);
#544 = CARTESIAN_POINT('',(-5.663926758E+03,1.944781242322E+03,
    17.600000000001));
#545 = VECTOR('',#546,1.);
#546 = DIRECTION('',(0.,0.674571099885,0.738209882893));
#547 = ORIENTED_EDGE('',*,*,#548,.T.);
#548 = EDGE_CURVE('',#541,#549,#551,.T.);
#549 = VERTEX_POINT('',#550);
#550 = CARTESIAN_POINT('',(-5.663926758E+03,1.955381242322E+03,6.));
#551 = LINE('',#552,#553);
#552 = CARTESIAN_POINT('',(-5.663926758E+03,1.950081242322E+03,
    11.800000000003));
#553 = VECTOR('',#554,1.);
#554 = DIRECTION('',(0.,0.674571099885,-0.738209882893));
#555 = ORIENTED_EDGE('',*,*,#556,.T.);
#556 = EDGE_CURVE('',#549,#557,#559,.T.);
#557 = VERTEX_POINT('',#558);
#558 = CARTESIAN_POINT('',(-5.663926758E+03,1.949281242322E+03,6.));
#559 = LINE('',#560,#561);
#560 = CARTESIAN_POINT('',(-5.663926758E+03,1.939481242322E+03,6.));
#561 = VECTOR('',#562,1.);
#562 = DIRECTION('',(0.,-1.,-1.1E-16));
#563 = ORIENTED_EDGE('',*,*,#564,.F.);
#564 = EDGE_CURVE('',#517,#557,#565,.T.);
#565 = LINE('',#566,#567);
#566 = CARTESIAN_POINT('',(-5.663926758E+03,1.949281242322E+03,
    2.999999999998));
#567 = VECTOR('',#568,1.);
#568 = DIRECTION('',(0.,0.,1.));
#569 = FACE_BOUND('',#570,.T.);
#570 = EDGE_LOOP('',(#571,#581,#589));
#571 = ORIENTED_EDGE('',*,*,#572,.T.);
#572 = EDGE_CURVE('',#573,#575,#577,.T.);
#573 = VERTEX_POINT('',#574);
#574 = CARTESIAN_POINT('',(-5.663926758E+03,1.934181242322E+03,29.2));
#575 = VERTEX_POINT('',#576);
#576 = CARTESIAN_POINT('',(-5.663926758E+03,1.942040540014E+03,
    20.600740871075));
#577 = LINE('',#578,#579);
#578 = CARTESIAN_POINT('',(-5.663926758E+03,1.943411388767E+03,
    19.100825215979));
#579 = VECTOR('',#580,1.);
#580 = DIRECTION('',(0.,0.674634435495,-0.738152002262));
#581 = ORIENTED_EDGE('',*,*,#582,.T.);
#582 = EDGE_CURVE('',#575,#583,#585,.T.);
#583 = VERTEX_POINT('',#584);
#584 = CARTESIAN_POINT('',(-5.663926758E+03,1.934181242322E+03,12.));
#585 = LINE('',#586,#587);
#586 = CARTESIAN_POINT('',(-5.663926758E+03,1.937987317164E+03,
    16.1651385064));
#587 = VECTOR('',#588,1.);
#588 = DIRECTION('',(0.,-0.674571099885,-0.738209882893));
#589 = ORIENTED_EDGE('',*,*,#590,.T.);
#590 = EDGE_CURVE('',#583,#573,#591,.T.);
#591 = LINE('',#592,#593);
#592 = CARTESIAN_POINT('',(-5.663926758E+03,1.934181242322E+03,
    23.400000000004));
#593 = VECTOR('',#594,1.);
#594 = DIRECTION('',(0.,-1.1E-16,1.));
#595 = PLANE('',#596);
#596 = AXIS2_PLACEMENT_3D('',#597,#598,#599);
#597 = CARTESIAN_POINT('',(-5.663926758E+03,1.944781242322E+03,
    17.600000000006));
#598 = DIRECTION('',(1.,0.,0.));
#599 = DIRECTION('',(0.,0.,1.));
#600 = ADVANCED_FACE('',(#601),#626,.F.);
#601 = FACE_BOUND('',#602,.F.);
#602 = EDGE_LOOP('',(#603,#604,#612,#620));
#603 = ORIENTED_EDGE('',*,*,#55,.F.);
#604 = ORIENTED_EDGE('',*,*,#605,.T.);
#605 = EDGE_CURVE('',#56,#606,#608,.T.);
#606 = VERTEX_POINT('',#607);
#607 = CARTESIAN_POINT('',(-5.707926758E+03,1.934181242322E+03,
    23.200000000001));
#608 = LINE('',#609,#610);
#609 = CARTESIAN_POINT('',(-5.707926758E+03,1.930181242322E+03,
    23.199999999999));
#610 = VECTOR('',#611,1.);
#611 = DIRECTION('',(5.778E-14,1.,9.282E-14));
#612 = ORIENTED_EDGE('',*,*,#613,.T.);
#613 = EDGE_CURVE('',#606,#614,#616,.T.);
#614 = VERTEX_POINT('',#615);
#615 = CARTESIAN_POINT('',(-5.707926758E+03,1.934181242322E+03,
    12.000000000002));
#616 = LINE('',#617,#618);
#617 = CARTESIAN_POINT('',(-5.707926758E+03,1.934181242322E+03,
    14.599999999999));
#618 = VECTOR('',#619,1.);
#619 = DIRECTION('',(0.,0.,-1.));
#620 = ORIENTED_EDGE('',*,*,#621,.F.);
#621 = EDGE_CURVE('',#58,#614,#622,.T.);
#622 = LINE('',#623,#624);
#623 = CARTESIAN_POINT('',(-5.707926758E+03,1.930181242322E+03,12.));
#624 = VECTOR('',#625,1.);
#625 = DIRECTION('',(5.778E-14,1.,9.282E-14));
#626 = PLANE('',#627);
#627 = AXIS2_PLACEMENT_3D('',#628,#629,#630);
#628 = CARTESIAN_POINT('',(-5.707926758E+03,1.930181242322E+03,
    23.199999999999));
#629 = DIRECTION('',(-1.,5.778E-14,0.));
#630 = DIRECTION('',(5.3631396E-27,9.282E-14,-1.));
#631 = ADVANCED_FACE('',(#632),#650,.F.);
#632 = FACE_BOUND('',#633,.F.);
#633 = EDGE_LOOP('',(#634,#635,#636,#644));
#634 = ORIENTED_EDGE('',*,*,#73,.F.);
#635 = ORIENTED_EDGE('',*,*,#621,.T.);
#636 = ORIENTED_EDGE('',*,*,#637,.T.);
#637 = EDGE_CURVE('',#614,#638,#640,.T.);
#638 = VERTEX_POINT('',#639);
#639 = CARTESIAN_POINT('',(-5.697508261333E+03,1.934181242322E+03,
    17.60005804158));
#640 = LINE('',#641,#642);
#641 = CARTESIAN_POINT('',(-5.694824711486E+03,1.934181242322E+03,
    19.042495984832));
#642 = VECTOR('',#643,1.);
#643 = DIRECTION('',(0.880820304295,0.,0.473450727681));
#644 = ORIENTED_EDGE('',*,*,#645,.F.);
#645 = EDGE_CURVE('',#66,#638,#646,.T.);
#646 = LINE('',#647,#648);
#647 = CARTESIAN_POINT('',(-5.697508261333E+03,1.930181242322E+03,
    17.600058041579));
#648 = VECTOR('',#649,1.);
#649 = DIRECTION('',(5.778E-14,1.,9.282E-14));
#650 = PLANE('',#651);
#651 = AXIS2_PLACEMENT_3D('',#652,#653,#654);
#652 = CARTESIAN_POINT('',(-5.707926758E+03,1.930181242322E+03,12.));
#653 = DIRECTION('',(0.473450727681,5.44E-14,-0.880820304295));
#654 = DIRECTION('',(0.880820304295,-9.484E-14,0.473450727681));
#655 = ADVANCED_FACE('',(#656),#667,.T.);
#656 = FACE_BOUND('',#657,.T.);
#657 = EDGE_LOOP('',(#658,#659,#660,#666));
#658 = ORIENTED_EDGE('',*,*,#65,.F.);
#659 = ORIENTED_EDGE('',*,*,#605,.T.);
#660 = ORIENTED_EDGE('',*,*,#661,.T.);
#661 = EDGE_CURVE('',#606,#638,#662,.T.);
#662 = LINE('',#663,#664);
#663 = CARTESIAN_POINT('',(-5.689987128954E+03,1.934181242322E+03,
    13.557449387804));
#664 = VECTOR('',#665,1.);
#665 = DIRECTION('',(0.880824397016,0.,-0.473443113396));
#666 = ORIENTED_EDGE('',*,*,#645,.F.);
#667 = PLANE('',#668);
#668 = AXIS2_PLACEMENT_3D('',#669,#670,#671);
#669 = CARTESIAN_POINT('',(-5.707926758E+03,1.930181242322E+03,
    23.199999999999));
#670 = DIRECTION('',(-0.473443113396,1.0911E-13,-0.880824397016));
#671 = DIRECTION('',(0.880824397016,-6.95E-15,-0.473443113396));
#672 = ADVANCED_FACE('',(#673),#698,.F.);
#673 = FACE_BOUND('',#674,.F.);
#674 = EDGE_LOOP('',(#675,#676,#684,#692));
#675 = ORIENTED_EDGE('',*,*,#81,.F.);
#676 = ORIENTED_EDGE('',*,*,#677,.T.);
#677 = EDGE_CURVE('',#82,#678,#680,.T.);
#678 = VERTEX_POINT('',#679);
#679 = CARTESIAN_POINT('',(-5.701926758E+03,1.934181242322E+03,
    29.200000000001));
#680 = LINE('',#681,#682);
#681 = CARTESIAN_POINT('',(-5.701926758E+03,1.930181242322E+03,
    29.199999999999));
#682 = VECTOR('',#683,1.);
#683 = DIRECTION('',(5.778E-14,1.,9.282E-14));
#684 = ORIENTED_EDGE('',*,*,#685,.T.);
#685 = EDGE_CURVE('',#678,#686,#688,.T.);
#686 = VERTEX_POINT('',#687);
#687 = CARTESIAN_POINT('',(-5.68892662316E+03,1.934181242322E+03,
    22.212427523463));
#688 = LINE('',#689,#690);
#689 = CARTESIAN_POINT('',(-5.685063623075E+03,1.934181242322E+03,
    20.136064977573));
#690 = VECTOR('',#691,1.);
#691 = DIRECTION('',(0.880824397016,0.,-0.473443113396));
#692 = ORIENTED_EDGE('',*,*,#693,.F.);
#693 = EDGE_CURVE('',#84,#686,#694,.T.);
#694 = LINE('',#695,#696);
#695 = CARTESIAN_POINT('',(-5.68892662316E+03,1.930181242322E+03,
    22.212427523461));
#696 = VECTOR('',#697,1.);
#697 = DIRECTION('',(5.778E-14,1.,9.282E-14));
#698 = PLANE('',#699);
#699 = AXIS2_PLACEMENT_3D('',#700,#701,#702);
#700 = CARTESIAN_POINT('',(-5.701926758E+03,1.930181242322E+03,
    29.199999999999));
#701 = DIRECTION('',(-0.473443113396,1.0911E-13,-0.880824397016));
#702 = DIRECTION('',(0.880824397016,-6.95E-15,-0.473443113396));
#703 = ADVANCED_FACE('',(#704),#722,.F.);
#704 = FACE_BOUND('',#705,.F.);
#705 = EDGE_LOOP('',(#706,#707,#708,#716));
#706 = ORIENTED_EDGE('',*,*,#99,.F.);
#707 = ORIENTED_EDGE('',*,*,#693,.T.);
#708 = ORIENTED_EDGE('',*,*,#709,.T.);
#709 = EDGE_CURVE('',#686,#710,#712,.T.);
#710 = VERTEX_POINT('',#711);
#711 = CARTESIAN_POINT('',(-5.675926758E+03,1.934181242322E+03,
    29.200000000001));
#712 = LINE('',#713,#714);
#713 = CARTESIAN_POINT('',(-5.685324569776E+03,1.934181242322E+03,
    24.148571381317));
#714 = VECTOR('',#715,1.);
#715 = DIRECTION('',(0.880820301236,0.,0.473450733371));
#716 = ORIENTED_EDGE('',*,*,#717,.F.);
#717 = EDGE_CURVE('',#92,#710,#718,.T.);
#718 = LINE('',#719,#720);
#719 = CARTESIAN_POINT('',(-5.675926758E+03,1.930181242322E+03,29.2));
#720 = VECTOR('',#721,1.);
#721 = DIRECTION('',(5.778E-14,1.,9.282E-14));
#722 = PLANE('',#723);
#723 = AXIS2_PLACEMENT_3D('',#724,#725,#726);
#724 = CARTESIAN_POINT('',(-5.68892662316E+03,1.930181242322E+03,
    22.212427523461));
#725 = DIRECTION('',(0.473450733371,5.44E-14,-0.880820301236));
#726 = DIRECTION('',(0.880820301236,-9.484E-14,0.473450733371));
#727 = ADVANCED_FACE('',(#728),#739,.T.);
#728 = FACE_BOUND('',#729,.T.);
#729 = EDGE_LOOP('',(#730,#731,#732,#738));
#730 = ORIENTED_EDGE('',*,*,#91,.F.);
#731 = ORIENTED_EDGE('',*,*,#677,.T.);
#732 = ORIENTED_EDGE('',*,*,#733,.T.);
#733 = EDGE_CURVE('',#678,#710,#734,.T.);
#734 = LINE('',#735,#736);
#735 = CARTESIAN_POINT('',(-5.686426758E+03,1.934181242322E+03,29.2));
#736 = VECTOR('',#737,1.);
#737 = DIRECTION('',(1.,0.,8.2E-15));
#738 = ORIENTED_EDGE('',*,*,#717,.F.);
#739 = PLANE('',#740);
#740 = AXIS2_PLACEMENT_3D('',#741,#742,#743);
#741 = CARTESIAN_POINT('',(-5.701926758E+03,1.930181242322E+03,
    29.199999999999));
#742 = DIRECTION('',(8.2E-15,9.282E-14,-1.));
#743 = DIRECTION('',(1.,-5.778E-14,8.199999999995E-15));
#744 = ADVANCED_FACE('',(#745),#809,.T.);
#745 = FACE_BOUND('',#746,.T.);
#746 = EDGE_LOOP('',(#747,#755,#756,#764,#772,#778,#779,#787,#795,#803)
  );
#747 = ORIENTED_EDGE('',*,*,#748,.F.);
#748 = EDGE_CURVE('',#108,#749,#751,.T.);
#749 = VERTEX_POINT('',#750);
#750 = CARTESIAN_POINT('',(-5.701926758E+03,1.934181242322E+03,
    6.000000000001));
#751 = LINE('',#752,#753);
#752 = CARTESIAN_POINT('',(-5.701926758E+03,1.930181242322E+03,6.));
#753 = VECTOR('',#754,1.);
#754 = DIRECTION('',(5.778E-14,1.,9.282E-14));
#755 = ORIENTED_EDGE('',*,*,#107,.T.);
#756 = ORIENTED_EDGE('',*,*,#757,.T.);
#757 = EDGE_CURVE('',#110,#758,#760,.T.);
#758 = VERTEX_POINT('',#759);
#759 = CARTESIAN_POINT('',(-5.675926758E+03,1.934181242322E+03,
    6.000000000001));
#760 = LINE('',#761,#762);
#761 = CARTESIAN_POINT('',(-5.675926758E+03,1.930181242322E+03,6.));
#762 = VECTOR('',#763,1.);
#763 = DIRECTION('',(5.778E-14,1.,9.282E-14));
#764 = ORIENTED_EDGE('',*,*,#765,.F.);
#765 = EDGE_CURVE('',#766,#758,#768,.T.);
#766 = VERTEX_POINT('',#767);
#767 = CARTESIAN_POINT('',(-5.670926758E+03,1.934181242322E+03,
    6.000000000001));
#768 = LINE('',#769,#770);
#769 = CARTESIAN_POINT('',(-5.670926758E+03,1.934181242322E+03,6.));
#770 = VECTOR('',#771,1.);
#771 = DIRECTION('',(-1.,0.,0.));
#772 = ORIENTED_EDGE('',*,*,#773,.T.);
#773 = EDGE_CURVE('',#766,#533,#774,.T.);
#774 = LINE('',#775,#776);
#775 = CARTESIAN_POINT('',(-5.719926758E+03,1.934181242322E+03,6.));
#776 = VECTOR('',#777,1.);
#777 = DIRECTION('',(1.,2.2E-16,0.));
#778 = ORIENTED_EDGE('',*,*,#532,.F.);
#779 = ORIENTED_EDGE('',*,*,#780,.T.);
#780 = EDGE_CURVE('',#525,#781,#783,.T.);
#781 = VERTEX_POINT('',#782);
#782 = CARTESIAN_POINT('',(-5.719926758E+03,1.940281242322E+03,
    6.000000000002));
#783 = LINE('',#784,#785);
#784 = CARTESIAN_POINT('',(-5.712926758E+03,1.940281242322E+03,
    6.000000000002));
#785 = VECTOR('',#786,1.);
#786 = DIRECTION('',(-1.,2.2E-16,0.));
#787 = ORIENTED_EDGE('',*,*,#788,.F.);
#788 = EDGE_CURVE('',#789,#781,#791,.T.);
#789 = VERTEX_POINT('',#790);
#790 = CARTESIAN_POINT('',(-5.719926758E+03,1.934181242322E+03,6.));
#791 = LINE('',#792,#793);
#792 = CARTESIAN_POINT('',(-5.719926758E+03,1.934181242322E+03,6.));
#793 = VECTOR('',#794,1.);
#794 = DIRECTION('',(0.,1.,0.));
#795 = ORIENTED_EDGE('',*,*,#796,.T.);
#796 = EDGE_CURVE('',#789,#797,#799,.T.);
#797 = VERTEX_POINT('',#798);
#798 = CARTESIAN_POINT('',(-5.712926758E+03,1.934181242322E+03,
    6.000000000001));
#799 = LINE('',#800,#801);
#800 = CARTESIAN_POINT('',(-5.719926758E+03,1.934181242322E+03,6.));
#801 = VECTOR('',#802,1.);
#802 = DIRECTION('',(1.,2.2E-16,0.));
#803 = ORIENTED_EDGE('',*,*,#804,.F.);
#804 = EDGE_CURVE('',#749,#797,#805,.T.);
#805 = LINE('',#806,#807);
#806 = CARTESIAN_POINT('',(-5.670926758E+03,1.934181242322E+03,6.));
#807 = VECTOR('',#808,1.);
#808 = DIRECTION('',(-1.,0.,0.));
#809 = PLANE('',#810);
#810 = AXIS2_PLACEMENT_3D('',#811,#812,#813);
#811 = CARTESIAN_POINT('',(-5.691745214884E+03,1.936138957904E+03,
    6.000000000001));
#812 = DIRECTION('',(4.33E-15,9.97E-14,1.));
#813 = DIRECTION('',(0.,1.,-9.97E-14));
#814 = ADVANCED_FACE('',(#815),#833,.T.);
#815 = FACE_BOUND('',#816,.T.);
#816 = EDGE_LOOP('',(#817,#818,#826,#832));
#817 = ORIENTED_EDGE('',*,*,#125,.F.);
#818 = ORIENTED_EDGE('',*,*,#819,.T.);
#819 = EDGE_CURVE('',#118,#820,#822,.T.);
#820 = VERTEX_POINT('',#821);
#821 = CARTESIAN_POINT('',(-5.6889257899E+03,1.934181242322E+03,
    12.988020353725));
#822 = LINE('',#823,#824);
#823 = CARTESIAN_POINT('',(-5.6889257899E+03,1.930181242322E+03,
    12.988020353724));
#824 = VECTOR('',#825,1.);
#825 = DIRECTION('',(5.778E-14,1.,9.282E-14));
#826 = ORIENTED_EDGE('',*,*,#827,.T.);
#827 = EDGE_CURVE('',#820,#758,#828,.T.);
#828 = LINE('',#829,#830);
#829 = CARTESIAN_POINT('',(-5.680486774421E+03,1.934181242322E+03,
    8.451373902989));
#830 = VECTOR('',#831,1.);
#831 = DIRECTION('',(0.880794988391,3.2E-16,-0.473497823042));
#832 = ORIENTED_EDGE('',*,*,#757,.F.);
#833 = PLANE('',#834);
#834 = AXIS2_PLACEMENT_3D('',#835,#836,#837);
#835 = CARTESIAN_POINT('',(-5.6889257899E+03,1.930181242322E+03,
    12.988020353724));
#836 = DIRECTION('',(-0.473497823042,1.0911E-13,-0.880794988391));
#837 = DIRECTION('',(0.880794988391,-6.94E-15,-0.473497823042));
#838 = ADVANCED_FACE('',(#839),#850,.T.);
#839 = FACE_BOUND('',#840,.T.);
#840 = EDGE_LOOP('',(#841,#842,#843,#849));
#841 = ORIENTED_EDGE('',*,*,#117,.F.);
#842 = ORIENTED_EDGE('',*,*,#748,.T.);
#843 = ORIENTED_EDGE('',*,*,#844,.T.);
#844 = EDGE_CURVE('',#749,#820,#845,.T.);
#845 = LINE('',#846,#847);
#846 = CARTESIAN_POINT('',(-5.689901057915E+03,1.934181242322E+03,
    12.463813795613));
#847 = VECTOR('',#848,1.);
#848 = DIRECTION('',(0.880824397016,-3.2E-16,0.473443113396));
#849 = ORIENTED_EDGE('',*,*,#819,.F.);
#850 = PLANE('',#851);
#851 = AXIS2_PLACEMENT_3D('',#852,#853,#854);
#852 = CARTESIAN_POINT('',(-5.701926758E+03,1.930181242322E+03,6.));
#853 = DIRECTION('',(0.473443113396,5.44E-14,-0.880824397016));
#854 = DIRECTION('',(0.880824397016,-9.484E-14,0.473443113396));
#855 = ADVANCED_FACE('',(#856),#881,.T.);
#856 = FACE_BOUND('',#857,.T.);
#857 = EDGE_LOOP('',(#858,#866,#867,#875));
#858 = ORIENTED_EDGE('',*,*,#859,.F.);
#859 = EDGE_CURVE('',#134,#860,#862,.T.);
#860 = VERTEX_POINT('',#861);
#861 = CARTESIAN_POINT('',(-5.669926758E+03,1.934181242322E+03,
    12.000000000001));
#862 = LINE('',#863,#864);
#863 = CARTESIAN_POINT('',(-5.669926758E+03,1.930181242322E+03,12.));
#864 = VECTOR('',#865,1.);
#865 = DIRECTION('',(5.778E-14,1.,9.282E-14));
#866 = ORIENTED_EDGE('',*,*,#133,.T.);
#867 = ORIENTED_EDGE('',*,*,#868,.T.);
#868 = EDGE_CURVE('',#136,#869,#871,.T.);
#869 = VERTEX_POINT('',#870);
#870 = CARTESIAN_POINT('',(-5.669926758E+03,1.934181242322E+03,
    23.200000000001));
#871 = LINE('',#872,#873);
#872 = CARTESIAN_POINT('',(-5.669926758E+03,1.930181242322E+03,23.2));
#873 = VECTOR('',#874,1.);
#874 = DIRECTION('',(5.778E-14,1.,9.282E-14));
#875 = ORIENTED_EDGE('',*,*,#876,.T.);
#876 = EDGE_CURVE('',#869,#860,#877,.T.);
#877 = LINE('',#878,#879);
#878 = CARTESIAN_POINT('',(-5.669926758E+03,1.934181242322E+03,
    23.165402843529));
#879 = VECTOR('',#880,1.);
#880 = DIRECTION('',(-9.85E-15,1.1E-16,-1.));
#881 = PLANE('',#882);
#882 = AXIS2_PLACEMENT_3D('',#883,#884,#885);
#883 = CARTESIAN_POINT('',(-5.669926758E+03,1.944781242322E+03,
    17.130805687058));
#884 = DIRECTION('',(-1.,6.154E-14,9.85E-15));
#885 = DIRECTION('',(-6.154E-14,-1.,0.));
#886 = ADVANCED_FACE('',(#887),#905,.T.);
#887 = FACE_BOUND('',#888,.T.);
#888 = EDGE_LOOP('',(#889,#890,#898,#904));
#889 = ORIENTED_EDGE('',*,*,#151,.F.);
#890 = ORIENTED_EDGE('',*,*,#891,.T.);
#891 = EDGE_CURVE('',#144,#892,#894,.T.);
#892 = VERTEX_POINT('',#893);
#893 = CARTESIAN_POINT('',(-5.680346910617E+03,1.934181242322E+03,
    17.600832031475));
#894 = LINE('',#895,#896);
#895 = CARTESIAN_POINT('',(-5.680346910617E+03,1.930181242322E+03,
    17.600832031474));
#896 = VECTOR('',#897,1.);
#897 = DIRECTION('',(5.778E-14,1.,9.282E-14));
#898 = ORIENTED_EDGE('',*,*,#899,.T.);
#899 = EDGE_CURVE('',#892,#869,#900,.T.);
#900 = LINE('',#901,#902);
#901 = CARTESIAN_POINT('',(-5.679110597877E+03,1.934181242322E+03,
    18.265152694325));
#902 = VECTOR('',#903,1.);
#903 = DIRECTION('',(0.880883054172,-3.2E-16,0.473333967588));
#904 = ORIENTED_EDGE('',*,*,#868,.F.);
#905 = PLANE('',#906);
#906 = AXIS2_PLACEMENT_3D('',#907,#908,#909);
#907 = CARTESIAN_POINT('',(-5.680346910617E+03,1.930181242322E+03,
    17.600832031474));
#908 = DIRECTION('',(0.473333967588,5.442E-14,-0.880883054172));
#909 = DIRECTION('',(0.880883054172,-9.483E-14,0.473333967588));
#910 = ADVANCED_FACE('',(#911),#922,.T.);
#911 = FACE_BOUND('',#912,.T.);
#912 = EDGE_LOOP('',(#913,#914,#915,#921));
#913 = ORIENTED_EDGE('',*,*,#143,.F.);
#914 = ORIENTED_EDGE('',*,*,#859,.T.);
#915 = ORIENTED_EDGE('',*,*,#916,.T.);
#916 = EDGE_CURVE('',#860,#892,#917,.T.);
#917 = LINE('',#918,#919);
#918 = CARTESIAN_POINT('',(-5.692909422565E+03,1.934181242322E+03,
    24.353182203904));
#919 = VECTOR('',#920,1.);
#920 = DIRECTION('',(-0.880824397016,-2.5E-16,0.473443113396));
#921 = ORIENTED_EDGE('',*,*,#891,.F.);
#922 = PLANE('',#923);
#923 = AXIS2_PLACEMENT_3D('',#924,#925,#926);
#924 = CARTESIAN_POINT('',(-5.669926758E+03,1.930181242322E+03,12.));
#925 = DIRECTION('',(0.473443113396,-1.0911E-13,0.880824397016));
#926 = DIRECTION('',(-0.880824397016,6.95E-15,0.473443113396));
#927 = ADVANCED_FACE('',(#928),#939,.T.);
#928 = FACE_BOUND('',#929,.T.);
#929 = EDGE_LOOP('',(#930,#931,#932,#933));
#930 = ORIENTED_EDGE('',*,*,#252,.T.);
#931 = ORIENTED_EDGE('',*,*,#173,.T.);
#932 = ORIENTED_EDGE('',*,*,#295,.F.);
#933 = ORIENTED_EDGE('',*,*,#934,.F.);
#934 = EDGE_CURVE('',#253,#286,#935,.T.);
#935 = LINE('',#936,#937);
#936 = CARTESIAN_POINT('',(-5.719926758E+03,1.924181242E+03,0.));
#937 = VECTOR('',#938,1.);
#938 = DIRECTION('',(0.,0.,1.));
#939 = PLANE('',#940);
#940 = AXIS2_PLACEMENT_3D('',#941,#942,#943);
#941 = CARTESIAN_POINT('',(-5.719926758E+03,1.924181242E+03,2.1363E-13)
  );
#942 = DIRECTION('',(2.2E-16,-1.,-1.1E-16));
#943 = DIRECTION('',(0.,-1.1E-16,1.));
#944 = ADVANCED_FACE('',(#945),#964,.F.);
#945 = FACE_BOUND('',#946,.F.);
#946 = EDGE_LOOP('',(#947,#948,#956,#963));
#947 = ORIENTED_EDGE('',*,*,#190,.F.);
#948 = ORIENTED_EDGE('',*,*,#949,.T.);
#949 = EDGE_CURVE('',#191,#950,#952,.T.);
#950 = VERTEX_POINT('',#951);
#951 = CARTESIAN_POINT('',(-5.719926758E+03,1.928581242E+03,8.8));
#952 = LINE('',#953,#954);
#953 = CARTESIAN_POINT('',(-5.713926758E+03,1.928581242E+03,8.8));
#954 = VECTOR('',#955,1.);
#955 = DIRECTION('',(-1.,2.2E-16,0.));
#956 = ORIENTED_EDGE('',*,*,#957,.T.);
#957 = EDGE_CURVE('',#950,#950,#958,.T.);
#958 = CIRCLE('',#959,1.4);
#959 = AXIS2_PLACEMENT_3D('',#960,#961,#962);
#960 = CARTESIAN_POINT('',(-5.719926758E+03,1.927181242E+03,8.8));
#961 = DIRECTION('',(1.,-2.2E-16,0.));
#962 = DIRECTION('',(2.2E-16,1.,1.1E-16));
#963 = ORIENTED_EDGE('',*,*,#949,.F.);
#964 = CYLINDRICAL_SURFACE('',#965,1.4);
#965 = AXIS2_PLACEMENT_3D('',#966,#967,#968);
#966 = CARTESIAN_POINT('',(-5.713926758E+03,1.927181242E+03,8.8));
#967 = DIRECTION('',(1.,-2.2E-16,0.));
#968 = DIRECTION('',(2.2E-16,1.,1.1E-16));
#969 = ADVANCED_FACE('',(#970),#989,.F.);
#970 = FACE_BOUND('',#971,.F.);
#971 = EDGE_LOOP('',(#972,#973,#981,#988));
#972 = ORIENTED_EDGE('',*,*,#201,.F.);
#973 = ORIENTED_EDGE('',*,*,#974,.T.);
#974 = EDGE_CURVE('',#202,#975,#977,.T.);
#975 = VERTEX_POINT('',#976);
#976 = CARTESIAN_POINT('',(-5.719926758E+03,1.928581242E+03,26.4));
#977 = LINE('',#978,#979);
#978 = CARTESIAN_POINT('',(-5.713926758E+03,1.928581242E+03,26.4));
#979 = VECTOR('',#980,1.);
#980 = DIRECTION('',(-1.,2.2E-16,0.));
#981 = ORIENTED_EDGE('',*,*,#982,.T.);
#982 = EDGE_CURVE('',#975,#975,#983,.T.);
#983 = CIRCLE('',#984,1.4);
#984 = AXIS2_PLACEMENT_3D('',#985,#986,#987);
#985 = CARTESIAN_POINT('',(-5.719926758E+03,1.927181242E+03,26.4));
#986 = DIRECTION('',(1.,-2.2E-16,0.));
#987 = DIRECTION('',(2.2E-16,1.,1.1E-16));
#988 = ORIENTED_EDGE('',*,*,#974,.F.);
#989 = CYLINDRICAL_SURFACE('',#990,1.4);
#990 = AXIS2_PLACEMENT_3D('',#991,#992,#993);
#991 = CARTESIAN_POINT('',(-5.713926758E+03,1.927181242E+03,26.4));
#992 = DIRECTION('',(1.,-2.2E-16,0.));
#993 = DIRECTION('',(2.2E-16,1.,1.1E-16));
#994 = ADVANCED_FACE('',(#995),#1011,.T.);
#995 = FACE_BOUND('',#996,.T.);
#996 = EDGE_LOOP('',(#997,#998,#1004,#1005));
#997 = ORIENTED_EDGE('',*,*,#327,.T.);
#998 = ORIENTED_EDGE('',*,*,#999,.T.);
#999 = EDGE_CURVE('',#320,#221,#1000,.T.);
#1000 = LINE('',#1001,#1002);
#1001 = CARTESIAN_POINT('',(-5.713926758E+03,1.965381242E+03,35.2));
#1002 = VECTOR('',#1003,1.);
#1003 = DIRECTION('',(0.,0.,-1.));
#1004 = ORIENTED_EDGE('',*,*,#218,.F.);
#1005 = ORIENTED_EDGE('',*,*,#1006,.F.);
#1006 = EDGE_CURVE('',#288,#219,#1007,.T.);
#1007 = LINE('',#1008,#1009);
#1008 = CARTESIAN_POINT('',(-5.719926758E+03,1.965381242E+03,35.2));
#1009 = VECTOR('',#1010,1.);
#1010 = DIRECTION('',(0.,0.,-1.));
#1011 = PLANE('',#1012);
#1012 = AXIS2_PLACEMENT_3D('',#1013,#1014,#1015);
#1013 = CARTESIAN_POINT('',(-5.719926758E+03,1.965381242E+03,35.2));
#1014 = DIRECTION('',(-2.2E-16,1.,1.1E-16));
#1015 = DIRECTION('',(0.,1.1E-16,-1.));
#1016 = ADVANCED_FACE('',(#1017,#1028,#1039),#1050,.T.);
#1017 = FACE_BOUND('',#1018,.T.);
#1018 = EDGE_LOOP('',(#1019,#1020,#1021,#1027));
#1019 = ORIENTED_EDGE('',*,*,#999,.F.);
#1020 = ORIENTED_EDGE('',*,*,#319,.F.);
#1021 = ORIENTED_EDGE('',*,*,#1022,.T.);
#1022 = EDGE_CURVE('',#312,#229,#1023,.T.);
#1023 = LINE('',#1024,#1025);
#1024 = CARTESIAN_POINT('',(-5.713926758E+03,1.959381242322E+03,
    17.599999999999));
#1025 = VECTOR('',#1026,1.);
#1026 = DIRECTION('',(0.,-6.7E-16,-1.));
#1027 = ORIENTED_EDGE('',*,*,#228,.F.);
#1028 = FACE_BOUND('',#1029,.T.);
#1029 = EDGE_LOOP('',(#1030));
#1030 = ORIENTED_EDGE('',*,*,#1031,.F.);
#1031 = EDGE_CURVE('',#1032,#1032,#1034,.T.);
#1032 = VERTEX_POINT('',#1033);
#1033 = CARTESIAN_POINT('',(-5.713926758E+03,1.963781242E+03,8.8));
#1034 = CIRCLE('',#1035,1.4);
#1035 = AXIS2_PLACEMENT_3D('',#1036,#1037,#1038);
#1036 = CARTESIAN_POINT('',(-5.713926758E+03,1.962381242E+03,8.8));
#1037 = DIRECTION('',(1.,0.,0.));
#1038 = DIRECTION('',(0.,1.,0.));
#1039 = FACE_BOUND('',#1040,.T.);
#1040 = EDGE_LOOP('',(#1041));
#1041 = ORIENTED_EDGE('',*,*,#1042,.F.);
#1042 = EDGE_CURVE('',#1043,#1043,#1045,.T.);
#1043 = VERTEX_POINT('',#1044);
#1044 = CARTESIAN_POINT('',(-5.713926758E+03,1.963781242E+03,26.4));
#1045 = CIRCLE('',#1046,1.4);
#1046 = AXIS2_PLACEMENT_3D('',#1047,#1048,#1049);
#1047 = CARTESIAN_POINT('',(-5.713926758E+03,1.962381242E+03,26.4));
#1048 = DIRECTION('',(1.,0.,0.));
#1049 = DIRECTION('',(0.,1.,0.));
#1050 = PLANE('',#1051);
#1051 = AXIS2_PLACEMENT_3D('',#1052,#1053,#1054);
#1052 = CARTESIAN_POINT('',(-5.713926758E+03,1.944801701522E+03,17.6));
#1053 = DIRECTION('',(1.,0.,0.));
#1054 = DIRECTION('',(0.,1.,0.));
#1055 = ADVANCED_FACE('',(#1056,#1062,#1088,#1114,#1140),#1166,.T.);
#1056 = FACE_BOUND('',#1057,.T.);
#1057 = EDGE_LOOP('',(#1058,#1059,#1060,#1061));
#1058 = ORIENTED_EDGE('',*,*,#453,.F.);
#1059 = ORIENTED_EDGE('',*,*,#236,.T.);
#1060 = ORIENTED_EDGE('',*,*,#1022,.F.);
#1061 = ORIENTED_EDGE('',*,*,#311,.F.);
#1062 = FACE_BOUND('',#1063,.T.);
#1063 = EDGE_LOOP('',(#1064,#1074,#1082));
#1064 = ORIENTED_EDGE('',*,*,#1065,.T.);
#1065 = EDGE_CURVE('',#1066,#1068,#1070,.T.);
#1066 = VERTEX_POINT('',#1067);
#1067 = CARTESIAN_POINT('',(-5.675926758E+03,1.959381242322E+03,
    6.000000000003));
#1068 = VERTEX_POINT('',#1069);
#1069 = CARTESIAN_POINT('',(-5.6889257899E+03,1.959381242322E+03,
    12.988020353726));
#1070 = LINE('',#1071,#1072);
#1071 = CARTESIAN_POINT('',(-5.691051588598E+03,1.959381242322E+03,
    14.130807346132));
#1072 = VECTOR('',#1073,1.);
#1073 = DIRECTION('',(-0.880794988391,-5.E-17,0.473497823042));
#1074 = ORIENTED_EDGE('',*,*,#1075,.T.);
#1075 = EDGE_CURVE('',#1068,#1076,#1078,.T.);
#1076 = VERTEX_POINT('',#1077);
#1077 = CARTESIAN_POINT('',(-5.701926758E+03,1.959381242322E+03,
    6.000000000003));
#1078 = LINE('',#1079,#1080);
#1079 = CARTESIAN_POINT('',(-5.695628782488E+03,1.959381242322E+03,
    9.3851618378));
#1080 = VECTOR('',#1081,1.);
#1081 = DIRECTION('',(-0.880824397016,5.E-17,-0.473443113396));
#1082 = ORIENTED_EDGE('',*,*,#1083,.F.);
#1083 = EDGE_CURVE('',#1066,#1076,#1084,.T.);
#1084 = LINE('',#1085,#1086);
#1085 = CARTESIAN_POINT('',(-5.696926758E+03,1.959381242322E+03,
    6.000000000003));
#1086 = VECTOR('',#1087,1.);
#1087 = DIRECTION('',(-1.,0.,-3.E-17));
#1088 = FACE_BOUND('',#1089,.T.);
#1089 = EDGE_LOOP('',(#1090,#1100,#1108));
#1090 = ORIENTED_EDGE('',*,*,#1091,.F.);
#1091 = EDGE_CURVE('',#1092,#1094,#1096,.T.);
#1092 = VERTEX_POINT('',#1093);
#1093 = CARTESIAN_POINT('',(-5.707926758E+03,1.959381242322E+03,
    12.000000000003));
#1094 = VERTEX_POINT('',#1095);
#1095 = CARTESIAN_POINT('',(-5.707926758E+03,1.959381242322E+03,
    23.200000000002));
#1096 = LINE('',#1097,#1098);
#1097 = CARTESIAN_POINT('',(-5.707926758E+03,1.959381242322E+03,
    20.399999999999));
#1098 = VECTOR('',#1099,1.);
#1099 = DIRECTION('',(0.,-1.1E-16,1.));
#1100 = ORIENTED_EDGE('',*,*,#1101,.F.);
#1101 = EDGE_CURVE('',#1102,#1092,#1104,.T.);
#1102 = VERTEX_POINT('',#1103);
#1103 = CARTESIAN_POINT('',(-5.697508261333E+03,1.959381242322E+03,
    17.600058041582));
#1104 = LINE('',#1105,#1106);
#1105 = CARTESIAN_POINT('',(-5.700552332693E+03,1.959381242322E+03,
    15.963835768516));
#1106 = VECTOR('',#1107,1.);
#1107 = DIRECTION('',(-0.880820304295,5.E-17,-0.473450727681));
#1108 = ORIENTED_EDGE('',*,*,#1109,.T.);
#1109 = EDGE_CURVE('',#1102,#1094,#1110,.T.);
#1110 = LINE('',#1111,#1112);
#1111 = CARTESIAN_POINT('',(-5.700552288367E+03,1.959381242322E+03,
    19.236222572435));
#1112 = VECTOR('',#1113,1.);
#1113 = DIRECTION('',(-0.880824397016,-5.E-17,0.473443113396));
#1114 = FACE_BOUND('',#1115,.T.);
#1115 = EDGE_LOOP('',(#1116,#1126,#1134));
#1116 = ORIENTED_EDGE('',*,*,#1117,.F.);
#1117 = EDGE_CURVE('',#1118,#1120,#1122,.T.);
#1118 = VERTEX_POINT('',#1119);
#1119 = CARTESIAN_POINT('',(-5.675926758E+03,1.959381242322E+03,
    29.200000000002));
#1120 = VERTEX_POINT('',#1121);
#1121 = CARTESIAN_POINT('',(-5.68892662316E+03,1.959381242322E+03,
    22.212427523464));
#1122 = LINE('',#1123,#1124);
#1123 = CARTESIAN_POINT('',(-5.691052190907E+03,1.959381242322E+03,
    21.069911158829));
#1124 = VECTOR('',#1125,1.);
#1125 = DIRECTION('',(-0.880820301236,5.E-17,-0.473450733371));
#1126 = ORIENTED_EDGE('',*,*,#1127,.T.);
#1127 = EDGE_CURVE('',#1118,#1128,#1130,.T.);
#1128 = VERTEX_POINT('',#1129);
#1129 = CARTESIAN_POINT('',(-5.701926758E+03,1.959381242322E+03,
    29.200000000002));
#1130 = LINE('',#1131,#1132);
#1131 = CARTESIAN_POINT('',(-5.696926758E+03,1.959381242322E+03,
    29.200000000002));
#1132 = VECTOR('',#1133,1.);
#1133 = DIRECTION('',(-1.,0.,-8.2E-15));
#1134 = ORIENTED_EDGE('',*,*,#1135,.F.);
#1135 = EDGE_CURVE('',#1120,#1128,#1136,.T.);
#1136 = LINE('',#1137,#1138);
#1137 = CARTESIAN_POINT('',(-5.695628782488E+03,1.959381242322E+03,
    25.814838162204));
#1138 = VECTOR('',#1139,1.);
#1139 = DIRECTION('',(-0.880824397016,-5.E-17,0.473443113396));
#1140 = FACE_BOUND('',#1141,.T.);
#1141 = EDGE_LOOP('',(#1142,#1152,#1160));
#1142 = ORIENTED_EDGE('',*,*,#1143,.T.);
#1143 = EDGE_CURVE('',#1144,#1146,#1148,.T.);
#1144 = VERTEX_POINT('',#1145);
#1145 = CARTESIAN_POINT('',(-5.669926758E+03,1.959381242322E+03,
    23.200000000002));
#1146 = VERTEX_POINT('',#1147);
#1147 = CARTESIAN_POINT('',(-5.680346910617E+03,1.959381242322E+03,
    17.600832031476));
#1148 = LINE('',#1149,#1150);
#1149 = CARTESIAN_POINT('',(-5.684839804054E+03,1.959381242322E+03,
    15.186619308957));
#1150 = VECTOR('',#1151,1.);
#1151 = DIRECTION('',(-0.880883054172,5.E-17,-0.473333967588));
#1152 = ORIENTED_EDGE('',*,*,#1153,.T.);
#1153 = EDGE_CURVE('',#1146,#1154,#1156,.T.);
#1154 = VERTEX_POINT('',#1155);
#1155 = CARTESIAN_POINT('',(-5.669926758E+03,1.959381242322E+03,
    12.000000000003));
#1156 = LINE('',#1157,#1158);
#1157 = CARTESIAN_POINT('',(-5.679628782488E+03,1.959381242322E+03,
    17.214838162204));
#1158 = VECTOR('',#1159,1.);
#1159 = DIRECTION('',(0.880824397016,5.E-17,-0.473443113396));
#1160 = ORIENTED_EDGE('',*,*,#1161,.F.);
#1161 = EDGE_CURVE('',#1144,#1154,#1162,.T.);
#1162 = LINE('',#1163,#1164);
#1163 = CARTESIAN_POINT('',(-5.669926758E+03,1.959381242322E+03,14.8));
#1164 = VECTOR('',#1165,1.);
#1165 = DIRECTION('',(0.,1.1E-16,-1.));
#1166 = PLANE('',#1167);
#1167 = AXIS2_PLACEMENT_3D('',#1168,#1169,#1170);
#1168 = CARTESIAN_POINT('',(-5.691926758E+03,1.959381242322E+03,
    17.599999999999));
#1169 = DIRECTION('',(0.,1.,0.));
#1170 = DIRECTION('',(0.,0.,1.));
#1171 = ADVANCED_FACE('',(#1172,#1178,#1189,#1215,#1241,#1252,#1301,
    #1327,#1330),#1333,.T.);
#1172 = FACE_BOUND('',#1173,.T.);
#1173 = EDGE_LOOP('',(#1174,#1175,#1176,#1177));
#1174 = ORIENTED_EDGE('',*,*,#1006,.T.);
#1175 = ORIENTED_EDGE('',*,*,#260,.T.);
#1176 = ORIENTED_EDGE('',*,*,#934,.T.);
#1177 = ORIENTED_EDGE('',*,*,#285,.T.);
#1178 = FACE_BOUND('',#1179,.T.);
#1179 = EDGE_LOOP('',(#1180));
#1180 = ORIENTED_EDGE('',*,*,#1181,.T.);
#1181 = EDGE_CURVE('',#1182,#1182,#1184,.T.);
#1182 = VERTEX_POINT('',#1183);
#1183 = CARTESIAN_POINT('',(-5.719926758E+03,1.963781242E+03,26.4));
#1184 = CIRCLE('',#1185,1.4);
#1185 = AXIS2_PLACEMENT_3D('',#1186,#1187,#1188);
#1186 = CARTESIAN_POINT('',(-5.719926758E+03,1.962381242E+03,26.4));
#1187 = DIRECTION('',(1.,-2.2E-16,0.));
#1188 = DIRECTION('',(2.2E-16,1.,1.1E-16));
#1189 = FACE_BOUND('',#1190,.T.);
#1190 = EDGE_LOOP('',(#1191,#1201,#1209));
#1191 = ORIENTED_EDGE('',*,*,#1192,.F.);
#1192 = EDGE_CURVE('',#1193,#1195,#1197,.T.);
#1193 = VERTEX_POINT('',#1194);
#1194 = CARTESIAN_POINT('',(-5.719926758E+03,1.949898483701E+03,29.2));
#1195 = VERTEX_POINT('',#1196);
#1196 = CARTESIAN_POINT('',(-5.719926758E+03,1.944781242322E+03,23.6));
#1197 = LINE('',#1198,#1199);
#1198 = CARTESIAN_POINT('',(-5.719926758E+03,1.949898483701E+03,29.2));
#1199 = VECTOR('',#1200,1.);
#1200 = DIRECTION('',(0.,-0.674571099885,-0.738209882893));
#1201 = ORIENTED_EDGE('',*,*,#1202,.T.);
#1202 = EDGE_CURVE('',#1193,#1203,#1205,.T.);
#1203 = VERTEX_POINT('',#1204);
#1204 = CARTESIAN_POINT('',(-5.719926758E+03,1.9396698E+03,29.2));
#1205 = LINE('',#1206,#1207);
#1206 = CARTESIAN_POINT('',(-5.719926758E+03,1.949898483701E+03,29.2));
#1207 = VECTOR('',#1208,1.);
#1208 = DIRECTION('',(0.,-1.,0.));
#1209 = ORIENTED_EDGE('',*,*,#1210,.T.);
#1210 = EDGE_CURVE('',#1203,#1195,#1211,.T.);
#1211 = LINE('',#1212,#1213);
#1212 = CARTESIAN_POINT('',(-5.719926758E+03,1.9396698E+03,29.2));
#1213 = VECTOR('',#1214,1.);
#1214 = DIRECTION('',(-0.,0.674154187388,-0.738590638735));
#1215 = FACE_BOUND('',#1216,.T.);
#1216 = EDGE_LOOP('',(#1217,#1227,#1235));
#1217 = ORIENTED_EDGE('',*,*,#1218,.F.);
#1218 = EDGE_CURVE('',#1219,#1221,#1223,.T.);
#1219 = VERTEX_POINT('',#1220);
#1220 = CARTESIAN_POINT('',(-5.719926758E+03,1.955381242322E+03,12.));
#1221 = VERTEX_POINT('',#1222);
#1222 = CARTESIAN_POINT('',(-5.719926758E+03,1.947526969509E+03,
    20.595241945657));
#1223 = LINE('',#1224,#1225);
#1224 = CARTESIAN_POINT('',(-5.719926758E+03,1.955381242322E+03,12.));
#1225 = VECTOR('',#1226,1.);
#1226 = DIRECTION('',(0.,-0.674571099885,0.738209882893));
#1227 = ORIENTED_EDGE('',*,*,#1228,.T.);
#1228 = EDGE_CURVE('',#1219,#1229,#1231,.T.);
#1229 = VERTEX_POINT('',#1230);
#1230 = CARTESIAN_POINT('',(-5.719926758E+03,1.955381242322E+03,29.2));
#1231 = LINE('',#1232,#1233);
#1232 = CARTESIAN_POINT('',(-5.719926758E+03,1.955381242322E+03,12.));
#1233 = VECTOR('',#1234,1.);
#1234 = DIRECTION('',(0.,0.,1.));
#1235 = ORIENTED_EDGE('',*,*,#1236,.F.);
#1236 = EDGE_CURVE('',#1221,#1229,#1237,.T.);
#1237 = LINE('',#1238,#1239);
#1238 = CARTESIAN_POINT('',(-5.719926758E+03,1.947526969509E+03,
    20.595241945657));
#1239 = VECTOR('',#1240,1.);
#1240 = DIRECTION('',(0.,0.674164248279,0.738581455455));
#1241 = FACE_BOUND('',#1242,.T.);
#1242 = EDGE_LOOP('',(#1243));
#1243 = ORIENTED_EDGE('',*,*,#1244,.T.);
#1244 = EDGE_CURVE('',#1245,#1245,#1247,.T.);
#1245 = VERTEX_POINT('',#1246);
#1246 = CARTESIAN_POINT('',(-5.719926758E+03,1.963781242E+03,8.8));
#1247 = CIRCLE('',#1248,1.4);
#1248 = AXIS2_PLACEMENT_3D('',#1249,#1250,#1251);
#1249 = CARTESIAN_POINT('',(-5.719926758E+03,1.962381242E+03,8.8));
#1250 = DIRECTION('',(1.,-2.2E-16,0.));
#1251 = DIRECTION('',(2.2E-16,1.,1.1E-16));
#1252 = FACE_BOUND('',#1253,.T.);
#1253 = EDGE_LOOP('',(#1254,#1264,#1272,#1280,#1288,#1294,#1295));
#1254 = ORIENTED_EDGE('',*,*,#1255,.F.);
#1255 = EDGE_CURVE('',#1256,#1258,#1260,.T.);
#1256 = VERTEX_POINT('',#1257);
#1257 = CARTESIAN_POINT('',(-5.719926758E+03,1.949281242322E+03,3.));
#1258 = VERTEX_POINT('',#1259);
#1259 = CARTESIAN_POINT('',(-5.719926758E+03,1.940281242322E+03,3.));
#1260 = LINE('',#1261,#1262);
#1261 = CARTESIAN_POINT('',(-5.719926758E+03,1.942531242322E+03,3.));
#1262 = VECTOR('',#1263,1.);
#1263 = DIRECTION('',(0.,-1.,-1.1E-16));
#1264 = ORIENTED_EDGE('',*,*,#1265,.F.);
#1265 = EDGE_CURVE('',#1266,#1256,#1268,.T.);
#1266 = VERTEX_POINT('',#1267);
#1267 = CARTESIAN_POINT('',(-5.719926758E+03,1.949281242322E+03,
    6.000000000002));
#1268 = LINE('',#1269,#1270);
#1269 = CARTESIAN_POINT('',(-5.719926758E+03,1.949281242322E+03,
    10.299999999999));
#1270 = VECTOR('',#1271,1.);
#1271 = DIRECTION('',(0.,1.1E-16,-1.));
#1272 = ORIENTED_EDGE('',*,*,#1273,.T.);
#1273 = EDGE_CURVE('',#1266,#1274,#1276,.T.);
#1274 = VERTEX_POINT('',#1275);
#1275 = CARTESIAN_POINT('',(-5.719926758E+03,1.955381242322E+03,6.));
#1276 = LINE('',#1277,#1278);
#1277 = CARTESIAN_POINT('',(-5.719926758E+03,1.934181242322E+03,6.));
#1278 = VECTOR('',#1279,1.);
#1279 = DIRECTION('',(0.,1.,0.));
#1280 = ORIENTED_EDGE('',*,*,#1281,.T.);
#1281 = EDGE_CURVE('',#1274,#1282,#1284,.T.);
#1282 = VERTEX_POINT('',#1283);
#1283 = CARTESIAN_POINT('',(-5.719926758E+03,1.944781242322E+03,17.6));
#1284 = LINE('',#1285,#1286);
#1285 = CARTESIAN_POINT('',(-5.719926758E+03,1.955381242322E+03,6.));
#1286 = VECTOR('',#1287,1.);
#1287 = DIRECTION('',(0.,-0.674571099885,0.738209882893));
#1288 = ORIENTED_EDGE('',*,*,#1289,.T.);
#1289 = EDGE_CURVE('',#1282,#789,#1290,.T.);
#1290 = LINE('',#1291,#1292);
#1291 = CARTESIAN_POINT('',(-5.719926758E+03,1.944781242322E+03,17.6));
#1292 = VECTOR('',#1293,1.);
#1293 = DIRECTION('',(0.,-0.674571099885,-0.738209882893));
#1294 = ORIENTED_EDGE('',*,*,#788,.T.);
#1295 = ORIENTED_EDGE('',*,*,#1296,.F.);
#1296 = EDGE_CURVE('',#1258,#781,#1297,.T.);
#1297 = LINE('',#1298,#1299);
#1298 = CARTESIAN_POINT('',(-5.719926758E+03,1.940281242322E+03,
    11.799999999999));
#1299 = VECTOR('',#1300,1.);
#1300 = DIRECTION('',(0.,-1.1E-16,1.));
#1301 = FACE_BOUND('',#1302,.T.);
#1302 = EDGE_LOOP('',(#1303,#1313,#1321));
#1303 = ORIENTED_EDGE('',*,*,#1304,.T.);
#1304 = EDGE_CURVE('',#1305,#1307,#1309,.T.);
#1305 = VERTEX_POINT('',#1306);
#1306 = CARTESIAN_POINT('',(-5.719926758E+03,1.934181242322E+03,29.2));
#1307 = VERTEX_POINT('',#1308);
#1308 = CARTESIAN_POINT('',(-5.719926758E+03,1.934181242322E+03,12.));
#1309 = LINE('',#1310,#1311);
#1310 = CARTESIAN_POINT('',(-5.719926758E+03,1.934181242322E+03,29.2));
#1311 = VECTOR('',#1312,1.);
#1312 = DIRECTION('',(0.,0.,-1.));
#1313 = ORIENTED_EDGE('',*,*,#1314,.T.);
#1314 = EDGE_CURVE('',#1307,#1315,#1317,.T.);
#1315 = VERTEX_POINT('',#1316);
#1316 = CARTESIAN_POINT('',(-5.719926758E+03,1.942040540014E+03,
    20.600740871075));
#1317 = LINE('',#1318,#1319);
#1318 = CARTESIAN_POINT('',(-5.719926758E+03,1.934181242322E+03,12.));
#1319 = VECTOR('',#1320,1.);
#1320 = DIRECTION('',(0.,0.674571099885,0.738209882893));
#1321 = ORIENTED_EDGE('',*,*,#1322,.T.);
#1322 = EDGE_CURVE('',#1315,#1305,#1323,.T.);
#1323 = LINE('',#1324,#1325);
#1324 = CARTESIAN_POINT('',(-5.719926758E+03,1.942040540014E+03,
    20.600740871075));
#1325 = VECTOR('',#1326,1.);
#1326 = DIRECTION('',(0.,-0.674634435495,0.738152002262));
#1327 = FACE_BOUND('',#1328,.T.);
#1328 = EDGE_LOOP('',(#1329));
#1329 = ORIENTED_EDGE('',*,*,#982,.T.);
#1330 = FACE_BOUND('',#1331,.T.);
#1331 = EDGE_LOOP('',(#1332));
#1332 = ORIENTED_EDGE('',*,*,#957,.T.);
#1333 = PLANE('',#1334);
#1334 = AXIS2_PLACEMENT_3D('',#1335,#1336,#1337);
#1335 = CARTESIAN_POINT('',(-5.719926758E+03,1.944781242E+03,
    17.599999999999));
#1336 = DIRECTION('',(-1.,-0.,-0.));
#1337 = DIRECTION('',(0.,0.,-1.));
#1338 = ADVANCED_FACE('',(#1339),#1358,.T.);
#1339 = FACE_BOUND('',#1340,.F.);
#1340 = EDGE_LOOP('',(#1341,#1349,#1356,#1357));
#1341 = ORIENTED_EDGE('',*,*,#1342,.T.);
#1342 = EDGE_CURVE('',#269,#1343,#1345,.T.);
#1343 = VERTEX_POINT('',#1344);
#1344 = CARTESIAN_POINT('',(-5.677176758E+03,1.944781242322E+03,-2.));
#1345 = LINE('',#1346,#1347);
#1346 = CARTESIAN_POINT('',(-5.677176758E+03,1.944781242322E+03,
    2.1591E-13));
#1347 = VECTOR('',#1348,1.);
#1348 = DIRECTION('',(0.,3.3E-16,-1.));
#1349 = ORIENTED_EDGE('',*,*,#1350,.T.);
#1350 = EDGE_CURVE('',#1343,#1343,#1351,.T.);
#1351 = CIRCLE('',#1352,4.25);
#1352 = AXIS2_PLACEMENT_3D('',#1353,#1354,#1355);
#1353 = CARTESIAN_POINT('',(-5.681426758E+03,1.944781242322E+03,-2.));
#1354 = DIRECTION('',(0.,0.,-1.));
#1355 = DIRECTION('',(1.,0.,0.));
#1356 = ORIENTED_EDGE('',*,*,#1342,.F.);
#1357 = ORIENTED_EDGE('',*,*,#268,.F.);
#1358 = CYLINDRICAL_SURFACE('',#1359,4.25);
#1359 = AXIS2_PLACEMENT_3D('',#1360,#1361,#1362);
#1360 = CARTESIAN_POINT('',(-5.681426758E+03,1.944781242322E+03,
    2.1591E-13));
#1361 = DIRECTION('',(0.,-3.3E-16,1.));
#1362 = DIRECTION('',(1.,0.,0.));
#1363 = ADVANCED_FACE('',(#1364),#1426,.F.);
#1364 = FACE_BOUND('',#1365,.F.);
#1365 = EDGE_LOOP('',(#1366,#1367,#1375,#1384,#1393,#1401,#1408,#1409,
    #1418,#1425));
#1366 = ORIENTED_EDGE('',*,*,#335,.F.);
#1367 = ORIENTED_EDGE('',*,*,#1368,.T.);
#1368 = EDGE_CURVE('',#336,#1369,#1371,.T.);
#1369 = VERTEX_POINT('',#1370);
#1370 = CARTESIAN_POINT('',(-5.715926758E+03,1.940031242322E+03,29.2));
#1371 = LINE('',#1372,#1373);
#1372 = CARTESIAN_POINT('',(-5.715926758E+03,1.940031242322E+03,35.2));
#1373 = VECTOR('',#1374,1.);
#1374 = DIRECTION('',(0.,-1.1E-16,-1.));
#1375 = ORIENTED_EDGE('',*,*,#1376,.T.);
#1376 = EDGE_CURVE('',#1369,#1377,#1379,.T.);
#1377 = VERTEX_POINT('',#1378);
#1378 = CARTESIAN_POINT('',(-5.71785915247E+03,1.9396698E+03,29.2));
#1379 = CIRCLE('',#1380,1.);
#1380 = AXIS2_PLACEMENT_3D('',#1381,#1382,#1383);
#1381 = CARTESIAN_POINT('',(-5.716926758E+03,1.940031242322E+03,29.2));
#1382 = DIRECTION('',(0.,-6.7E-16,1.));
#1383 = DIRECTION('',(1.,0.,0.));
#1384 = ORIENTED_EDGE('',*,*,#1385,.F.);
#1385 = EDGE_CURVE('',#1386,#1377,#1388,.T.);
#1386 = VERTEX_POINT('',#1387);
#1387 = CARTESIAN_POINT('',(-5.715926758E+03,1.940031242322E+03,
    28.804010595234));
#1388 = ELLIPSE('',#1389,1.483340189392,1.);
#1389 = AXIS2_PLACEMENT_3D('',#1390,#1391,#1392);
#1390 = CARTESIAN_POINT('',(-5.716926758E+03,1.940031242322E+03,
    28.804010595234));
#1391 = DIRECTION('',(-1.6E-16,0.738590638735,0.674154187388));
#1392 = DIRECTION('',(1.5E-16,-0.674154187388,0.738590638735));
#1393 = ORIENTED_EDGE('',*,*,#1394,.T.);
#1394 = EDGE_CURVE('',#1386,#1395,#1397,.T.);
#1395 = VERTEX_POINT('',#1396);
#1396 = CARTESIAN_POINT('',(-5.715926758E+03,1.940031242322E+03,
    22.799216129451));
#1397 = LINE('',#1398,#1399);
#1398 = CARTESIAN_POINT('',(-5.715926758E+03,1.940031242322E+03,35.2));
#1399 = VECTOR('',#1400,1.);
#1400 = DIRECTION('',(0.,-1.1E-16,-1.));
#1401 = ORIENTED_EDGE('',*,*,#1402,.F.);
#1402 = EDGE_CURVE('',#1395,#1395,#1403,.T.);
#1403 = ELLIPSE('',#1404,1.482284252605,1.);
#1404 = AXIS2_PLACEMENT_3D('',#1405,#1406,#1407);
#1405 = CARTESIAN_POINT('',(-5.716926758E+03,1.940031242322E+03,
    22.799216129451));
#1406 = DIRECTION('',(1.6E-16,-0.738152002262,-0.674634435495));
#1407 = DIRECTION('',(1.5E-16,-0.674634435495,0.738152002262));
#1408 = ORIENTED_EDGE('',*,*,#1394,.F.);
#1409 = ORIENTED_EDGE('',*,*,#1410,.F.);
#1410 = EDGE_CURVE('',#1411,#1386,#1413,.T.);
#1411 = VERTEX_POINT('',#1412);
#1412 = CARTESIAN_POINT('',(-5.71599436353E+03,1.9396698E+03,29.2));
#1413 = ELLIPSE('',#1414,1.483340189392,1.);
#1414 = AXIS2_PLACEMENT_3D('',#1415,#1416,#1417);
#1415 = CARTESIAN_POINT('',(-5.716926758E+03,1.940031242322E+03,
    28.804010595234));
#1416 = DIRECTION('',(-1.6E-16,0.738590638735,0.674154187388));
#1417 = DIRECTION('',(1.5E-16,-0.674154187388,0.738590638735));
#1418 = ORIENTED_EDGE('',*,*,#1419,.T.);
#1419 = EDGE_CURVE('',#1411,#1369,#1420,.T.);
#1420 = CIRCLE('',#1421,1.);
#1421 = AXIS2_PLACEMENT_3D('',#1422,#1423,#1424);
#1422 = CARTESIAN_POINT('',(-5.716926758E+03,1.940031242322E+03,29.2));
#1423 = DIRECTION('',(0.,-6.7E-16,1.));
#1424 = DIRECTION('',(1.,0.,0.));
#1425 = ORIENTED_EDGE('',*,*,#1368,.F.);
#1426 = CYLINDRICAL_SURFACE('',#1427,1.);
#1427 = AXIS2_PLACEMENT_3D('',#1428,#1429,#1430);
#1428 = CARTESIAN_POINT('',(-5.716926758E+03,1.940031242322E+03,35.2));
#1429 = DIRECTION('',(0.,1.1E-16,1.));
#1430 = DIRECTION('',(1.,0.,0.));
#1431 = ADVANCED_FACE('',(#1432),#1492,.F.);
#1432 = FACE_BOUND('',#1433,.F.);
#1433 = EDGE_LOOP('',(#1434,#1441,#1442,#1443,#1452,#1461,#1468,#1475,
    #1476,#1485));
#1434 = ORIENTED_EDGE('',*,*,#1435,.T.);
#1435 = EDGE_CURVE('',#1436,#347,#1438,.T.);
#1436 = VERTEX_POINT('',#1437);
#1437 = CARTESIAN_POINT('',(-5.665926758E+03,1.940031242322E+03,29.2));
#1438 = B_SPLINE_CURVE_WITH_KNOTS('',1,(#1439,#1440),.UNSPECIFIED.,.F.,
  .F.,(2,2),(-25.,2.1316E-13),.PIECEWISE_BEZIER_KNOTS.);
#1439 = CARTESIAN_POINT('',(-5.665926758E+03,1.940031242322E+03,
    10.200000000001));
#1440 = CARTESIAN_POINT('',(-5.665926758E+03,1.940031242322E+03,
    35.200000000001));
#1441 = ORIENTED_EDGE('',*,*,#346,.F.);
#1442 = ORIENTED_EDGE('',*,*,#1435,.F.);
#1443 = ORIENTED_EDGE('',*,*,#1444,.T.);
#1444 = EDGE_CURVE('',#1436,#1445,#1447,.T.);
#1445 = VERTEX_POINT('',#1446);
#1446 = CARTESIAN_POINT('',(-5.667859152475E+03,1.9396698E+03,29.2));
#1447 = CIRCLE('',#1448,1.);
#1448 = AXIS2_PLACEMENT_3D('',#1449,#1450,#1451);
#1449 = CARTESIAN_POINT('',(-5.666926758E+03,1.940031242322E+03,29.2));
#1450 = DIRECTION('',(0.,-6.7E-16,1.));
#1451 = DIRECTION('',(1.,0.,0.));
#1452 = ORIENTED_EDGE('',*,*,#1453,.F.);
#1453 = EDGE_CURVE('',#1454,#1445,#1456,.T.);
#1454 = VERTEX_POINT('',#1455);
#1455 = CARTESIAN_POINT('',(-5.665926758E+03,1.940031242322E+03,
    28.804010595234));
#1456 = ELLIPSE('',#1457,1.483340189392,1.);
#1457 = AXIS2_PLACEMENT_3D('',#1458,#1459,#1460);
#1458 = CARTESIAN_POINT('',(-5.666926758E+03,1.940031242322E+03,
    28.804010595234));
#1459 = DIRECTION('',(-1.6E-16,0.738590638735,0.674154187388));
#1460 = DIRECTION('',(1.5E-16,-0.674154187388,0.738590638735));
#1461 = ORIENTED_EDGE('',*,*,#1462,.F.);
#1462 = EDGE_CURVE('',#1463,#1454,#1465,.T.);
#1463 = VERTEX_POINT('',#1464);
#1464 = CARTESIAN_POINT('',(-5.665926758E+03,1.940031242322E+03,
    22.799216129451));
#1465 = B_SPLINE_CURVE_WITH_KNOTS('',1,(#1466,#1467),.UNSPECIFIED.,.F.,
  .F.,(2,2),(-25.,2.1316E-13),.PIECEWISE_BEZIER_KNOTS.);
#1466 = CARTESIAN_POINT('',(-5.665926758E+03,1.940031242322E+03,
    10.200000000001));
#1467 = CARTESIAN_POINT('',(-5.665926758E+03,1.940031242322E+03,
    35.200000000001));
#1468 = ORIENTED_EDGE('',*,*,#1469,.F.);
#1469 = EDGE_CURVE('',#1463,#1463,#1470,.T.);
#1470 = ELLIPSE('',#1471,1.482284252605,1.);
#1471 = AXIS2_PLACEMENT_3D('',#1472,#1473,#1474);
#1472 = CARTESIAN_POINT('',(-5.666926758E+03,1.940031242322E+03,
    22.799216129451));
#1473 = DIRECTION('',(1.6E-16,-0.738152002262,-0.674634435495));
#1474 = DIRECTION('',(1.5E-16,-0.674634435495,0.738152002262));
#1475 = ORIENTED_EDGE('',*,*,#1462,.T.);
#1476 = ORIENTED_EDGE('',*,*,#1477,.F.);
#1477 = EDGE_CURVE('',#1478,#1454,#1480,.T.);
#1478 = VERTEX_POINT('',#1479);
#1479 = CARTESIAN_POINT('',(-5.665994363524E+03,1.9396698E+03,29.2));
#1480 = ELLIPSE('',#1481,1.483340189392,1.);
#1481 = AXIS2_PLACEMENT_3D('',#1482,#1483,#1484);
#1482 = CARTESIAN_POINT('',(-5.666926758E+03,1.940031242322E+03,
    28.804010595234));
#1483 = DIRECTION('',(-1.6E-16,0.738590638735,0.674154187388));
#1484 = DIRECTION('',(1.5E-16,-0.674154187388,0.738590638735));
#1485 = ORIENTED_EDGE('',*,*,#1486,.T.);
#1486 = EDGE_CURVE('',#1478,#1436,#1487,.T.);
#1487 = CIRCLE('',#1488,1.);
#1488 = AXIS2_PLACEMENT_3D('',#1489,#1490,#1491);
#1489 = CARTESIAN_POINT('',(-5.666926758E+03,1.940031242322E+03,29.2));
#1490 = DIRECTION('',(0.,-6.7E-16,1.));
#1491 = DIRECTION('',(1.,0.,0.));
#1492 = CYLINDRICAL_SURFACE('',#1493,1.);
#1493 = AXIS2_PLACEMENT_3D('',#1494,#1495,#1496);
#1494 = CARTESIAN_POINT('',(-5.666926758E+03,1.940031242322E+03,35.2));
#1495 = DIRECTION('',(0.,-3.3E-16,1.));
#1496 = DIRECTION('',(1.,0.,0.));
#1497 = ADVANCED_FACE('',(#1498),#1560,.F.);
#1498 = FACE_BOUND('',#1499,.F.);
#1499 = EDGE_LOOP('',(#1500,#1501,#1509,#1518,#1527,#1535,#1542,#1543,
    #1552,#1559));
#1500 = ORIENTED_EDGE('',*,*,#357,.F.);
#1501 = ORIENTED_EDGE('',*,*,#1502,.T.);
#1502 = EDGE_CURVE('',#358,#1503,#1505,.T.);
#1503 = VERTEX_POINT('',#1504);
#1504 = CARTESIAN_POINT('',(-5.715926758E+03,1.949531242322E+03,29.2));
#1505 = LINE('',#1506,#1507);
#1506 = CARTESIAN_POINT('',(-5.715926758E+03,1.949531242322E+03,35.2));
#1507 = VECTOR('',#1508,1.);
#1508 = DIRECTION('',(0.,-1.1E-16,-1.));
#1509 = ORIENTED_EDGE('',*,*,#1510,.T.);
#1510 = EDGE_CURVE('',#1503,#1511,#1513,.T.);
#1511 = VERTEX_POINT('',#1512);
#1512 = CARTESIAN_POINT('',(-5.715996632322E+03,1.949898483701E+03,29.2)
  );
#1513 = CIRCLE('',#1514,1.);
#1514 = AXIS2_PLACEMENT_3D('',#1515,#1516,#1517);
#1515 = CARTESIAN_POINT('',(-5.716926758E+03,1.949531242322E+03,29.2));
#1516 = DIRECTION('',(0.,-6.7E-16,1.));
#1517 = DIRECTION('',(1.,0.,0.));
#1518 = ORIENTED_EDGE('',*,*,#1519,.T.);
#1519 = EDGE_CURVE('',#1511,#1520,#1522,.T.);
#1520 = VERTEX_POINT('',#1521);
#1521 = CARTESIAN_POINT('',(-5.715926758E+03,1.949531242322E+03,
    28.798113207548));
#1522 = ELLIPSE('',#1523,1.48242342456,1.);
#1523 = AXIS2_PLACEMENT_3D('',#1524,#1525,#1526);
#1524 = CARTESIAN_POINT('',(-5.716926758E+03,1.949531242322E+03,
    28.798113207548));
#1525 = DIRECTION('',(-1.6E-16,0.738209882893,-0.674571099885));
#1526 = DIRECTION('',(-1.5E-16,0.674571099885,0.738209882893));
#1527 = ORIENTED_EDGE('',*,*,#1528,.T.);
#1528 = EDGE_CURVE('',#1520,#1529,#1531,.T.);
#1529 = VERTEX_POINT('',#1530);
#1530 = CARTESIAN_POINT('',(-5.715926758E+03,1.949531242322E+03,
    22.791025443073));
#1531 = LINE('',#1532,#1533);
#1532 = CARTESIAN_POINT('',(-5.715926758E+03,1.949531242322E+03,35.2));
#1533 = VECTOR('',#1534,1.);
#1534 = DIRECTION('',(0.,-1.1E-16,-1.));
#1535 = ORIENTED_EDGE('',*,*,#1536,.T.);
#1536 = EDGE_CURVE('',#1529,#1529,#1537,.T.);
#1537 = ELLIPSE('',#1538,1.483318052763,1.);
#1538 = AXIS2_PLACEMENT_3D('',#1539,#1540,#1541);
#1539 = CARTESIAN_POINT('',(-5.716926758E+03,1.949531242322E+03,
    22.791025443073));
#1540 = DIRECTION('',(1.6E-16,-0.738581455455,0.674164248279));
#1541 = DIRECTION('',(-1.5E-16,0.674164248279,0.738581455455));
#1542 = ORIENTED_EDGE('',*,*,#1528,.F.);
#1543 = ORIENTED_EDGE('',*,*,#1544,.T.);
#1544 = EDGE_CURVE('',#1520,#1545,#1547,.T.);
#1545 = VERTEX_POINT('',#1546);
#1546 = CARTESIAN_POINT('',(-5.717856883678E+03,1.949898483701E+03,29.2)
  );
#1547 = ELLIPSE('',#1548,1.48242342456,1.);
#1548 = AXIS2_PLACEMENT_3D('',#1549,#1550,#1551);
#1549 = CARTESIAN_POINT('',(-5.716926758E+03,1.949531242322E+03,
    28.798113207548));
#1550 = DIRECTION('',(-1.6E-16,0.738209882893,-0.674571099885));
#1551 = DIRECTION('',(-1.5E-16,0.674571099885,0.738209882893));
#1552 = ORIENTED_EDGE('',*,*,#1553,.T.);
#1553 = EDGE_CURVE('',#1545,#1503,#1554,.T.);
#1554 = CIRCLE('',#1555,1.);
#1555 = AXIS2_PLACEMENT_3D('',#1556,#1557,#1558);
#1556 = CARTESIAN_POINT('',(-5.716926758E+03,1.949531242322E+03,29.2));
#1557 = DIRECTION('',(0.,-6.7E-16,1.));
#1558 = DIRECTION('',(1.,0.,0.));
#1559 = ORIENTED_EDGE('',*,*,#1502,.F.);
#1560 = CYLINDRICAL_SURFACE('',#1561,1.);
#1561 = AXIS2_PLACEMENT_3D('',#1562,#1563,#1564);
#1562 = CARTESIAN_POINT('',(-5.716926758E+03,1.949531242322E+03,35.2));
#1563 = DIRECTION('',(0.,1.1E-16,1.));
#1564 = DIRECTION('',(1.,0.,0.));
#1565 = ADVANCED_FACE('',(#1566),#1623,.F.);
#1566 = FACE_BOUND('',#1567,.F.);
#1567 = EDGE_LOOP('',(#1568,#1576,#1584,#1592,#1600,#1608,#1616,#1622));
#1568 = ORIENTED_EDGE('',*,*,#1569,.F.);
#1569 = EDGE_CURVE('',#1570,#371,#1572,.T.);
#1570 = VERTEX_POINT('',#1571);
#1571 = CARTESIAN_POINT('',(-5.670926758E+03,1.934181242322E+03,29.2));
#1572 = LINE('',#1573,#1574);
#1573 = CARTESIAN_POINT('',(-5.670926758E+03,1.934181242322E+03,
    5.999999999999));
#1574 = VECTOR('',#1575,1.);
#1575 = DIRECTION('',(0.,1.1E-16,1.));
#1576 = ORIENTED_EDGE('',*,*,#1577,.T.);
#1577 = EDGE_CURVE('',#1570,#1578,#1580,.T.);
#1578 = VERTEX_POINT('',#1579);
#1579 = CARTESIAN_POINT('',(-5.670926758E+03,1.94015604815E+03,
    22.662659696602));
#1580 = LINE('',#1581,#1582);
#1581 = CARTESIAN_POINT('',(-5.670926758E+03,1.949622149608E+03,
    12.305314477702));
#1582 = VECTOR('',#1583,1.);
#1583 = DIRECTION('',(0.,0.674634435495,-0.738152002262));
#1584 = ORIENTED_EDGE('',*,*,#1585,.T.);
#1585 = EDGE_CURVE('',#1578,#1586,#1588,.T.);
#1586 = VERTEX_POINT('',#1587);
#1587 = CARTESIAN_POINT('',(-5.670926758E+03,1.942281242322E+03,
    22.662659696601));
#1588 = LINE('',#1589,#1590);
#1589 = CARTESIAN_POINT('',(-5.670926758E+03,1.944781242322E+03,
    22.662659696601));
#1590 = VECTOR('',#1591,1.);
#1591 = DIRECTION('',(0.,1.,6.177E-14));
#1592 = ORIENTED_EDGE('',*,*,#1593,.F.);
#1593 = EDGE_CURVE('',#1594,#1586,#1596,.T.);
#1594 = VERTEX_POINT('',#1595);
#1595 = CARTESIAN_POINT('',(-5.670926758E+03,1.942281242322E+03,
    26.338952944812));
#1596 = LINE('',#1597,#1598);
#1597 = CARTESIAN_POINT('',(-5.670926758E+03,1.942281242322E+03,
    20.599999999999));
#1598 = VECTOR('',#1599,1.);
#1599 = DIRECTION('',(0.,-1.1E-16,-1.));
#1600 = ORIENTED_EDGE('',*,*,#1601,.T.);
#1601 = EDGE_CURVE('',#1594,#1602,#1604,.T.);
#1602 = VERTEX_POINT('',#1603);
#1603 = CARTESIAN_POINT('',(-5.670926758E+03,1.9396698E+03,29.2));
#1604 = LINE('',#1605,#1606);
#1605 = CARTESIAN_POINT('',(-5.670926758E+03,1.949924984353E+03,
    17.964613047042));
#1606 = VECTOR('',#1607,1.);
#1607 = DIRECTION('',(0.,-0.674154187388,0.738590638735));
#1608 = ORIENTED_EDGE('',*,*,#1609,.T.);
#1609 = EDGE_CURVE('',#1602,#1610,#1612,.T.);
#1610 = VERTEX_POINT('',#1611);
#1611 = CARTESIAN_POINT('',(-5.670926758E+03,1.942281242322E+03,29.2));
#1612 = LINE('',#1613,#1614);
#1613 = CARTESIAN_POINT('',(-5.670926758E+03,1.954639863012E+03,29.2));
#1614 = VECTOR('',#1615,1.);
#1615 = DIRECTION('',(0.,1.,1.1E-16));
#1616 = ORIENTED_EDGE('',*,*,#1617,.F.);
#1617 = EDGE_CURVE('',#369,#1610,#1618,.T.);
#1618 = LINE('',#1619,#1620);
#1619 = CARTESIAN_POINT('',(-5.670926758E+03,1.942281242322E+03,
    20.599999999999));
#1620 = VECTOR('',#1621,1.);
#1621 = DIRECTION('',(0.,-1.1E-16,-1.));
#1622 = ORIENTED_EDGE('',*,*,#368,.T.);
#1623 = PLANE('',#1624);
#1624 = AXIS2_PLACEMENT_3D('',#1625,#1626,#1627);
#1625 = CARTESIAN_POINT('',(-5.670926758E+03,1.959381242322E+03,
    5.999999999999));
#1626 = DIRECTION('',(1.,0.,0.));
#1627 = DIRECTION('',(0.,-1.,1.1E-16));
#1628 = ADVANCED_FACE('',(#1629),#1647,.T.);
#1629 = FACE_BOUND('',#1630,.T.);
#1630 = EDGE_LOOP('',(#1631,#1632,#1640,#1646));
#1631 = ORIENTED_EDGE('',*,*,#426,.T.);
#1632 = ORIENTED_EDGE('',*,*,#1633,.T.);
#1633 = EDGE_CURVE('',#419,#1634,#1636,.T.);
#1634 = VERTEX_POINT('',#1635);
#1635 = CARTESIAN_POINT('',(-5.667926758E+03,1.942281242322E+03,
    29.200000000001));
#1636 = LINE('',#1637,#1638);
#1637 = CARTESIAN_POINT('',(-5.667926758E+03,1.942281242322E+03,
    35.199999999999));
#1638 = VECTOR('',#1639,1.);
#1639 = DIRECTION('',(-1.441E-14,-1.1E-16,-1.));
#1640 = ORIENTED_EDGE('',*,*,#1641,.T.);
#1641 = EDGE_CURVE('',#1634,#1610,#1642,.T.);
#1642 = LINE('',#1643,#1644);
#1643 = CARTESIAN_POINT('',(-5.696676758E+03,1.942281242322E+03,
    29.200000000001));
#1644 = VECTOR('',#1645,1.);
#1645 = DIRECTION('',(-1.,-0.,-0.));
#1646 = ORIENTED_EDGE('',*,*,#1617,.F.);
#1647 = PLANE('',#1648);
#1648 = AXIS2_PLACEMENT_3D('',#1649,#1650,#1651);
#1649 = CARTESIAN_POINT('',(-5.669426758E+03,1.942281242322E+03,32.2));
#1650 = DIRECTION('',(0.,1.,0.));
#1651 = DIRECTION('',(0.,0.,1.));
#1652 = ADVANCED_FACE('',(#1653),#1671,.F.);
#1653 = FACE_BOUND('',#1654,.F.);
#1654 = EDGE_LOOP('',(#1655,#1656,#1657,#1665));
#1655 = ORIENTED_EDGE('',*,*,#418,.F.);
#1656 = ORIENTED_EDGE('',*,*,#1633,.T.);
#1657 = ORIENTED_EDGE('',*,*,#1658,.F.);
#1658 = EDGE_CURVE('',#1659,#1634,#1661,.T.);
#1659 = VERTEX_POINT('',#1660);
#1660 = CARTESIAN_POINT('',(-5.667926758E+03,1.947281242322E+03,
    29.200000000001));
#1661 = LINE('',#1662,#1663);
#1662 = CARTESIAN_POINT('',(-5.667926758E+03,1.946089863012E+03,29.2));
#1663 = VECTOR('',#1664,1.);
#1664 = DIRECTION('',(-0.,-1.,-2.2E-16));
#1665 = ORIENTED_EDGE('',*,*,#1666,.F.);
#1666 = EDGE_CURVE('',#411,#1659,#1667,.T.);
#1667 = LINE('',#1668,#1669);
#1668 = CARTESIAN_POINT('',(-5.667926758E+03,1.947281242322E+03,
    35.199999999999));
#1669 = VECTOR('',#1670,1.);
#1670 = DIRECTION('',(-1.441E-14,-1.1E-16,-1.));
#1671 = PLANE('',#1672);
#1672 = AXIS2_PLACEMENT_3D('',#1673,#1674,#1675);
#1673 = CARTESIAN_POINT('',(-5.667926758E+03,1.942281242322E+03,
    35.199999999999));
#1674 = DIRECTION('',(1.,0.,-1.441E-14));
#1675 = DIRECTION('',(-1.5851E-30,1.,-1.1E-16));
#1676 = ADVANCED_FACE('',(#1677),#1695,.T.);
#1677 = FACE_BOUND('',#1678,.T.);
#1678 = EDGE_LOOP('',(#1679,#1680,#1688,#1694));
#1679 = ORIENTED_EDGE('',*,*,#410,.T.);
#1680 = ORIENTED_EDGE('',*,*,#1681,.F.);
#1681 = EDGE_CURVE('',#1682,#403,#1684,.T.);
#1682 = VERTEX_POINT('',#1683);
#1683 = CARTESIAN_POINT('',(-5.670926758E+03,1.947281242322E+03,29.2));
#1684 = LINE('',#1685,#1686);
#1685 = CARTESIAN_POINT('',(-5.670926758E+03,1.947281242322E+03,
    20.599999999999));
#1686 = VECTOR('',#1687,1.);
#1687 = DIRECTION('',(0.,1.1E-16,1.));
#1688 = ORIENTED_EDGE('',*,*,#1689,.T.);
#1689 = EDGE_CURVE('',#1682,#1659,#1690,.T.);
#1690 = LINE('',#1691,#1692);
#1691 = CARTESIAN_POINT('',(-5.668426758E+03,1.947281242322E+03,
    29.200000000001));
#1692 = VECTOR('',#1693,1.);
#1693 = DIRECTION('',(1.,0.,-1.441E-14));
#1694 = ORIENTED_EDGE('',*,*,#1666,.F.);
#1695 = PLANE('',#1696);
#1696 = AXIS2_PLACEMENT_3D('',#1697,#1698,#1699);
#1697 = CARTESIAN_POINT('',(-5.669426758E+03,1.947281242322E+03,32.2));
#1698 = DIRECTION('',(-0.,-1.,-0.));
#1699 = DIRECTION('',(0.,0.,-1.));
#1700 = ADVANCED_FACE('',(#1701),#1751,.F.);
#1701 = FACE_BOUND('',#1702,.F.);
#1702 = EDGE_LOOP('',(#1703,#1713,#1721,#1729,#1735,#1736,#1737,#1745));
#1703 = ORIENTED_EDGE('',*,*,#1704,.F.);
#1704 = EDGE_CURVE('',#1705,#1707,#1709,.T.);
#1705 = VERTEX_POINT('',#1706);
#1706 = CARTESIAN_POINT('',(-5.670926758E+03,1.947281242322E+03,
    22.662659696601));
#1707 = VERTEX_POINT('',#1708);
#1708 = CARTESIAN_POINT('',(-5.670926758E+03,1.947281242322E+03,
    26.335849056653));
#1709 = LINE('',#1710,#1711);
#1710 = CARTESIAN_POINT('',(-5.670926758E+03,1.947281242322E+03,
    20.599999999999));
#1711 = VECTOR('',#1712,1.);
#1712 = DIRECTION('',(0.,1.1E-16,1.));
#1713 = ORIENTED_EDGE('',*,*,#1714,.T.);
#1714 = EDGE_CURVE('',#1705,#1715,#1717,.T.);
#1715 = VERTEX_POINT('',#1716);
#1716 = CARTESIAN_POINT('',(-5.670926758E+03,1.949414072311E+03,
    22.662659696602));
#1717 = LINE('',#1718,#1719);
#1718 = CARTESIAN_POINT('',(-5.670926758E+03,1.944781242322E+03,
    22.662659696601));
#1719 = VECTOR('',#1720,1.);
#1720 = DIRECTION('',(0.,1.,6.177E-14));
#1721 = ORIENTED_EDGE('',*,*,#1722,.F.);
#1722 = EDGE_CURVE('',#1723,#1715,#1725,.T.);
#1723 = VERTEX_POINT('',#1724);
#1724 = CARTESIAN_POINT('',(-5.670926758E+03,1.955381242322E+03,29.2));
#1725 = LINE('',#1726,#1727);
#1726 = CARTESIAN_POINT('',(-5.670926758E+03,1.946587168327E+03,
    19.565641626681));
#1727 = VECTOR('',#1728,1.);
#1728 = DIRECTION('',(0.,-0.674164248279,-0.738581455455));
#1729 = ORIENTED_EDGE('',*,*,#1730,.T.);
#1730 = EDGE_CURVE('',#1723,#395,#1731,.T.);
#1731 = LINE('',#1732,#1733);
#1732 = CARTESIAN_POINT('',(-5.670926758E+03,1.955381242322E+03,
    5.999999999999));
#1733 = VECTOR('',#1734,1.);
#1734 = DIRECTION('',(0.,1.1E-16,1.));
#1735 = ORIENTED_EDGE('',*,*,#402,.T.);
#1736 = ORIENTED_EDGE('',*,*,#1681,.F.);
#1737 = ORIENTED_EDGE('',*,*,#1738,.T.);
#1738 = EDGE_CURVE('',#1682,#1739,#1741,.T.);
#1739 = VERTEX_POINT('',#1740);
#1740 = CARTESIAN_POINT('',(-5.670926758E+03,1.949898483701E+03,29.2));
#1741 = LINE('',#1742,#1743);
#1742 = CARTESIAN_POINT('',(-5.670926758E+03,1.954639863012E+03,29.2));
#1743 = VECTOR('',#1744,1.);
#1744 = DIRECTION('',(0.,1.,1.1E-16));
#1745 = ORIENTED_EDGE('',*,*,#1746,.F.);
#1746 = EDGE_CURVE('',#1707,#1739,#1747,.T.);
#1747 = LINE('',#1748,#1749);
#1748 = CARTESIAN_POINT('',(-5.670926758E+03,1.94627951958E+03,
    25.239624169772));
#1749 = VECTOR('',#1750,1.);
#1750 = DIRECTION('',(0.,0.674571099885,0.738209882893));
#1751 = PLANE('',#1752);
#1752 = AXIS2_PLACEMENT_3D('',#1753,#1754,#1755);
#1753 = CARTESIAN_POINT('',(-5.670926758E+03,1.959381242322E+03,
    5.999999999999));
#1754 = DIRECTION('',(1.,0.,0.));
#1755 = DIRECTION('',(0.,-1.,1.1E-16));
#1756 = ADVANCED_FACE('',(#1757,#1853,#1877,#1903),#1929,.F.);
#1757 = FACE_BOUND('',#1758,.F.);
#1758 = EDGE_LOOP('',(#1759,#1767,#1775,#1783,#1791,#1799,#1807,#1815,
    #1823,#1829,#1830,#1838,#1844,#1845,#1846,#1852));
#1759 = ORIENTED_EDGE('',*,*,#1760,.F.);
#1760 = EDGE_CURVE('',#1761,#465,#1763,.T.);
#1761 = VERTEX_POINT('',#1762);
#1762 = CARTESIAN_POINT('',(-5.669926758E+03,1.955381242322E+03,
    12.000000000002));
#1763 = LINE('',#1764,#1765);
#1764 = CARTESIAN_POINT('',(-5.719926758E+03,1.955381242322E+03,12.));
#1765 = VECTOR('',#1766,1.);
#1766 = DIRECTION('',(1.,2.2E-16,0.));
#1767 = ORIENTED_EDGE('',*,*,#1768,.F.);
#1768 = EDGE_CURVE('',#1769,#1761,#1771,.T.);
#1769 = VERTEX_POINT('',#1770);
#1770 = CARTESIAN_POINT('',(-5.670926758E+03,1.955381242322E+03,12.));
#1771 = LINE('',#1772,#1773);
#1772 = CARTESIAN_POINT('',(-5.719926758E+03,1.955381242322E+03,12.));
#1773 = VECTOR('',#1774,1.);
#1774 = DIRECTION('',(1.,2.2E-16,0.));
#1775 = ORIENTED_EDGE('',*,*,#1776,.F.);
#1776 = EDGE_CURVE('',#1777,#1769,#1779,.T.);
#1777 = VERTEX_POINT('',#1778);
#1778 = CARTESIAN_POINT('',(-5.670926758E+03,1.955381242322E+03,
    6.000000000001));
#1779 = LINE('',#1780,#1781);
#1780 = CARTESIAN_POINT('',(-5.670926758E+03,1.955381242322E+03,
    5.999999999999));
#1781 = VECTOR('',#1782,1.);
#1782 = DIRECTION('',(0.,1.1E-16,1.));
#1783 = ORIENTED_EDGE('',*,*,#1784,.F.);
#1784 = EDGE_CURVE('',#1785,#1777,#1787,.T.);
#1785 = VERTEX_POINT('',#1786);
#1786 = CARTESIAN_POINT('',(-5.675926758E+03,1.955381242322E+03,
    6.000000000002));
#1787 = LINE('',#1788,#1789);
#1788 = CARTESIAN_POINT('',(-5.712926758E+03,1.955381242322E+03,6.));
#1789 = VECTOR('',#1790,1.);
#1790 = DIRECTION('',(1.,0.,0.));
#1791 = ORIENTED_EDGE('',*,*,#1792,.T.);
#1792 = EDGE_CURVE('',#1785,#1793,#1795,.T.);
#1793 = VERTEX_POINT('',#1794);
#1794 = CARTESIAN_POINT('',(-5.6889257899E+03,1.955381242322E+03,
    12.988020353727));
#1795 = LINE('',#1796,#1797);
#1796 = CARTESIAN_POINT('',(-5.696778570464E+03,1.955381242322E+03,
    17.209518603533));
#1797 = VECTOR('',#1798,1.);
#1798 = DIRECTION('',(-0.880794988391,-3.2E-16,0.473497823042));
#1799 = ORIENTED_EDGE('',*,*,#1800,.T.);
#1800 = EDGE_CURVE('',#1793,#1801,#1803,.T.);
#1801 = VERTEX_POINT('',#1802);
#1802 = CARTESIAN_POINT('',(-5.701926758E+03,1.955381242322E+03,
    6.000000000002));
#1803 = LINE('',#1804,#1805);
#1804 = CARTESIAN_POINT('',(-5.706193941901E+03,1.955381242322E+03,
    3.706388653173));
#1805 = VECTOR('',#1806,1.);
#1806 = DIRECTION('',(-0.880824397016,3.2E-16,-0.473443113396));
#1807 = ORIENTED_EDGE('',*,*,#1808,.F.);
#1808 = EDGE_CURVE('',#1809,#1801,#1811,.T.);
#1809 = VERTEX_POINT('',#1810);
#1810 = CARTESIAN_POINT('',(-5.712926758E+03,1.955381242322E+03,
    6.000000000001));
#1811 = LINE('',#1812,#1813);
#1812 = CARTESIAN_POINT('',(-5.712926758E+03,1.955381242322E+03,6.));
#1813 = VECTOR('',#1814,1.);
#1814 = DIRECTION('',(1.,0.,0.));
#1815 = ORIENTED_EDGE('',*,*,#1816,.T.);
#1816 = EDGE_CURVE('',#1809,#1817,#1819,.T.);
#1817 = VERTEX_POINT('',#1818);
#1818 = CARTESIAN_POINT('',(-5.712926758E+03,1.955381242322E+03,12.));
#1819 = LINE('',#1820,#1821);
#1820 = CARTESIAN_POINT('',(-5.712926758E+03,1.955381242322E+03,
    5.999999999999));
#1821 = VECTOR('',#1822,1.);
#1822 = DIRECTION('',(0.,1.1E-16,1.));
#1823 = ORIENTED_EDGE('',*,*,#1824,.F.);
#1824 = EDGE_CURVE('',#1219,#1817,#1825,.T.);
#1825 = LINE('',#1826,#1827);
#1826 = CARTESIAN_POINT('',(-5.719926758E+03,1.955381242322E+03,12.));
#1827 = VECTOR('',#1828,1.);
#1828 = DIRECTION('',(1.,2.2E-16,0.));
#1829 = ORIENTED_EDGE('',*,*,#1228,.T.);
#1830 = ORIENTED_EDGE('',*,*,#1831,.T.);
#1831 = EDGE_CURVE('',#1229,#1832,#1834,.T.);
#1832 = VERTEX_POINT('',#1833);
#1833 = CARTESIAN_POINT('',(-5.712926758E+03,1.955381242322E+03,29.2));
#1834 = LINE('',#1835,#1836);
#1835 = CARTESIAN_POINT('',(-5.719926758E+03,1.955381242322E+03,29.2));
#1836 = VECTOR('',#1837,1.);
#1837 = DIRECTION('',(1.,2.2E-16,0.));
#1838 = ORIENTED_EDGE('',*,*,#1839,.T.);
#1839 = EDGE_CURVE('',#1832,#387,#1840,.T.);
#1840 = LINE('',#1841,#1842);
#1841 = CARTESIAN_POINT('',(-5.712926758E+03,1.955381242322E+03,
    5.999999999999));
#1842 = VECTOR('',#1843,1.);
#1843 = DIRECTION('',(0.,1.1E-16,1.));
#1844 = ORIENTED_EDGE('',*,*,#394,.T.);
#1845 = ORIENTED_EDGE('',*,*,#1730,.F.);
#1846 = ORIENTED_EDGE('',*,*,#1847,.T.);
#1847 = EDGE_CURVE('',#1723,#473,#1848,.T.);
#1848 = LINE('',#1849,#1850);
#1849 = CARTESIAN_POINT('',(-5.719926758E+03,1.955381242322E+03,29.2));
#1850 = VECTOR('',#1851,1.);
#1851 = DIRECTION('',(1.,2.2E-16,0.));
#1852 = ORIENTED_EDGE('',*,*,#480,.T.);
#1853 = FACE_BOUND('',#1854,.F.);
#1854 = EDGE_LOOP('',(#1855,#1863,#1871));
#1855 = ORIENTED_EDGE('',*,*,#1856,.T.);
#1856 = EDGE_CURVE('',#1761,#1857,#1859,.T.);
#1857 = VERTEX_POINT('',#1858);
#1858 = CARTESIAN_POINT('',(-5.669926758E+03,1.955381242322E+03,
    23.200000000003));
#1859 = LINE('',#1860,#1861);
#1860 = CARTESIAN_POINT('',(-5.669926758E+03,1.955381242322E+03,
    14.565402843529));
#1861 = VECTOR('',#1862,1.);
#1862 = DIRECTION('',(9.85E-15,-1.1E-16,1.));
#1863 = ORIENTED_EDGE('',*,*,#1864,.T.);
#1864 = EDGE_CURVE('',#1857,#1865,#1867,.T.);
#1865 = VERTEX_POINT('',#1866);
#1866 = CARTESIAN_POINT('',(-5.680346910617E+03,1.955381242322E+03,
    17.600832031477));
#1867 = LINE('',#1868,#1869);
#1868 = CARTESIAN_POINT('',(-5.696870638664E+03,1.955381242322E+03,
    8.721966989139));
#1869 = VECTOR('',#1870,1.);
#1870 = DIRECTION('',(-0.880883054172,-1.4E-16,-0.473333967588));
#1871 = ORIENTED_EDGE('',*,*,#1872,.T.);
#1872 = EDGE_CURVE('',#1865,#1761,#1873,.T.);
#1873 = LINE('',#1874,#1875);
#1874 = CARTESIAN_POINT('',(-5.68535650706E+03,1.955381242322E+03,
    20.293490120018));
#1875 = VECTOR('',#1876,1.);
#1876 = DIRECTION('',(0.880824397016,3.2E-16,-0.473443113396));
#1877 = FACE_BOUND('',#1878,.F.);
#1878 = EDGE_LOOP('',(#1879,#1889,#1897));
#1879 = ORIENTED_EDGE('',*,*,#1880,.F.);
#1880 = EDGE_CURVE('',#1881,#1883,#1885,.T.);
#1881 = VERTEX_POINT('',#1882);
#1882 = CARTESIAN_POINT('',(-5.68892662316E+03,1.955381242322E+03,
    22.212427523465));
#1883 = VERTEX_POINT('',#1884);
#1884 = CARTESIAN_POINT('',(-5.701926758E+03,1.955381242322E+03,
    29.200000000003));
#1885 = LINE('',#1886,#1887);
#1886 = CARTESIAN_POINT('',(-5.70135650706E+03,1.955381242322E+03,
    28.893490120016));
#1887 = VECTOR('',#1888,1.);
#1888 = DIRECTION('',(-0.880824397016,0.,0.473443113396));
#1889 = ORIENTED_EDGE('',*,*,#1890,.F.);
#1890 = EDGE_CURVE('',#1891,#1881,#1893,.T.);
#1891 = VERTEX_POINT('',#1892);
#1892 = CARTESIAN_POINT('',(-5.675926758E+03,1.955381242322E+03,
    29.200000000003));
#1893 = LINE('',#1894,#1895);
#1894 = CARTESIAN_POINT('',(-5.701617302241E+03,1.955381242322E+03,
    15.391046011955));
#1895 = VECTOR('',#1896,1.);
#1896 = DIRECTION('',(-0.880820301236,0.,-0.473450733371));
#1897 = ORIENTED_EDGE('',*,*,#1898,.T.);
#1898 = EDGE_CURVE('',#1891,#1883,#1899,.T.);
#1899 = LINE('',#1900,#1901);
#1900 = CARTESIAN_POINT('',(-5.707426758E+03,1.955381242322E+03,
    29.200000000002));
#1901 = VECTOR('',#1902,1.);
#1902 = DIRECTION('',(-1.,0.,-8.2E-15));
#1903 = FACE_BOUND('',#1904,.F.);
#1904 = EDGE_LOOP('',(#1905,#1915,#1923));
#1905 = ORIENTED_EDGE('',*,*,#1906,.F.);
#1906 = EDGE_CURVE('',#1907,#1909,#1911,.T.);
#1907 = VERTEX_POINT('',#1908);
#1908 = CARTESIAN_POINT('',(-5.697508261333E+03,1.955381242322E+03,
    17.600058041582));
#1909 = VERTEX_POINT('',#1910);
#1910 = CARTESIAN_POINT('',(-5.707926758E+03,1.955381242322E+03,
    12.000000000004));
#1911 = LINE('',#1912,#1913);
#1912 = CARTESIAN_POINT('',(-5.711117444063E+03,1.955381242322E+03,
    10.284970690315));
#1913 = VECTOR('',#1914,1.);
#1914 = DIRECTION('',(-0.880820304295,0.,-0.473450727681));
#1915 = ORIENTED_EDGE('',*,*,#1916,.T.);
#1916 = EDGE_CURVE('',#1907,#1917,#1919,.T.);
#1917 = VERTEX_POINT('',#1918);
#1918 = CARTESIAN_POINT('',(-5.707926758E+03,1.955381242322E+03,
    23.200000000003));
#1919 = LINE('',#1920,#1921);
#1920 = CARTESIAN_POINT('',(-5.70628001294E+03,1.955381242322E+03,
    22.314874530248));
#1921 = VECTOR('',#1922,1.);
#1922 = DIRECTION('',(-0.880824397016,0.,0.473443113396));
#1923 = ORIENTED_EDGE('',*,*,#1924,.F.);
#1924 = EDGE_CURVE('',#1909,#1917,#1925,.T.);
#1925 = LINE('',#1926,#1927);
#1926 = CARTESIAN_POINT('',(-5.707926758E+03,1.955381242322E+03,
    14.599999999999));
#1927 = VECTOR('',#1928,1.);
#1928 = DIRECTION('',(0.,0.,1.));
#1929 = PLANE('',#1930);
#1930 = AXIS2_PLACEMENT_3D('',#1931,#1932,#1933);
#1931 = CARTESIAN_POINT('',(-5.688793305239E+03,1.955381242322E+03,
    20.347099772341));
#1932 = DIRECTION('',(0.,1.,0.));
#1933 = DIRECTION('',(0.,0.,1.));
#1934 = ADVANCED_FACE('',(#1935,#1998),#2024,.T.);
#1935 = FACE_BOUND('',#1936,.T.);
#1936 = EDGE_LOOP('',(#1937,#1945,#1953,#1959,#1960,#1968,#1974,#1975,
    #1976,#1984,#1992));
#1937 = ORIENTED_EDGE('',*,*,#1938,.F.);
#1938 = EDGE_CURVE('',#797,#1939,#1941,.T.);
#1939 = VERTEX_POINT('',#1940);
#1940 = CARTESIAN_POINT('',(-5.712926758E+03,1.934181242322E+03,12.));
#1941 = LINE('',#1942,#1943);
#1942 = CARTESIAN_POINT('',(-5.712926758E+03,1.934181242322E+03,
    5.999999999999));
#1943 = VECTOR('',#1944,1.);
#1944 = DIRECTION('',(0.,1.1E-16,1.));
#1945 = ORIENTED_EDGE('',*,*,#1946,.T.);
#1946 = EDGE_CURVE('',#797,#1947,#1949,.T.);
#1947 = VERTEX_POINT('',#1948);
#1948 = CARTESIAN_POINT('',(-5.712926758E+03,1.944781242322E+03,17.6));
#1949 = LINE('',#1950,#1951);
#1950 = CARTESIAN_POINT('',(-5.712926758E+03,1.945240050797E+03,
    18.102092293915));
#1951 = VECTOR('',#1952,1.);
#1952 = DIRECTION('',(0.,0.674571099885,0.738209882893));
#1953 = ORIENTED_EDGE('',*,*,#1954,.T.);
#1954 = EDGE_CURVE('',#1947,#1809,#1955,.T.);
#1955 = LINE('',#1956,#1957);
#1956 = CARTESIAN_POINT('',(-5.712926758E+03,1.949622433846E+03,
    12.302092293915));
#1957 = VECTOR('',#1958,1.);
#1958 = DIRECTION('',(0.,0.674571099885,-0.738209882893));
#1959 = ORIENTED_EDGE('',*,*,#1816,.T.);
#1960 = ORIENTED_EDGE('',*,*,#1961,.F.);
#1961 = EDGE_CURVE('',#1962,#1817,#1964,.T.);
#1962 = VERTEX_POINT('',#1963);
#1963 = CARTESIAN_POINT('',(-5.712926758E+03,1.947526969509E+03,
    20.595241945657));
#1964 = LINE('',#1965,#1966);
#1965 = CARTESIAN_POINT('',(-5.712926758E+03,1.951116359004E+03,
    16.667230800314));
#1966 = VECTOR('',#1967,1.);
#1967 = DIRECTION('',(0.,0.674571099885,-0.738209882893));
#1968 = ORIENTED_EDGE('',*,*,#1969,.F.);
#1969 = EDGE_CURVE('',#1832,#1962,#1970,.T.);
#1970 = LINE('',#1971,#1972);
#1971 = CARTESIAN_POINT('',(-5.712926758E+03,1.946616065844E+03,
    19.597300336096));
#1972 = VECTOR('',#1973,1.);
#1973 = DIRECTION('',(0.,-0.674164248279,-0.738581455455));
#1974 = ORIENTED_EDGE('',*,*,#1839,.T.);
#1975 = ORIENTED_EDGE('',*,*,#386,.F.);
#1976 = ORIENTED_EDGE('',*,*,#1977,.F.);
#1977 = EDGE_CURVE('',#1978,#379,#1980,.T.);
#1978 = VERTEX_POINT('',#1979);
#1979 = CARTESIAN_POINT('',(-5.712926758E+03,1.934181242322E+03,29.2));
#1980 = LINE('',#1981,#1982);
#1981 = CARTESIAN_POINT('',(-5.712926758E+03,1.934181242322E+03,
    5.999999999999));
#1982 = VECTOR('',#1983,1.);
#1983 = DIRECTION('',(0.,1.1E-16,1.));
#1984 = ORIENTED_EDGE('',*,*,#1985,.T.);
#1985 = EDGE_CURVE('',#1978,#1986,#1988,.T.);
#1986 = VERTEX_POINT('',#1987);
#1987 = CARTESIAN_POINT('',(-5.712926758E+03,1.942040540014E+03,
    20.600740871075));
#1988 = LINE('',#1989,#1990);
#1989 = CARTESIAN_POINT('',(-5.712926758E+03,1.942952573191E+03,
    19.602838778138));
#1990 = VECTOR('',#1991,1.);
#1991 = DIRECTION('',(0.,0.674634435495,-0.738152002262));
#1992 = ORIENTED_EDGE('',*,*,#1993,.T.);
#1993 = EDGE_CURVE('',#1986,#1939,#1994,.T.);
#1994 = LINE('',#1995,#1996);
#1995 = CARTESIAN_POINT('',(-5.712926758E+03,1.938446125639E+03,
    16.667230800314));
#1996 = VECTOR('',#1997,1.);
#1997 = DIRECTION('',(0.,-0.674571099885,-0.738209882893));
#1998 = FACE_BOUND('',#1999,.T.);
#1999 = EDGE_LOOP('',(#2000,#2010,#2018));
#2000 = ORIENTED_EDGE('',*,*,#2001,.F.);
#2001 = EDGE_CURVE('',#2002,#2004,#2006,.T.);
#2002 = VERTEX_POINT('',#2003);
#2003 = CARTESIAN_POINT('',(-5.712926758E+03,1.944781242322E+03,23.6));
#2004 = VERTEX_POINT('',#2005);
#2005 = CARTESIAN_POINT('',(-5.712926758E+03,1.949898483701E+03,29.2));
#2006 = LINE('',#2007,#2008);
#2007 = CARTESIAN_POINT('',(-5.712926758E+03,1.946304746329E+03,
    25.267230800314));
#2008 = VECTOR('',#2009,1.);
#2009 = DIRECTION('',(0.,0.674571099885,0.738209882893));
#2010 = ORIENTED_EDGE('',*,*,#2011,.T.);
#2011 = EDGE_CURVE('',#2002,#2012,#2014,.T.);
#2012 = VERTEX_POINT('',#2013);
#2013 = CARTESIAN_POINT('',(-5.712926758E+03,1.9396698E+03,29.2));
#2014 = LINE('',#2015,#2016);
#2015 = CARTESIAN_POINT('',(-5.712926758E+03,1.943260531664E+03,
    25.266061973585));
#2016 = VECTOR('',#2017,1.);
#2017 = DIRECTION('',(0.,-0.674154187388,0.738590638735));
#2018 = ORIENTED_EDGE('',*,*,#2019,.T.);
#2019 = EDGE_CURVE('',#2012,#2004,#2020,.T.);
#2020 = LINE('',#2021,#2022);
#2021 = CARTESIAN_POINT('',(-5.712926758E+03,1.947339863012E+03,29.2));
#2022 = VECTOR('',#2023,1.);
#2023 = DIRECTION('',(0.,1.,1.1E-16));
#2024 = PLANE('',#2025);
#2025 = AXIS2_PLACEMENT_3D('',#2026,#2027,#2028);
#2026 = CARTESIAN_POINT('',(-5.712926758E+03,1.944781242322E+03,
    19.442696629212));
#2027 = DIRECTION('',(1.,0.,0.));
#2028 = DIRECTION('',(0.,0.,1.));
#2029 = ADVANCED_FACE('',(#2030,#2080,#2085,#2090),#2095,.T.);
#2030 = FACE_BOUND('',#2031,.T.);
#2031 = EDGE_LOOP('',(#2032,#2038,#2046,#2052,#2053,#2054,#2055,#2056,
    #2057,#2063,#2064,#2070,#2071,#2072,#2073,#2079));
#2032 = ORIENTED_EDGE('',*,*,#2033,.F.);
#2033 = EDGE_CURVE('',#860,#583,#2034,.T.);
#2034 = LINE('',#2035,#2036);
#2035 = CARTESIAN_POINT('',(-5.719926758E+03,1.934181242322E+03,12.));
#2036 = VECTOR('',#2037,1.);
#2037 = DIRECTION('',(1.,2.2E-16,0.));
#2038 = ORIENTED_EDGE('',*,*,#2039,.F.);
#2039 = EDGE_CURVE('',#2040,#860,#2042,.T.);
#2040 = VERTEX_POINT('',#2041);
#2041 = CARTESIAN_POINT('',(-5.670926758E+03,1.934181242322E+03,12.));
#2042 = LINE('',#2043,#2044);
#2043 = CARTESIAN_POINT('',(-5.719926758E+03,1.934181242322E+03,12.));
#2044 = VECTOR('',#2045,1.);
#2045 = DIRECTION('',(1.,2.2E-16,0.));
#2046 = ORIENTED_EDGE('',*,*,#2047,.F.);
#2047 = EDGE_CURVE('',#766,#2040,#2048,.T.);
#2048 = LINE('',#2049,#2050);
#2049 = CARTESIAN_POINT('',(-5.670926758E+03,1.934181242322E+03,
    5.999999999999));
#2050 = VECTOR('',#2051,1.);
#2051 = DIRECTION('',(0.,1.1E-16,1.));
#2052 = ORIENTED_EDGE('',*,*,#765,.T.);
#2053 = ORIENTED_EDGE('',*,*,#827,.F.);
#2054 = ORIENTED_EDGE('',*,*,#844,.F.);
#2055 = ORIENTED_EDGE('',*,*,#804,.T.);
#2056 = ORIENTED_EDGE('',*,*,#1938,.T.);
#2057 = ORIENTED_EDGE('',*,*,#2058,.F.);
#2058 = EDGE_CURVE('',#1307,#1939,#2059,.T.);
#2059 = LINE('',#2060,#2061);
#2060 = CARTESIAN_POINT('',(-5.719926758E+03,1.934181242322E+03,12.));
#2061 = VECTOR('',#2062,1.);
#2062 = DIRECTION('',(1.,2.2E-16,0.));
#2063 = ORIENTED_EDGE('',*,*,#1304,.F.);
#2064 = ORIENTED_EDGE('',*,*,#2065,.T.);
#2065 = EDGE_CURVE('',#1305,#1978,#2066,.T.);
#2066 = LINE('',#2067,#2068);
#2067 = CARTESIAN_POINT('',(-5.719926758E+03,1.934181242322E+03,29.2));
#2068 = VECTOR('',#2069,1.);
#2069 = DIRECTION('',(1.,2.2E-16,0.));
#2070 = ORIENTED_EDGE('',*,*,#1977,.T.);
#2071 = ORIENTED_EDGE('',*,*,#378,.F.);
#2072 = ORIENTED_EDGE('',*,*,#1569,.F.);
#2073 = ORIENTED_EDGE('',*,*,#2074,.T.);
#2074 = EDGE_CURVE('',#1570,#573,#2075,.T.);
#2075 = LINE('',#2076,#2077);
#2076 = CARTESIAN_POINT('',(-5.719926758E+03,1.934181242322E+03,29.2));
#2077 = VECTOR('',#2078,1.);
#2078 = DIRECTION('',(1.,2.2E-16,0.));
#2079 = ORIENTED_EDGE('',*,*,#590,.F.);
#2080 = FACE_BOUND('',#2081,.T.);
#2081 = EDGE_LOOP('',(#2082,#2083,#2084));
#2082 = ORIENTED_EDGE('',*,*,#876,.F.);
#2083 = ORIENTED_EDGE('',*,*,#899,.F.);
#2084 = ORIENTED_EDGE('',*,*,#916,.F.);
#2085 = FACE_BOUND('',#2086,.T.);
#2086 = EDGE_LOOP('',(#2087,#2088,#2089));
#2087 = ORIENTED_EDGE('',*,*,#733,.F.);
#2088 = ORIENTED_EDGE('',*,*,#685,.T.);
#2089 = ORIENTED_EDGE('',*,*,#709,.T.);
#2090 = FACE_BOUND('',#2091,.T.);
#2091 = EDGE_LOOP('',(#2092,#2093,#2094));
#2092 = ORIENTED_EDGE('',*,*,#637,.T.);
#2093 = ORIENTED_EDGE('',*,*,#661,.F.);
#2094 = ORIENTED_EDGE('',*,*,#613,.T.);
#2095 = PLANE('',#2096);
#2096 = AXIS2_PLACEMENT_3D('',#2097,#2098,#2099);
#2097 = CARTESIAN_POINT('',(-5.688793305239E+03,1.934181242322E+03,
    20.347099772341));
#2098 = DIRECTION('',(4.2E-16,1.,-5.4E-16));
#2099 = DIRECTION('',(0.,5.4E-16,1.));
#2100 = ADVANCED_FACE('',(#2101),#2161,.F.);
#2101 = FACE_BOUND('',#2102,.F.);
#2102 = EDGE_LOOP('',(#2103,#2110,#2111,#2112,#2121,#2130,#2137,#2144,
    #2145,#2154));
#2103 = ORIENTED_EDGE('',*,*,#2104,.T.);
#2104 = EDGE_CURVE('',#2105,#435,#2107,.T.);
#2105 = VERTEX_POINT('',#2106);
#2106 = CARTESIAN_POINT('',(-5.665926758E+03,1.949531242322E+03,29.2));
#2107 = B_SPLINE_CURVE_WITH_KNOTS('',1,(#2108,#2109),.UNSPECIFIED.,.F.,
  .F.,(2,2),(-25.,2.1316E-13),.PIECEWISE_BEZIER_KNOTS.);
#2108 = CARTESIAN_POINT('',(-5.665926758E+03,1.949531242322E+03,
    10.200000000001));
#2109 = CARTESIAN_POINT('',(-5.665926758E+03,1.949531242322E+03,
    35.200000000001));
#2110 = ORIENTED_EDGE('',*,*,#434,.F.);
#2111 = ORIENTED_EDGE('',*,*,#2104,.F.);
#2112 = ORIENTED_EDGE('',*,*,#2113,.T.);
#2113 = EDGE_CURVE('',#2105,#2114,#2116,.T.);
#2114 = VERTEX_POINT('',#2115);
#2115 = CARTESIAN_POINT('',(-5.665996632317E+03,1.949898483701E+03,29.2)
  );
#2116 = CIRCLE('',#2117,1.);
#2117 = AXIS2_PLACEMENT_3D('',#2118,#2119,#2120);
#2118 = CARTESIAN_POINT('',(-5.666926758E+03,1.949531242322E+03,29.2));
#2119 = DIRECTION('',(0.,-6.7E-16,1.));
#2120 = DIRECTION('',(1.,0.,0.));
#2121 = ORIENTED_EDGE('',*,*,#2122,.T.);
#2122 = EDGE_CURVE('',#2114,#2123,#2125,.T.);
#2123 = VERTEX_POINT('',#2124);
#2124 = CARTESIAN_POINT('',(-5.665926758E+03,1.949531242322E+03,
    28.798113207548));
#2125 = ELLIPSE('',#2126,1.48242342456,1.);
#2126 = AXIS2_PLACEMENT_3D('',#2127,#2128,#2129);
#2127 = CARTESIAN_POINT('',(-5.666926758E+03,1.949531242322E+03,
    28.798113207548));
#2128 = DIRECTION('',(-1.6E-16,0.738209882893,-0.674571099885));
#2129 = DIRECTION('',(-1.5E-16,0.674571099885,0.738209882893));
#2130 = ORIENTED_EDGE('',*,*,#2131,.F.);
#2131 = EDGE_CURVE('',#2132,#2123,#2134,.T.);
#2132 = VERTEX_POINT('',#2133);
#2133 = CARTESIAN_POINT('',(-5.665926758E+03,1.949531242322E+03,
    22.791025443073));
#2134 = B_SPLINE_CURVE_WITH_KNOTS('',1,(#2135,#2136),.UNSPECIFIED.,.F.,
  .F.,(2,2),(-25.,2.1316E-13),.PIECEWISE_BEZIER_KNOTS.);
#2135 = CARTESIAN_POINT('',(-5.665926758E+03,1.949531242322E+03,
    10.200000000001));
#2136 = CARTESIAN_POINT('',(-5.665926758E+03,1.949531242322E+03,
    35.200000000001));
#2137 = ORIENTED_EDGE('',*,*,#2138,.T.);
#2138 = EDGE_CURVE('',#2132,#2132,#2139,.T.);
#2139 = ELLIPSE('',#2140,1.483318052763,1.);
#2140 = AXIS2_PLACEMENT_3D('',#2141,#2142,#2143);
#2141 = CARTESIAN_POINT('',(-5.666926758E+03,1.949531242322E+03,
    22.791025443073));
#2142 = DIRECTION('',(1.6E-16,-0.738581455455,0.674164248279));
#2143 = DIRECTION('',(-1.5E-16,0.674164248279,0.738581455455));
#2144 = ORIENTED_EDGE('',*,*,#2131,.T.);
#2145 = ORIENTED_EDGE('',*,*,#2146,.T.);
#2146 = EDGE_CURVE('',#2123,#2147,#2149,.T.);
#2147 = VERTEX_POINT('',#2148);
#2148 = CARTESIAN_POINT('',(-5.667856883683E+03,1.949898483701E+03,29.2)
  );
#2149 = ELLIPSE('',#2150,1.48242342456,1.);
#2150 = AXIS2_PLACEMENT_3D('',#2151,#2152,#2153);
#2151 = CARTESIAN_POINT('',(-5.666926758E+03,1.949531242322E+03,
    28.798113207548));
#2152 = DIRECTION('',(-1.6E-16,0.738209882893,-0.674571099885));
#2153 = DIRECTION('',(-1.5E-16,0.674571099885,0.738209882893));
#2154 = ORIENTED_EDGE('',*,*,#2155,.T.);
#2155 = EDGE_CURVE('',#2147,#2105,#2156,.T.);
#2156 = CIRCLE('',#2157,1.);
#2157 = AXIS2_PLACEMENT_3D('',#2158,#2159,#2160);
#2158 = CARTESIAN_POINT('',(-5.666926758E+03,1.949531242322E+03,29.2));
#2159 = DIRECTION('',(0.,-6.7E-16,1.));
#2160 = DIRECTION('',(1.,0.,0.));
#2161 = CYLINDRICAL_SURFACE('',#2162,1.);
#2162 = AXIS2_PLACEMENT_3D('',#2163,#2164,#2165);
#2163 = CARTESIAN_POINT('',(-5.666926758E+03,1.949531242322E+03,35.2));
#2164 = DIRECTION('',(0.,-3.3E-16,1.));
#2165 = DIRECTION('',(1.,0.,0.));
#2166 = ADVANCED_FACE('',(#2167,#2185),#2196,.F.);
#2167 = FACE_BOUND('',#2168,.F.);
#2168 = EDGE_LOOP('',(#2169,#2177,#2183,#2184));
#2169 = ORIENTED_EDGE('',*,*,#2170,.F.);
#2170 = EDGE_CURVE('',#2171,#463,#2173,.T.);
#2171 = VERTEX_POINT('',#2172);
#2172 = CARTESIAN_POINT('',(-5.669926758E+03,1.947526969509E+03,
    20.595241945657));
#2173 = LINE('',#2174,#2175);
#2174 = CARTESIAN_POINT('',(-5.719926758E+03,1.947526969509E+03,
    20.595241945657));
#2175 = VECTOR('',#2176,1.);
#2176 = DIRECTION('',(1.,2.2E-16,0.));
#2177 = ORIENTED_EDGE('',*,*,#2178,.F.);
#2178 = EDGE_CURVE('',#1761,#2171,#2179,.T.);
#2179 = LINE('',#2180,#2181);
#2180 = CARTESIAN_POINT('',(-5.669926758E+03,1.951691991011E+03,
    16.037293887169));
#2181 = VECTOR('',#2182,1.);
#2182 = DIRECTION('',(-3.425E-14,-0.674571099885,0.738209882893));
#2183 = ORIENTED_EDGE('',*,*,#1760,.T.);
#2184 = ORIENTED_EDGE('',*,*,#462,.F.);
#2185 = FACE_BOUND('',#2186,.F.);
#2186 = EDGE_LOOP('',(#2187));
#2187 = ORIENTED_EDGE('',*,*,#2188,.F.);
#2188 = EDGE_CURVE('',#2189,#2189,#2191,.T.);
#2189 = VERTEX_POINT('',#2190);
#2190 = CARTESIAN_POINT('',(-5.665926758E+03,1.949531242322E+03,
    18.401886792453));
#2191 = ELLIPSE('',#2192,1.48242342456,1.);
#2192 = AXIS2_PLACEMENT_3D('',#2193,#2194,#2195);
#2193 = CARTESIAN_POINT('',(-5.666926758E+03,1.949531242322E+03,
    18.401886792453));
#2194 = DIRECTION('',(1.6E-16,-0.738209882893,-0.674571099885));
#2195 = DIRECTION('',(1.5E-16,-0.674571099885,0.738209882893));
#2196 = PLANE('',#2197);
#2197 = AXIS2_PLACEMENT_3D('',#2198,#2199,#2200);
#2198 = CARTESIAN_POINT('',(-5.719926758E+03,1.955381242322E+03,12.));
#2199 = DIRECTION('',(1.6E-16,-0.738209882893,-0.674571099885));
#2200 = DIRECTION('',(1.5E-16,-0.674571099885,0.738209882893));
#2201 = ADVANCED_FACE('',(#2202,#2222),#2225,.F.);
#2202 = FACE_BOUND('',#2203,.F.);
#2203 = EDGE_LOOP('',(#2204,#2212,#2213,#2214,#2215,#2216));
#2204 = ORIENTED_EDGE('',*,*,#2205,.F.);
#2205 = EDGE_CURVE('',#2171,#2206,#2208,.T.);
#2206 = VERTEX_POINT('',#2207);
#2207 = CARTESIAN_POINT('',(-5.669926758E+03,1.949904547152E+03,
    23.200000000003));
#2208 = LINE('',#2209,#2210);
#2209 = CARTESIAN_POINT('',(-5.669926758E+03,1.946040491451E+03,
    18.966729115094));
#2210 = VECTOR('',#2211,1.);
#2211 = DIRECTION('',(4.876E-14,0.674164248279,0.738581455455));
#2212 = ORIENTED_EDGE('',*,*,#2170,.T.);
#2213 = ORIENTED_EDGE('',*,*,#472,.F.);
#2214 = ORIENTED_EDGE('',*,*,#1847,.F.);
#2215 = ORIENTED_EDGE('',*,*,#1722,.T.);
#2216 = ORIENTED_EDGE('',*,*,#2217,.F.);
#2217 = EDGE_CURVE('',#2206,#1715,#2218,.T.);
#2218 = LINE('',#2219,#2220);
#2219 = CARTESIAN_POINT('',(-5.694666302583E+03,1.937770422963E+03,
    9.906445607539));
#2220 = VECTOR('',#2221,1.);
#2221 = DIRECTION('',(-0.808637041743,-0.396616124236,-0.43451327335));
#2222 = FACE_BOUND('',#2223,.F.);
#2223 = EDGE_LOOP('',(#2224));
#2224 = ORIENTED_EDGE('',*,*,#2138,.F.);
#2225 = PLANE('',#2226);
#2226 = AXIS2_PLACEMENT_3D('',#2227,#2228,#2229);
#2227 = CARTESIAN_POINT('',(-5.719926758E+03,1.947526969509E+03,
    20.595241945657));
#2228 = DIRECTION('',(1.6E-16,-0.738581455455,0.674164248279));
#2229 = DIRECTION('',(-1.5E-16,0.674164248279,0.738581455455));
#2230 = ADVANCED_FACE('',(#2231),#2271,.F.);
#2231 = FACE_BOUND('',#2232,.F.);
#2232 = EDGE_LOOP('',(#2233,#2241,#2249,#2255,#2256,#2262,#2263,#2264,
    #2270));
#2233 = ORIENTED_EDGE('',*,*,#2234,.F.);
#2234 = EDGE_CURVE('',#2235,#489,#2237,.T.);
#2235 = VERTEX_POINT('',#2236);
#2236 = CARTESIAN_POINT('',(-5.667926758E+03,1.944781242322E+03,
    23.600000000001));
#2237 = LINE('',#2238,#2239);
#2238 = CARTESIAN_POINT('',(-5.719926758E+03,1.944781242322E+03,23.6));
#2239 = VECTOR('',#2240,1.);
#2240 = DIRECTION('',(1.,2.2E-16,0.));
#2241 = ORIENTED_EDGE('',*,*,#2242,.F.);
#2242 = EDGE_CURVE('',#2243,#2235,#2245,.T.);
#2243 = VERTEX_POINT('',#2244);
#2244 = CARTESIAN_POINT('',(-5.667926758E+03,1.947281242322E+03,
    26.335849056653));
#2245 = LINE('',#2246,#2247);
#2246 = CARTESIAN_POINT('',(-5.667926758E+03,1.949659310606E+03,
    28.938263405162));
#2247 = VECTOR('',#2248,1.);
#2248 = DIRECTION('',(-1.064E-14,-0.674571099885,-0.738209882893));
#2249 = ORIENTED_EDGE('',*,*,#2250,.F.);
#2250 = EDGE_CURVE('',#1707,#2243,#2251,.T.);
#2251 = LINE('',#2252,#2253);
#2252 = CARTESIAN_POINT('',(-5.694176758E+03,1.947281242322E+03,
    26.335849056653));
#2253 = VECTOR('',#2254,1.);
#2254 = DIRECTION('',(1.,0.,-2.4E-16));
#2255 = ORIENTED_EDGE('',*,*,#1746,.T.);
#2256 = ORIENTED_EDGE('',*,*,#2257,.T.);
#2257 = EDGE_CURVE('',#1739,#2147,#2258,.T.);
#2258 = LINE('',#2259,#2260);
#2259 = CARTESIAN_POINT('',(-5.719926758E+03,1.949898483701E+03,29.2));
#2260 = VECTOR('',#2261,1.);
#2261 = DIRECTION('',(1.,2.2E-16,0.));
#2262 = ORIENTED_EDGE('',*,*,#2146,.F.);
#2263 = ORIENTED_EDGE('',*,*,#2122,.F.);
#2264 = ORIENTED_EDGE('',*,*,#2265,.T.);
#2265 = EDGE_CURVE('',#2114,#491,#2266,.T.);
#2266 = LINE('',#2267,#2268);
#2267 = CARTESIAN_POINT('',(-5.719926758E+03,1.949898483701E+03,29.2));
#2268 = VECTOR('',#2269,1.);
#2269 = DIRECTION('',(1.,2.2E-16,0.));
#2270 = ORIENTED_EDGE('',*,*,#488,.F.);
#2271 = PLANE('',#2272);
#2272 = AXIS2_PLACEMENT_3D('',#2273,#2274,#2275);
#2273 = CARTESIAN_POINT('',(-5.719926758E+03,1.949898483701E+03,29.2));
#2274 = DIRECTION('',(-1.6E-16,0.738209882893,-0.674571099885));
#2275 = DIRECTION('',(1.5E-16,-0.674571099885,-0.738209882893));
#2276 = ADVANCED_FACE('',(#2277),#2303,.T.);
#2277 = FACE_BOUND('',#2278,.T.);
#2278 = EDGE_LOOP('',(#2279,#2285,#2286,#2287,#2288,#2289,#2290,#2291,
    #2292,#2293,#2294,#2295,#2301,#2302));
#2279 = ORIENTED_EDGE('',*,*,#2280,.F.);
#2280 = EDGE_CURVE('',#1602,#1445,#2281,.T.);
#2281 = LINE('',#2282,#2283);
#2282 = CARTESIAN_POINT('',(-5.719926758E+03,1.9396698E+03,29.2));
#2283 = VECTOR('',#2284,1.);
#2284 = DIRECTION('',(1.,2.2E-16,0.));
#2285 = ORIENTED_EDGE('',*,*,#1609,.T.);
#2286 = ORIENTED_EDGE('',*,*,#1641,.F.);
#2287 = ORIENTED_EDGE('',*,*,#1658,.F.);
#2288 = ORIENTED_EDGE('',*,*,#1689,.F.);
#2289 = ORIENTED_EDGE('',*,*,#1738,.T.);
#2290 = ORIENTED_EDGE('',*,*,#2257,.T.);
#2291 = ORIENTED_EDGE('',*,*,#2155,.T.);
#2292 = ORIENTED_EDGE('',*,*,#2113,.T.);
#2293 = ORIENTED_EDGE('',*,*,#2265,.T.);
#2294 = ORIENTED_EDGE('',*,*,#506,.F.);
#2295 = ORIENTED_EDGE('',*,*,#2296,.F.);
#2296 = EDGE_CURVE('',#1478,#499,#2297,.T.);
#2297 = LINE('',#2298,#2299);
#2298 = CARTESIAN_POINT('',(-5.719926758E+03,1.9396698E+03,29.2));
#2299 = VECTOR('',#2300,1.);
#2300 = DIRECTION('',(1.,2.2E-16,0.));
#2301 = ORIENTED_EDGE('',*,*,#1486,.T.);
#2302 = ORIENTED_EDGE('',*,*,#1444,.T.);
#2303 = PLANE('',#2304);
#2304 = AXIS2_PLACEMENT_3D('',#2305,#2306,#2307);
#2305 = CARTESIAN_POINT('',(-5.719926758E+03,1.949898483701E+03,29.2));
#2306 = DIRECTION('',(0.,1.1E-16,-1.));
#2307 = DIRECTION('',(2.2E-16,-1.,-1.1E-16));
#2308 = ADVANCED_FACE('',(#2309),#2332,.T.);
#2309 = FACE_BOUND('',#2310,.T.);
#2310 = EDGE_LOOP('',(#2311,#2312,#2320,#2326,#2327,#2328,#2329,#2330,
    #2331));
#2311 = ORIENTED_EDGE('',*,*,#2234,.F.);
#2312 = ORIENTED_EDGE('',*,*,#2313,.F.);
#2313 = EDGE_CURVE('',#2314,#2235,#2316,.T.);
#2314 = VERTEX_POINT('',#2315);
#2315 = CARTESIAN_POINT('',(-5.667926758E+03,1.942281242322E+03,
    26.338952944813));
#2316 = LINE('',#2317,#2318);
#2317 = CARTESIAN_POINT('',(-5.667926758E+03,1.938769457289E+03,
    30.18639852826));
#2318 = VECTOR('',#2319,1.);
#2319 = DIRECTION('',(-1.064E-14,0.674154187388,-0.738590638735));
#2320 = ORIENTED_EDGE('',*,*,#2321,.F.);
#2321 = EDGE_CURVE('',#1594,#2314,#2322,.T.);
#2322 = LINE('',#2323,#2324);
#2323 = CARTESIAN_POINT('',(-5.668426758E+03,1.942281242322E+03,
    26.338952944813));
#2324 = VECTOR('',#2325,1.);
#2325 = DIRECTION('',(1.,0.,-1.441E-14));
#2326 = ORIENTED_EDGE('',*,*,#1601,.T.);
#2327 = ORIENTED_EDGE('',*,*,#2280,.T.);
#2328 = ORIENTED_EDGE('',*,*,#1453,.F.);
#2329 = ORIENTED_EDGE('',*,*,#1477,.F.);
#2330 = ORIENTED_EDGE('',*,*,#2296,.T.);
#2331 = ORIENTED_EDGE('',*,*,#498,.F.);
#2332 = PLANE('',#2333);
#2333 = AXIS2_PLACEMENT_3D('',#2334,#2335,#2336);
#2334 = CARTESIAN_POINT('',(-5.719926758E+03,1.9396698E+03,29.2));
#2335 = DIRECTION('',(-1.6E-16,0.738590638735,0.674154187388));
#2336 = DIRECTION('',(-1.5E-16,0.674154187388,-0.738590638735));
#2337 = ADVANCED_FACE('',(#2338,#2354),#2365,.T.);
#2338 = FACE_BOUND('',#2339,.T.);
#2339 = EDGE_LOOP('',(#2340,#2341,#2347,#2348));
#2340 = ORIENTED_EDGE('',*,*,#1255,.T.);
#2341 = ORIENTED_EDGE('',*,*,#2342,.F.);
#2342 = EDGE_CURVE('',#515,#1258,#2343,.T.);
#2343 = LINE('',#2344,#2345);
#2344 = CARTESIAN_POINT('',(-5.712926758E+03,1.940281242322E+03,3.));
#2345 = VECTOR('',#2346,1.);
#2346 = DIRECTION('',(-1.,2.2E-16,0.));
#2347 = ORIENTED_EDGE('',*,*,#514,.T.);
#2348 = ORIENTED_EDGE('',*,*,#2349,.T.);
#2349 = EDGE_CURVE('',#517,#1256,#2350,.T.);
#2350 = LINE('',#2351,#2352);
#2351 = CARTESIAN_POINT('',(-5.663926758E+03,1.949281242322E+03,
    2.999999999998));
#2352 = VECTOR('',#2353,1.);
#2353 = DIRECTION('',(-1.,2.2E-16,0.));
#2354 = FACE_BOUND('',#2355,.T.);
#2355 = EDGE_LOOP('',(#2356));
#2356 = ORIENTED_EDGE('',*,*,#2357,.T.);
#2357 = EDGE_CURVE('',#2358,#2358,#2360,.T.);
#2358 = VERTEX_POINT('',#2359);
#2359 = CARTESIAN_POINT('',(-5.680176758E+03,1.944781242322E+03,3.));
#2360 = CIRCLE('',#2361,1.25);
#2361 = AXIS2_PLACEMENT_3D('',#2362,#2363,#2364);
#2362 = CARTESIAN_POINT('',(-5.681426758E+03,1.944781242322E+03,3.));
#2363 = DIRECTION('',(0.,7.7E-16,-1.));
#2364 = DIRECTION('',(1.,0.,0.));
#2365 = PLANE('',#2366);
#2366 = AXIS2_PLACEMENT_3D('',#2367,#2368,#2369);
#2367 = CARTESIAN_POINT('',(-5.691926758E+03,1.944781242322E+03,
    2.999999999999));
#2368 = DIRECTION('',(1.241E-14,0.,1.));
#2369 = DIRECTION('',(1.,0.,-1.241E-14));
#2370 = ADVANCED_FACE('',(#2371),#2382,.T.);
#2371 = FACE_BOUND('',#2372,.T.);
#2372 = EDGE_LOOP('',(#2373,#2379,#2380,#2381));
#2373 = ORIENTED_EDGE('',*,*,#2374,.T.);
#2374 = EDGE_CURVE('',#557,#1266,#2375,.T.);
#2375 = LINE('',#2376,#2377);
#2376 = CARTESIAN_POINT('',(-5.70355039188E+03,1.949281242322E+03,6.));
#2377 = VECTOR('',#2378,1.);
#2378 = DIRECTION('',(-1.,0.,0.));
#2379 = ORIENTED_EDGE('',*,*,#1265,.T.);
#2380 = ORIENTED_EDGE('',*,*,#2349,.F.);
#2381 = ORIENTED_EDGE('',*,*,#564,.T.);
#2382 = PLANE('',#2383);
#2383 = AXIS2_PLACEMENT_3D('',#2384,#2385,#2386);
#2384 = CARTESIAN_POINT('',(-5.68717402576E+03,1.949281242322E+03,
    6.847267759562));
#2385 = DIRECTION('',(-0.,-1.,-0.));
#2386 = DIRECTION('',(0.,0.,-1.));
#2387 = ADVANCED_FACE('',(#2388),#2420,.T.);
#2388 = FACE_BOUND('',#2389,.T.);
#2389 = EDGE_LOOP('',(#2390,#2396,#2397,#2403,#2404,#2410,#2411,#2417,
    #2418,#2419));
#2390 = ORIENTED_EDGE('',*,*,#2391,.F.);
#2391 = EDGE_CURVE('',#1777,#549,#2392,.T.);
#2392 = LINE('',#2393,#2394);
#2393 = CARTESIAN_POINT('',(-5.719926758E+03,1.955381242322E+03,6.));
#2394 = VECTOR('',#2395,1.);
#2395 = DIRECTION('',(1.,2.2E-16,0.));
#2396 = ORIENTED_EDGE('',*,*,#1784,.F.);
#2397 = ORIENTED_EDGE('',*,*,#2398,.T.);
#2398 = EDGE_CURVE('',#1785,#1066,#2399,.T.);
#2399 = LINE('',#2400,#2401);
#2400 = CARTESIAN_POINT('',(-5.675926758E+03,1.930181242322E+03,6.));
#2401 = VECTOR('',#2402,1.);
#2402 = DIRECTION('',(5.778E-14,1.,9.282E-14));
#2403 = ORIENTED_EDGE('',*,*,#1083,.T.);
#2404 = ORIENTED_EDGE('',*,*,#2405,.F.);
#2405 = EDGE_CURVE('',#1801,#1076,#2406,.T.);
#2406 = LINE('',#2407,#2408);
#2407 = CARTESIAN_POINT('',(-5.701926758E+03,1.930181242322E+03,6.));
#2408 = VECTOR('',#2409,1.);
#2409 = DIRECTION('',(5.778E-14,1.,9.282E-14));
#2410 = ORIENTED_EDGE('',*,*,#1808,.F.);
#2411 = ORIENTED_EDGE('',*,*,#2412,.F.);
#2412 = EDGE_CURVE('',#1274,#1809,#2413,.T.);
#2413 = LINE('',#2414,#2415);
#2414 = CARTESIAN_POINT('',(-5.719926758E+03,1.955381242322E+03,6.));
#2415 = VECTOR('',#2416,1.);
#2416 = DIRECTION('',(1.,2.2E-16,0.));
#2417 = ORIENTED_EDGE('',*,*,#1273,.F.);
#2418 = ORIENTED_EDGE('',*,*,#2374,.F.);
#2419 = ORIENTED_EDGE('',*,*,#556,.F.);
#2420 = PLANE('',#2421);
#2421 = AXIS2_PLACEMENT_3D('',#2422,#2423,#2424);
#2422 = CARTESIAN_POINT('',(-5.691745214884E+03,1.953423526739E+03,
    6.000000000001));
#2423 = DIRECTION('',(1.45E-15,-3.1962E-13,1.));
#2424 = DIRECTION('',(0.,1.,3.1962E-13));
#2425 = ADVANCED_FACE('',(#2426,#2476),#2487,.T.);
#2426 = FACE_BOUND('',#2427,.T.);
#2427 = EDGE_LOOP('',(#2428,#2436,#2444,#2452,#2460,#2468,#2474,#2475));
#2428 = ORIENTED_EDGE('',*,*,#2429,.F.);
#2429 = EDGE_CURVE('',#2430,#541,#2432,.T.);
#2430 = VERTEX_POINT('',#2431);
#2431 = CARTESIAN_POINT('',(-5.667926758E+03,1.944781242322E+03,
    17.600000000001));
#2432 = LINE('',#2433,#2434);
#2433 = CARTESIAN_POINT('',(-5.719926758E+03,1.944781242322E+03,17.6));
#2434 = VECTOR('',#2435,1.);
#2435 = DIRECTION('',(1.,2.2E-16,0.));
#2436 = ORIENTED_EDGE('',*,*,#2437,.F.);
#2437 = EDGE_CURVE('',#2438,#2430,#2440,.T.);
#2438 = VERTEX_POINT('',#2439);
#2439 = CARTESIAN_POINT('',(-5.667926758E+03,1.947281242322E+03,
    14.86415094335));
#2440 = LINE('',#2441,#2442);
#2441 = CARTESIAN_POINT('',(-5.667926758E+03,1.945130254148E+03,
    17.218062530363));
#2442 = VECTOR('',#2443,1.);
#2443 = DIRECTION('',(1.064E-14,-0.674571099885,0.738209882893));
#2444 = ORIENTED_EDGE('',*,*,#2445,.F.);
#2445 = EDGE_CURVE('',#2446,#2438,#2448,.T.);
#2446 = VERTEX_POINT('',#2447);
#2447 = CARTESIAN_POINT('',(-5.669926758E+03,1.947281242322E+03,
    14.864150943349));
#2448 = LINE('',#2449,#2450);
#2449 = CARTESIAN_POINT('',(-5.668426758E+03,1.947281242322E+03,
    14.86415094335));
#2450 = VECTOR('',#2451,1.);
#2451 = DIRECTION('',(1.,0.,-1.441E-14));
#2452 = ORIENTED_EDGE('',*,*,#2453,.F.);
#2453 = EDGE_CURVE('',#2454,#2446,#2456,.T.);
#2454 = VERTEX_POINT('',#2455);
#2455 = CARTESIAN_POINT('',(-5.669926758E+03,1.949898483701E+03,
    12.000000000003));
#2456 = LINE('',#2457,#2458);
#2457 = CARTESIAN_POINT('',(-5.669926758E+03,1.950198065853E+03,
    11.67215538077));
#2458 = VECTOR('',#2459,1.);
#2459 = DIRECTION('',(-3.425E-14,-0.674571099885,0.738209882893));
#2460 = ORIENTED_EDGE('',*,*,#2461,.F.);
#2461 = EDGE_CURVE('',#2462,#2454,#2464,.T.);
#2462 = VERTEX_POINT('',#2463);
#2463 = CARTESIAN_POINT('',(-5.670926758E+03,1.949407319908E+03,
    12.537500000004));
#2464 = LINE('',#2465,#2466);
#2465 = CARTESIAN_POINT('',(-5.687495796508E+03,1.941269208106E+03,
    21.443358198045));
#2466 = VECTOR('',#2467,1.);
#2467 = DIRECTION('',(0.80841295255,0.397063172168,-0.434521961996));
#2468 = ORIENTED_EDGE('',*,*,#2469,.T.);
#2469 = EDGE_CURVE('',#2462,#1777,#2470,.T.);
#2470 = LINE('',#2471,#2472);
#2471 = CARTESIAN_POINT('',(-5.670926758E+03,1.956291334659E+03,
    5.004049894703));
#2472 = VECTOR('',#2473,1.);
#2473 = DIRECTION('',(0.,0.674571099885,-0.738209882893));
#2474 = ORIENTED_EDGE('',*,*,#2391,.T.);
#2475 = ORIENTED_EDGE('',*,*,#548,.F.);
#2476 = FACE_BOUND('',#2477,.T.);
#2477 = EDGE_LOOP('',(#2478));
#2478 = ORIENTED_EDGE('',*,*,#2479,.F.);
#2479 = EDGE_CURVE('',#2480,#2480,#2482,.T.);
#2480 = VERTEX_POINT('',#2481);
#2481 = CARTESIAN_POINT('',(-5.665926758E+03,1.949531242322E+03,
    12.401886792453));
#2482 = ELLIPSE('',#2483,1.48242342456,1.);
#2483 = AXIS2_PLACEMENT_3D('',#2484,#2485,#2486);
#2484 = CARTESIAN_POINT('',(-5.666926758E+03,1.949531242322E+03,
    12.401886792453));
#2485 = DIRECTION('',(1.6E-16,-0.738209882893,-0.674571099885));
#2486 = DIRECTION('',(1.5E-16,-0.674571099885,0.738209882893));
#2487 = PLANE('',#2488);
#2488 = AXIS2_PLACEMENT_3D('',#2489,#2490,#2491);
#2489 = CARTESIAN_POINT('',(-5.719926758E+03,1.955381242322E+03,6.));
#2490 = DIRECTION('',(1.6E-16,-0.738209882893,-0.674571099885));
#2491 = DIRECTION('',(1.5E-16,-0.674571099885,0.738209882893));
#2492 = ADVANCED_FACE('',(#2493,#2536),#2547,.T.);
#2493 = FACE_BOUND('',#2494,.T.);
#2494 = EDGE_LOOP('',(#2495,#2505,#2513,#2519,#2520,#2521,#2522,#2530));
#2495 = ORIENTED_EDGE('',*,*,#2496,.F.);
#2496 = EDGE_CURVE('',#2497,#2499,#2501,.T.);
#2497 = VERTEX_POINT('',#2498);
#2498 = CARTESIAN_POINT('',(-5.669926758E+03,1.942281242322E+03,
    14.864150943445));
#2499 = VERTEX_POINT('',#2500);
#2500 = CARTESIAN_POINT('',(-5.669926758E+03,1.939664000943E+03,
    12.000000000002));
#2501 = LINE('',#2502,#2503);
#2502 = CARTESIAN_POINT('',(-5.669926758E+03,1.944664418791E+03,
    17.472155380815));
#2503 = VECTOR('',#2504,1.);
#2504 = DIRECTION('',(-4.878E-14,-0.674571099885,-0.738209882893));
#2505 = ORIENTED_EDGE('',*,*,#2506,.F.);
#2506 = EDGE_CURVE('',#2507,#2497,#2509,.T.);
#2507 = VERTEX_POINT('',#2508);
#2508 = CARTESIAN_POINT('',(-5.667926758E+03,1.942281242322E+03,
    14.864150943445));
#2509 = LINE('',#2510,#2511);
#2510 = CARTESIAN_POINT('',(-5.696676758E+03,1.942281242322E+03,
    14.864150943445));
#2511 = VECTOR('',#2512,1.);
#2512 = DIRECTION('',(-1.,0.,2.4E-16));
#2513 = ORIENTED_EDGE('',*,*,#2514,.F.);
#2514 = EDGE_CURVE('',#2430,#2507,#2515,.T.);
#2515 = LINE('',#2516,#2517);
#2516 = CARTESIAN_POINT('',(-5.667926758E+03,1.948594615074E+03,
    21.773124898763));
#2517 = VECTOR('',#2518,1.);
#2518 = DIRECTION('',(-1.064E-14,-0.674571099885,-0.738209882893));
#2519 = ORIENTED_EDGE('',*,*,#2429,.T.);
#2520 = ORIENTED_EDGE('',*,*,#540,.F.);
#2521 = ORIENTED_EDGE('',*,*,#773,.F.);
#2522 = ORIENTED_EDGE('',*,*,#2523,.T.);
#2523 = EDGE_CURVE('',#766,#2524,#2526,.T.);
#2524 = VERTEX_POINT('',#2525);
#2525 = CARTESIAN_POINT('',(-5.670926758E+03,1.940155164736E+03,
    12.537500000003));
#2526 = LINE('',#2527,#2528);
#2527 = CARTESIAN_POINT('',(-5.670926758E+03,1.945214824049E+03,
    18.074485663373));
#2528 = VECTOR('',#2529,1.);
#2529 = DIRECTION('',(0.,0.674571099885,0.738209882893));
#2530 = ORIENTED_EDGE('',*,*,#2531,.F.);
#2531 = EDGE_CURVE('',#2499,#2524,#2532,.T.);
#2532 = LINE('',#2533,#2534);
#2533 = CARTESIAN_POINT('',(-5.686547964559E+03,1.947827735802E+03,
    20.933898525649));
#2534 = VECTOR('',#2535,1.);
#2535 = DIRECTION('',(-0.80841295255,0.397063172169,0.434521961996));
#2536 = FACE_BOUND('',#2537,.T.);
#2537 = EDGE_LOOP('',(#2538));
#2538 = ORIENTED_EDGE('',*,*,#2539,.F.);
#2539 = EDGE_CURVE('',#2540,#2540,#2542,.T.);
#2540 = VERTEX_POINT('',#2541);
#2541 = CARTESIAN_POINT('',(-5.665926758E+03,1.940031242322E+03,
    12.401886792454));
#2542 = ELLIPSE('',#2543,1.48242342456,1.);
#2543 = AXIS2_PLACEMENT_3D('',#2544,#2545,#2546);
#2544 = CARTESIAN_POINT('',(-5.666926758E+03,1.940031242322E+03,
    12.401886792453));
#2545 = DIRECTION('',(-1.6E-16,0.738209882893,-0.674571099885));
#2546 = DIRECTION('',(-1.5E-16,0.674571099885,0.738209882893));
#2547 = PLANE('',#2548);
#2548 = AXIS2_PLACEMENT_3D('',#2549,#2550,#2551);
#2549 = CARTESIAN_POINT('',(-5.719926758E+03,1.944781242322E+03,17.6));
#2550 = DIRECTION('',(-1.6E-16,0.738209882893,-0.674571099885));
#2551 = DIRECTION('',(1.5E-16,-0.674571099885,-0.738209882893));
#2552 = ADVANCED_FACE('',(#2553),#2559,.T.);
#2553 = FACE_BOUND('',#2554,.T.);
#2554 = EDGE_LOOP('',(#2555,#2556,#2557,#2558));
#2555 = ORIENTED_EDGE('',*,*,#780,.F.);
#2556 = ORIENTED_EDGE('',*,*,#524,.T.);
#2557 = ORIENTED_EDGE('',*,*,#2342,.T.);
#2558 = ORIENTED_EDGE('',*,*,#1296,.T.);
#2559 = PLANE('',#2560);
#2560 = AXIS2_PLACEMENT_3D('',#2561,#2562,#2563);
#2561 = CARTESIAN_POINT('',(-5.68717402576E+03,1.940281242322E+03,
    6.847267759562));
#2562 = DIRECTION('',(0.,1.,0.));
#2563 = DIRECTION('',(0.,0.,1.));
#2564 = ADVANCED_FACE('',(#2565,#2592),#2595,.T.);
#2565 = FACE_BOUND('',#2566,.T.);
#2566 = EDGE_LOOP('',(#2567,#2577,#2583,#2584,#2585,#2586));
#2567 = ORIENTED_EDGE('',*,*,#2568,.F.);
#2568 = EDGE_CURVE('',#2569,#2571,#2573,.T.);
#2569 = VERTEX_POINT('',#2570);
#2570 = CARTESIAN_POINT('',(-5.669926758E+03,1.942040540014E+03,
    20.600740871075));
#2571 = VERTEX_POINT('',#2572);
#2572 = CARTESIAN_POINT('',(-5.669926758E+03,1.939664945679E+03,
    23.200000000002));
#2573 = LINE('',#2574,#2575);
#2574 = CARTESIAN_POINT('',(-5.669926758E+03,1.943528214106E+03,
    18.973000643719));
#2575 = VECTOR('',#2576,1.);
#2576 = DIRECTION('',(-3.425E-14,-0.674634435495,0.738152002262));
#2577 = ORIENTED_EDGE('',*,*,#2578,.T.);
#2578 = EDGE_CURVE('',#2569,#575,#2579,.T.);
#2579 = LINE('',#2580,#2581);
#2580 = CARTESIAN_POINT('',(-5.719926758E+03,1.942040540014E+03,
    20.600740871075));
#2581 = VECTOR('',#2582,1.);
#2582 = DIRECTION('',(1.,2.2E-16,0.));
#2583 = ORIENTED_EDGE('',*,*,#572,.F.);
#2584 = ORIENTED_EDGE('',*,*,#2074,.F.);
#2585 = ORIENTED_EDGE('',*,*,#1577,.T.);
#2586 = ORIENTED_EDGE('',*,*,#2587,.F.);
#2587 = EDGE_CURVE('',#2571,#1578,#2588,.T.);
#2588 = LINE('',#2589,#2590);
#2589 = CARTESIAN_POINT('',(-5.689971871081E+03,1.949509150244E+03,
    12.428952855339));
#2590 = VECTOR('',#2591,1.);
#2591 = DIRECTION('',(-0.808474214117,0.397043684258,-0.434425779505));
#2592 = FACE_BOUND('',#2593,.T.);
#2593 = EDGE_LOOP('',(#2594));
#2594 = ORIENTED_EDGE('',*,*,#1469,.F.);
#2595 = PLANE('',#2596);
#2596 = AXIS2_PLACEMENT_3D('',#2597,#2598,#2599);
#2597 = CARTESIAN_POINT('',(-5.719926758E+03,1.942040540014E+03,
    20.600740871075));
#2598 = DIRECTION('',(1.6E-16,-0.738152002262,-0.674634435495));
#2599 = DIRECTION('',(1.5E-16,-0.674634435495,0.738152002262));
#2600 = ADVANCED_FACE('',(#2601,#2612),#2623,.T.);
#2601 = FACE_BOUND('',#2602,.T.);
#2602 = EDGE_LOOP('',(#2603,#2604,#2610,#2611));
#2603 = ORIENTED_EDGE('',*,*,#2578,.F.);
#2604 = ORIENTED_EDGE('',*,*,#2605,.F.);
#2605 = EDGE_CURVE('',#860,#2569,#2606,.T.);
#2606 = LINE('',#2607,#2608);
#2607 = CARTESIAN_POINT('',(-5.669926758E+03,1.937870493633E+03,
    16.037293887214));
#2608 = VECTOR('',#2609,1.);
#2609 = DIRECTION('',(4.878E-14,0.674571099885,0.738209882893));
#2610 = ORIENTED_EDGE('',*,*,#2033,.T.);
#2611 = ORIENTED_EDGE('',*,*,#582,.F.);
#2612 = FACE_BOUND('',#2613,.T.);
#2613 = EDGE_LOOP('',(#2614));
#2614 = ORIENTED_EDGE('',*,*,#2615,.F.);
#2615 = EDGE_CURVE('',#2616,#2616,#2618,.T.);
#2616 = VERTEX_POINT('',#2617);
#2617 = CARTESIAN_POINT('',(-5.665926758E+03,1.940031242322E+03,
    18.401886792454));
#2618 = ELLIPSE('',#2619,1.48242342456,1.);
#2619 = AXIS2_PLACEMENT_3D('',#2620,#2621,#2622);
#2620 = CARTESIAN_POINT('',(-5.666926758E+03,1.940031242322E+03,
    18.401886792454));
#2621 = DIRECTION('',(1.6E-16,-0.738209882893,0.674571099885));
#2622 = DIRECTION('',(-1.5E-16,0.674571099885,0.738209882893));
#2623 = PLANE('',#2624);
#2624 = AXIS2_PLACEMENT_3D('',#2625,#2626,#2627);
#2625 = CARTESIAN_POINT('',(-5.719926758E+03,1.934181242322E+03,12.));
#2626 = DIRECTION('',(1.6E-16,-0.738209882893,0.674571099885));
#2627 = DIRECTION('',(-1.5E-16,0.674571099885,0.738209882893));
#2628 = ADVANCED_FACE('',(#2629,#2640),#2651,.T.);
#2629 = FACE_BOUND('',#2630,.T.);
#2630 = EDGE_LOOP('',(#2631,#2632,#2638,#2639));
#2631 = ORIENTED_EDGE('',*,*,#1289,.F.);
#2632 = ORIENTED_EDGE('',*,*,#2633,.T.);
#2633 = EDGE_CURVE('',#1282,#1947,#2634,.T.);
#2634 = LINE('',#2635,#2636);
#2635 = CARTESIAN_POINT('',(-5.719926758E+03,1.944781242322E+03,17.6));
#2636 = VECTOR('',#2637,1.);
#2637 = DIRECTION('',(1.,2.2E-16,0.));
#2638 = ORIENTED_EDGE('',*,*,#1946,.F.);
#2639 = ORIENTED_EDGE('',*,*,#796,.F.);
#2640 = FACE_BOUND('',#2641,.T.);
#2641 = EDGE_LOOP('',(#2642));
#2642 = ORIENTED_EDGE('',*,*,#2643,.F.);
#2643 = EDGE_CURVE('',#2644,#2644,#2646,.T.);
#2644 = VERTEX_POINT('',#2645);
#2645 = CARTESIAN_POINT('',(-5.715926758E+03,1.940031242322E+03,
    12.401886792454));
#2646 = ELLIPSE('',#2647,1.48242342456,1.);
#2647 = AXIS2_PLACEMENT_3D('',#2648,#2649,#2650);
#2648 = CARTESIAN_POINT('',(-5.716926758E+03,1.940031242322E+03,
    12.401886792453));
#2649 = DIRECTION('',(-1.6E-16,0.738209882893,-0.674571099885));
#2650 = DIRECTION('',(-1.5E-16,0.674571099885,0.738209882893));
#2651 = PLANE('',#2652);
#2652 = AXIS2_PLACEMENT_3D('',#2653,#2654,#2655);
#2653 = CARTESIAN_POINT('',(-5.719926758E+03,1.944781242322E+03,17.6));
#2654 = DIRECTION('',(-1.6E-16,0.738209882893,-0.674571099885));
#2655 = DIRECTION('',(1.5E-16,-0.674571099885,-0.738209882893));
#2656 = ADVANCED_FACE('',(#2657),#2668,.F.);
#2657 = FACE_BOUND('',#2658,.F.);
#2658 = EDGE_LOOP('',(#2659,#2660,#2666,#2667));
#2659 = ORIENTED_EDGE('',*,*,#1031,.F.);
#2660 = ORIENTED_EDGE('',*,*,#2661,.T.);
#2661 = EDGE_CURVE('',#1032,#1245,#2662,.T.);
#2662 = LINE('',#2663,#2664);
#2663 = CARTESIAN_POINT('',(-5.713926758E+03,1.963781242E+03,8.8));
#2664 = VECTOR('',#2665,1.);
#2665 = DIRECTION('',(-1.,2.2E-16,0.));
#2666 = ORIENTED_EDGE('',*,*,#1244,.T.);
#2667 = ORIENTED_EDGE('',*,*,#2661,.F.);
#2668 = CYLINDRICAL_SURFACE('',#2669,1.4);
#2669 = AXIS2_PLACEMENT_3D('',#2670,#2671,#2672);
#2670 = CARTESIAN_POINT('',(-5.713926758E+03,1.962381242E+03,8.8));
#2671 = DIRECTION('',(1.,-2.2E-16,0.));
#2672 = DIRECTION('',(2.2E-16,1.,1.1E-16));
#2673 = ADVANCED_FACE('',(#2674),#2685,.F.);
#2674 = FACE_BOUND('',#2675,.F.);
#2675 = EDGE_LOOP('',(#2676,#2677,#2683,#2684));
#2676 = ORIENTED_EDGE('',*,*,#1042,.F.);
#2677 = ORIENTED_EDGE('',*,*,#2678,.T.);
#2678 = EDGE_CURVE('',#1043,#1182,#2679,.T.);
#2679 = LINE('',#2680,#2681);
#2680 = CARTESIAN_POINT('',(-5.713926758E+03,1.963781242E+03,26.4));
#2681 = VECTOR('',#2682,1.);
#2682 = DIRECTION('',(-1.,2.2E-16,0.));
#2683 = ORIENTED_EDGE('',*,*,#1181,.T.);
#2684 = ORIENTED_EDGE('',*,*,#2678,.F.);
#2685 = CYLINDRICAL_SURFACE('',#2686,1.4);
#2686 = AXIS2_PLACEMENT_3D('',#2687,#2688,#2689);
#2687 = CARTESIAN_POINT('',(-5.713926758E+03,1.962381242E+03,26.4));
#2688 = DIRECTION('',(1.,-2.2E-16,0.));
#2689 = DIRECTION('',(2.2E-16,1.,1.1E-16));
#2690 = ADVANCED_FACE('',(#2691),#2702,.T.);
#2691 = FACE_BOUND('',#2692,.T.);
#2692 = EDGE_LOOP('',(#2693,#2694,#2700,#2701));
#2693 = ORIENTED_EDGE('',*,*,#1792,.T.);
#2694 = ORIENTED_EDGE('',*,*,#2695,.T.);
#2695 = EDGE_CURVE('',#1793,#1068,#2696,.T.);
#2696 = LINE('',#2697,#2698);
#2697 = CARTESIAN_POINT('',(-5.6889257899E+03,1.930181242322E+03,
    12.988020353724));
#2698 = VECTOR('',#2699,1.);
#2699 = DIRECTION('',(5.778E-14,1.,9.282E-14));
#2700 = ORIENTED_EDGE('',*,*,#1065,.F.);
#2701 = ORIENTED_EDGE('',*,*,#2398,.F.);
#2702 = PLANE('',#2703);
#2703 = AXIS2_PLACEMENT_3D('',#2704,#2705,#2706);
#2704 = CARTESIAN_POINT('',(-5.6889257899E+03,1.930181242322E+03,
    12.988020353724));
#2705 = DIRECTION('',(-0.473497823042,1.0911E-13,-0.880794988391));
#2706 = DIRECTION('',(0.880794988391,-6.94E-15,-0.473497823042));
#2707 = ADVANCED_FACE('',(#2708),#2714,.T.);
#2708 = FACE_BOUND('',#2709,.T.);
#2709 = EDGE_LOOP('',(#2710,#2711,#2712,#2713));
#2710 = ORIENTED_EDGE('',*,*,#2695,.F.);
#2711 = ORIENTED_EDGE('',*,*,#1800,.T.);
#2712 = ORIENTED_EDGE('',*,*,#2405,.T.);
#2713 = ORIENTED_EDGE('',*,*,#1075,.F.);
#2714 = PLANE('',#2715);
#2715 = AXIS2_PLACEMENT_3D('',#2716,#2717,#2718);
#2716 = CARTESIAN_POINT('',(-5.701926758E+03,1.930181242322E+03,6.));
#2717 = DIRECTION('',(0.473443113396,5.44E-14,-0.880824397016));
#2718 = DIRECTION('',(0.880824397016,-9.484E-14,0.473443113396));
#2719 = ADVANCED_FACE('',(#2720),#2736,.F.);
#2720 = FACE_BOUND('',#2721,.F.);
#2721 = EDGE_LOOP('',(#2722,#2723,#2729,#2730));
#2722 = ORIENTED_EDGE('',*,*,#1924,.T.);
#2723 = ORIENTED_EDGE('',*,*,#2724,.T.);
#2724 = EDGE_CURVE('',#1917,#1094,#2725,.T.);
#2725 = LINE('',#2726,#2727);
#2726 = CARTESIAN_POINT('',(-5.707926758E+03,1.930181242322E+03,
    23.199999999999));
#2727 = VECTOR('',#2728,1.);
#2728 = DIRECTION('',(5.778E-14,1.,9.282E-14));
#2729 = ORIENTED_EDGE('',*,*,#1091,.F.);
#2730 = ORIENTED_EDGE('',*,*,#2731,.F.);
#2731 = EDGE_CURVE('',#1909,#1092,#2732,.T.);
#2732 = LINE('',#2733,#2734);
#2733 = CARTESIAN_POINT('',(-5.707926758E+03,1.930181242322E+03,12.));
#2734 = VECTOR('',#2735,1.);
#2735 = DIRECTION('',(5.778E-14,1.,9.282E-14));
#2736 = PLANE('',#2737);
#2737 = AXIS2_PLACEMENT_3D('',#2738,#2739,#2740);
#2738 = CARTESIAN_POINT('',(-5.707926758E+03,1.930181242322E+03,
    23.199999999999));
#2739 = DIRECTION('',(-1.,5.778E-14,0.));
#2740 = DIRECTION('',(5.3631396E-27,9.282E-14,-1.));
#2741 = ADVANCED_FACE('',(#2742),#2753,.T.);
#2742 = FACE_BOUND('',#2743,.T.);
#2743 = EDGE_LOOP('',(#2744,#2745,#2746,#2747));
#2744 = ORIENTED_EDGE('',*,*,#1916,.T.);
#2745 = ORIENTED_EDGE('',*,*,#2724,.T.);
#2746 = ORIENTED_EDGE('',*,*,#1109,.F.);
#2747 = ORIENTED_EDGE('',*,*,#2748,.F.);
#2748 = EDGE_CURVE('',#1907,#1102,#2749,.T.);
#2749 = LINE('',#2750,#2751);
#2750 = CARTESIAN_POINT('',(-5.697508261333E+03,1.930181242322E+03,
    17.600058041579));
#2751 = VECTOR('',#2752,1.);
#2752 = DIRECTION('',(5.778E-14,1.,9.282E-14));
#2753 = PLANE('',#2754);
#2754 = AXIS2_PLACEMENT_3D('',#2755,#2756,#2757);
#2755 = CARTESIAN_POINT('',(-5.707926758E+03,1.930181242322E+03,
    23.199999999999));
#2756 = DIRECTION('',(-0.473443113396,1.0911E-13,-0.880824397016));
#2757 = DIRECTION('',(0.880824397016,-6.95E-15,-0.473443113396));
#2758 = ADVANCED_FACE('',(#2759),#2765,.F.);
#2759 = FACE_BOUND('',#2760,.F.);
#2760 = EDGE_LOOP('',(#2761,#2762,#2763,#2764));
#2761 = ORIENTED_EDGE('',*,*,#1906,.T.);
#2762 = ORIENTED_EDGE('',*,*,#2731,.T.);
#2763 = ORIENTED_EDGE('',*,*,#1101,.F.);
#2764 = ORIENTED_EDGE('',*,*,#2748,.F.);
#2765 = PLANE('',#2766);
#2766 = AXIS2_PLACEMENT_3D('',#2767,#2768,#2769);
#2767 = CARTESIAN_POINT('',(-5.707926758E+03,1.930181242322E+03,12.));
#2768 = DIRECTION('',(0.473450727681,5.44E-14,-0.880820304295));
#2769 = DIRECTION('',(0.880820304295,-9.484E-14,0.473450727681));
#2770 = ADVANCED_FACE('',(#2771),#2787,.F.);
#2771 = FACE_BOUND('',#2772,.F.);
#2772 = EDGE_LOOP('',(#2773,#2774,#2780,#2781));
#2773 = ORIENTED_EDGE('',*,*,#1890,.T.);
#2774 = ORIENTED_EDGE('',*,*,#2775,.T.);
#2775 = EDGE_CURVE('',#1881,#1120,#2776,.T.);
#2776 = LINE('',#2777,#2778);
#2777 = CARTESIAN_POINT('',(-5.68892662316E+03,1.930181242322E+03,
    22.212427523461));
#2778 = VECTOR('',#2779,1.);
#2779 = DIRECTION('',(5.778E-14,1.,9.282E-14));
#2780 = ORIENTED_EDGE('',*,*,#1117,.F.);
#2781 = ORIENTED_EDGE('',*,*,#2782,.F.);
#2782 = EDGE_CURVE('',#1891,#1118,#2783,.T.);
#2783 = LINE('',#2784,#2785);
#2784 = CARTESIAN_POINT('',(-5.675926758E+03,1.930181242322E+03,29.2));
#2785 = VECTOR('',#2786,1.);
#2786 = DIRECTION('',(5.778E-14,1.,9.282E-14));
#2787 = PLANE('',#2788);
#2788 = AXIS2_PLACEMENT_3D('',#2789,#2790,#2791);
#2789 = CARTESIAN_POINT('',(-5.68892662316E+03,1.930181242322E+03,
    22.212427523461));
#2790 = DIRECTION('',(0.473450733371,5.44E-14,-0.880820301236));
#2791 = DIRECTION('',(0.880820301236,-9.484E-14,0.473450733371));
#2792 = ADVANCED_FACE('',(#2793),#2804,.F.);
#2793 = FACE_BOUND('',#2794,.F.);
#2794 = EDGE_LOOP('',(#2795,#2796,#2802,#2803));
#2795 = ORIENTED_EDGE('',*,*,#1880,.T.);
#2796 = ORIENTED_EDGE('',*,*,#2797,.T.);
#2797 = EDGE_CURVE('',#1883,#1128,#2798,.T.);
#2798 = LINE('',#2799,#2800);
#2799 = CARTESIAN_POINT('',(-5.701926758E+03,1.930181242322E+03,
    29.199999999999));
#2800 = VECTOR('',#2801,1.);
#2801 = DIRECTION('',(5.778E-14,1.,9.282E-14));
#2802 = ORIENTED_EDGE('',*,*,#1135,.F.);
#2803 = ORIENTED_EDGE('',*,*,#2775,.F.);
#2804 = PLANE('',#2805);
#2805 = AXIS2_PLACEMENT_3D('',#2806,#2807,#2808);
#2806 = CARTESIAN_POINT('',(-5.701926758E+03,1.930181242322E+03,
    29.199999999999));
#2807 = DIRECTION('',(-0.473443113396,1.0911E-13,-0.880824397016));
#2808 = DIRECTION('',(0.880824397016,-6.95E-15,-0.473443113396));
#2809 = ADVANCED_FACE('',(#2810),#2816,.T.);
#2810 = FACE_BOUND('',#2811,.T.);
#2811 = EDGE_LOOP('',(#2812,#2813,#2814,#2815));
#2812 = ORIENTED_EDGE('',*,*,#1898,.T.);
#2813 = ORIENTED_EDGE('',*,*,#2797,.T.);
#2814 = ORIENTED_EDGE('',*,*,#1127,.F.);
#2815 = ORIENTED_EDGE('',*,*,#2782,.F.);
#2816 = PLANE('',#2817);
#2817 = AXIS2_PLACEMENT_3D('',#2818,#2819,#2820);
#2818 = CARTESIAN_POINT('',(-5.701926758E+03,1.930181242322E+03,
    29.199999999999));
#2819 = DIRECTION('',(8.2E-15,9.282E-14,-1.));
#2820 = DIRECTION('',(1.,-5.778E-14,8.199999999995E-15));
#2821 = ADVANCED_FACE('',(#2822),#2838,.T.);
#2822 = FACE_BOUND('',#2823,.T.);
#2823 = EDGE_LOOP('',(#2824,#2830,#2831,#2837));
#2824 = ORIENTED_EDGE('',*,*,#2825,.F.);
#2825 = EDGE_CURVE('',#1857,#1144,#2826,.T.);
#2826 = LINE('',#2827,#2828);
#2827 = CARTESIAN_POINT('',(-5.669926758E+03,1.930181242322E+03,23.2));
#2828 = VECTOR('',#2829,1.);
#2829 = DIRECTION('',(5.778E-14,1.,9.282E-14));
#2830 = ORIENTED_EDGE('',*,*,#1864,.T.);
#2831 = ORIENTED_EDGE('',*,*,#2832,.T.);
#2832 = EDGE_CURVE('',#1865,#1146,#2833,.T.);
#2833 = LINE('',#2834,#2835);
#2834 = CARTESIAN_POINT('',(-5.680346910617E+03,1.930181242322E+03,
    17.600832031474));
#2835 = VECTOR('',#2836,1.);
#2836 = DIRECTION('',(5.778E-14,1.,9.282E-14));
#2837 = ORIENTED_EDGE('',*,*,#1143,.F.);
#2838 = PLANE('',#2839);
#2839 = AXIS2_PLACEMENT_3D('',#2840,#2841,#2842);
#2840 = CARTESIAN_POINT('',(-5.680346910617E+03,1.930181242322E+03,
    17.600832031474));
#2841 = DIRECTION('',(0.473333967588,5.442E-14,-0.880883054172));
#2842 = DIRECTION('',(0.880883054172,-9.483E-14,0.473333967588));
#2843 = ADVANCED_FACE('',(#2844),#2855,.T.);
#2844 = FACE_BOUND('',#2845,.T.);
#2845 = EDGE_LOOP('',(#2846,#2847,#2848,#2849));
#2846 = ORIENTED_EDGE('',*,*,#1856,.T.);
#2847 = ORIENTED_EDGE('',*,*,#2825,.T.);
#2848 = ORIENTED_EDGE('',*,*,#1161,.T.);
#2849 = ORIENTED_EDGE('',*,*,#2850,.F.);
#2850 = EDGE_CURVE('',#1761,#1154,#2851,.T.);
#2851 = LINE('',#2852,#2853);
#2852 = CARTESIAN_POINT('',(-5.669926758E+03,1.930181242322E+03,12.));
#2853 = VECTOR('',#2854,1.);
#2854 = DIRECTION('',(5.778E-14,1.,9.282E-14));
#2855 = PLANE('',#2856);
#2856 = AXIS2_PLACEMENT_3D('',#2857,#2858,#2859);
#2857 = CARTESIAN_POINT('',(-5.669926758E+03,1.944781242322E+03,
    17.130805687058));
#2858 = DIRECTION('',(-1.,6.154E-14,9.85E-15));
#2859 = DIRECTION('',(-6.154E-14,-1.,0.));
#2860 = ADVANCED_FACE('',(#2861),#2867,.T.);
#2861 = FACE_BOUND('',#2862,.T.);
#2862 = EDGE_LOOP('',(#2863,#2864,#2865,#2866));
#2863 = ORIENTED_EDGE('',*,*,#1872,.T.);
#2864 = ORIENTED_EDGE('',*,*,#2850,.T.);
#2865 = ORIENTED_EDGE('',*,*,#1153,.F.);
#2866 = ORIENTED_EDGE('',*,*,#2832,.F.);
#2867 = PLANE('',#2868);
#2868 = AXIS2_PLACEMENT_3D('',#2869,#2870,#2871);
#2869 = CARTESIAN_POINT('',(-5.669926758E+03,1.930181242322E+03,12.));
#2870 = DIRECTION('',(0.473443113396,-1.0911E-13,0.880824397016));
#2871 = DIRECTION('',(-0.880824397016,6.95E-15,0.473443113396));
#2872 = ADVANCED_FACE('',(#2873),#2897,.F.);
#2873 = FACE_BOUND('',#2874,.F.);
#2874 = EDGE_LOOP('',(#2875,#2876,#2882,#2883,#2884,#2890,#2891));
#2875 = ORIENTED_EDGE('',*,*,#1192,.F.);
#2876 = ORIENTED_EDGE('',*,*,#2877,.T.);
#2877 = EDGE_CURVE('',#1193,#1545,#2878,.T.);
#2878 = LINE('',#2879,#2880);
#2879 = CARTESIAN_POINT('',(-5.719926758E+03,1.949898483701E+03,29.2));
#2880 = VECTOR('',#2881,1.);
#2881 = DIRECTION('',(1.,2.2E-16,0.));
#2882 = ORIENTED_EDGE('',*,*,#1544,.F.);
#2883 = ORIENTED_EDGE('',*,*,#1519,.F.);
#2884 = ORIENTED_EDGE('',*,*,#2885,.T.);
#2885 = EDGE_CURVE('',#1511,#2004,#2886,.T.);
#2886 = LINE('',#2887,#2888);
#2887 = CARTESIAN_POINT('',(-5.719926758E+03,1.949898483701E+03,29.2));
#2888 = VECTOR('',#2889,1.);
#2889 = DIRECTION('',(1.,2.2E-16,0.));
#2890 = ORIENTED_EDGE('',*,*,#2001,.F.);
#2891 = ORIENTED_EDGE('',*,*,#2892,.F.);
#2892 = EDGE_CURVE('',#1195,#2002,#2893,.T.);
#2893 = LINE('',#2894,#2895);
#2894 = CARTESIAN_POINT('',(-5.719926758E+03,1.944781242322E+03,23.6));
#2895 = VECTOR('',#2896,1.);
#2896 = DIRECTION('',(1.,2.2E-16,0.));
#2897 = PLANE('',#2898);
#2898 = AXIS2_PLACEMENT_3D('',#2899,#2900,#2901);
#2899 = CARTESIAN_POINT('',(-5.719926758E+03,1.949898483701E+03,29.2));
#2900 = DIRECTION('',(-1.6E-16,0.738209882893,-0.674571099885));
#2901 = DIRECTION('',(1.5E-16,-0.674571099885,-0.738209882893));
#2902 = ADVANCED_FACE('',(#2903),#2922,.T.);
#2903 = FACE_BOUND('',#2904,.T.);
#2904 = EDGE_LOOP('',(#2905,#2906,#2912,#2913,#2914,#2920,#2921));
#2905 = ORIENTED_EDGE('',*,*,#1210,.F.);
#2906 = ORIENTED_EDGE('',*,*,#2907,.T.);
#2907 = EDGE_CURVE('',#1203,#1377,#2908,.T.);
#2908 = LINE('',#2909,#2910);
#2909 = CARTESIAN_POINT('',(-5.719926758E+03,1.9396698E+03,29.2));
#2910 = VECTOR('',#2911,1.);
#2911 = DIRECTION('',(1.,2.2E-16,0.));
#2912 = ORIENTED_EDGE('',*,*,#1385,.F.);
#2913 = ORIENTED_EDGE('',*,*,#1410,.F.);
#2914 = ORIENTED_EDGE('',*,*,#2915,.T.);
#2915 = EDGE_CURVE('',#1411,#2012,#2916,.T.);
#2916 = LINE('',#2917,#2918);
#2917 = CARTESIAN_POINT('',(-5.719926758E+03,1.9396698E+03,29.2));
#2918 = VECTOR('',#2919,1.);
#2919 = DIRECTION('',(1.,2.2E-16,0.));
#2920 = ORIENTED_EDGE('',*,*,#2011,.F.);
#2921 = ORIENTED_EDGE('',*,*,#2892,.F.);
#2922 = PLANE('',#2923);
#2923 = AXIS2_PLACEMENT_3D('',#2924,#2925,#2926);
#2924 = CARTESIAN_POINT('',(-5.719926758E+03,1.9396698E+03,29.2));
#2925 = DIRECTION('',(-1.6E-16,0.738590638735,0.674154187388));
#2926 = DIRECTION('',(-1.5E-16,0.674154187388,-0.738590638735));
#2927 = ADVANCED_FACE('',(#2928),#2940,.T.);
#2928 = FACE_BOUND('',#2929,.T.);
#2929 = EDGE_LOOP('',(#2930,#2931,#2932,#2933,#2934,#2935,#2936,#2937,
    #2938,#2939));
#2930 = ORIENTED_EDGE('',*,*,#1202,.F.);
#2931 = ORIENTED_EDGE('',*,*,#2877,.T.);
#2932 = ORIENTED_EDGE('',*,*,#1553,.T.);
#2933 = ORIENTED_EDGE('',*,*,#1510,.T.);
#2934 = ORIENTED_EDGE('',*,*,#2885,.T.);
#2935 = ORIENTED_EDGE('',*,*,#2019,.F.);
#2936 = ORIENTED_EDGE('',*,*,#2915,.F.);
#2937 = ORIENTED_EDGE('',*,*,#1419,.T.);
#2938 = ORIENTED_EDGE('',*,*,#1376,.T.);
#2939 = ORIENTED_EDGE('',*,*,#2907,.F.);
#2940 = PLANE('',#2941);
#2941 = AXIS2_PLACEMENT_3D('',#2942,#2943,#2944);
#2942 = CARTESIAN_POINT('',(-5.719926758E+03,1.949898483701E+03,29.2));
#2943 = DIRECTION('',(0.,1.1E-16,-1.));
#2944 = DIRECTION('',(2.2E-16,-1.,-1.1E-16));
#2945 = ADVANCED_FACE('',(#2946,#2957),#2968,.F.);
#2946 = FACE_BOUND('',#2947,.F.);
#2947 = EDGE_LOOP('',(#2948,#2949,#2950,#2951));
#2948 = ORIENTED_EDGE('',*,*,#1218,.F.);
#2949 = ORIENTED_EDGE('',*,*,#1824,.T.);
#2950 = ORIENTED_EDGE('',*,*,#1961,.F.);
#2951 = ORIENTED_EDGE('',*,*,#2952,.F.);
#2952 = EDGE_CURVE('',#1221,#1962,#2953,.T.);
#2953 = LINE('',#2954,#2955);
#2954 = CARTESIAN_POINT('',(-5.719926758E+03,1.947526969509E+03,
    20.595241945657));
#2955 = VECTOR('',#2956,1.);
#2956 = DIRECTION('',(1.,2.2E-16,0.));
#2957 = FACE_BOUND('',#2958,.F.);
#2958 = EDGE_LOOP('',(#2959));
#2959 = ORIENTED_EDGE('',*,*,#2960,.F.);
#2960 = EDGE_CURVE('',#2961,#2961,#2963,.T.);
#2961 = VERTEX_POINT('',#2962);
#2962 = CARTESIAN_POINT('',(-5.715926758E+03,1.949531242322E+03,
    18.401886792453));
#2963 = ELLIPSE('',#2964,1.48242342456,1.);
#2964 = AXIS2_PLACEMENT_3D('',#2965,#2966,#2967);
#2965 = CARTESIAN_POINT('',(-5.716926758E+03,1.949531242322E+03,
    18.401886792453));
#2966 = DIRECTION('',(1.6E-16,-0.738209882893,-0.674571099885));
#2967 = DIRECTION('',(1.5E-16,-0.674571099885,0.738209882893));
#2968 = PLANE('',#2969);
#2969 = AXIS2_PLACEMENT_3D('',#2970,#2971,#2972);
#2970 = CARTESIAN_POINT('',(-5.719926758E+03,1.955381242322E+03,12.));
#2971 = DIRECTION('',(1.6E-16,-0.738209882893,-0.674571099885));
#2972 = DIRECTION('',(1.5E-16,-0.674571099885,0.738209882893));
#2973 = ADVANCED_FACE('',(#2974,#2980),#2983,.F.);
#2974 = FACE_BOUND('',#2975,.F.);
#2975 = EDGE_LOOP('',(#2976,#2977,#2978,#2979));
#2976 = ORIENTED_EDGE('',*,*,#1236,.F.);
#2977 = ORIENTED_EDGE('',*,*,#2952,.T.);
#2978 = ORIENTED_EDGE('',*,*,#1969,.F.);
#2979 = ORIENTED_EDGE('',*,*,#1831,.F.);
#2980 = FACE_BOUND('',#2981,.F.);
#2981 = EDGE_LOOP('',(#2982));
#2982 = ORIENTED_EDGE('',*,*,#1536,.F.);
#2983 = PLANE('',#2984);
#2984 = AXIS2_PLACEMENT_3D('',#2985,#2986,#2987);
#2985 = CARTESIAN_POINT('',(-5.719926758E+03,1.947526969509E+03,
    20.595241945657));
#2986 = DIRECTION('',(1.6E-16,-0.738581455455,0.674164248279));
#2987 = DIRECTION('',(-1.5E-16,0.674164248279,0.738581455455));
#2988 = ADVANCED_FACE('',(#2989,#2995),#3006,.T.);
#2989 = FACE_BOUND('',#2990,.T.);
#2990 = EDGE_LOOP('',(#2991,#2992,#2993,#2994));
#2991 = ORIENTED_EDGE('',*,*,#1281,.F.);
#2992 = ORIENTED_EDGE('',*,*,#2412,.T.);
#2993 = ORIENTED_EDGE('',*,*,#1954,.F.);
#2994 = ORIENTED_EDGE('',*,*,#2633,.F.);
#2995 = FACE_BOUND('',#2996,.T.);
#2996 = EDGE_LOOP('',(#2997));
#2997 = ORIENTED_EDGE('',*,*,#2998,.F.);
#2998 = EDGE_CURVE('',#2999,#2999,#3001,.T.);
#2999 = VERTEX_POINT('',#3000);
#3000 = CARTESIAN_POINT('',(-5.715926758E+03,1.949531242322E+03,
    12.401886792453));
#3001 = ELLIPSE('',#3002,1.48242342456,1.);
#3002 = AXIS2_PLACEMENT_3D('',#3003,#3004,#3005);
#3003 = CARTESIAN_POINT('',(-5.716926758E+03,1.949531242322E+03,
    12.401886792453));
#3004 = DIRECTION('',(1.6E-16,-0.738209882893,-0.674571099885));
#3005 = DIRECTION('',(1.5E-16,-0.674571099885,0.738209882893));
#3006 = PLANE('',#3007);
#3007 = AXIS2_PLACEMENT_3D('',#3008,#3009,#3010);
#3008 = CARTESIAN_POINT('',(-5.719926758E+03,1.955381242322E+03,6.));
#3009 = DIRECTION('',(1.6E-16,-0.738209882893,-0.674571099885));
#3010 = DIRECTION('',(1.5E-16,-0.674571099885,0.738209882893));
#3011 = ADVANCED_FACE('',(#3012,#3023),#3026,.T.);
#3012 = FACE_BOUND('',#3013,.T.);
#3013 = EDGE_LOOP('',(#3014,#3015,#3021,#3022));
#3014 = ORIENTED_EDGE('',*,*,#1322,.F.);
#3015 = ORIENTED_EDGE('',*,*,#3016,.T.);
#3016 = EDGE_CURVE('',#1315,#1986,#3017,.T.);
#3017 = LINE('',#3018,#3019);
#3018 = CARTESIAN_POINT('',(-5.719926758E+03,1.942040540014E+03,
    20.600740871075));
#3019 = VECTOR('',#3020,1.);
#3020 = DIRECTION('',(1.,2.2E-16,0.));
#3021 = ORIENTED_EDGE('',*,*,#1985,.F.);
#3022 = ORIENTED_EDGE('',*,*,#2065,.F.);
#3023 = FACE_BOUND('',#3024,.T.);
#3024 = EDGE_LOOP('',(#3025));
#3025 = ORIENTED_EDGE('',*,*,#1402,.F.);
#3026 = PLANE('',#3027);
#3027 = AXIS2_PLACEMENT_3D('',#3028,#3029,#3030);
#3028 = CARTESIAN_POINT('',(-5.719926758E+03,1.942040540014E+03,
    20.600740871075));
#3029 = DIRECTION('',(1.6E-16,-0.738152002262,-0.674634435495));
#3030 = DIRECTION('',(1.5E-16,-0.674634435495,0.738152002262));
#3031 = ADVANCED_FACE('',(#3032,#3038),#3049,.T.);
#3032 = FACE_BOUND('',#3033,.T.);
#3033 = EDGE_LOOP('',(#3034,#3035,#3036,#3037));
#3034 = ORIENTED_EDGE('',*,*,#1314,.F.);
#3035 = ORIENTED_EDGE('',*,*,#2058,.T.);
#3036 = ORIENTED_EDGE('',*,*,#1993,.F.);
#3037 = ORIENTED_EDGE('',*,*,#3016,.F.);
#3038 = FACE_BOUND('',#3039,.T.);
#3039 = EDGE_LOOP('',(#3040));
#3040 = ORIENTED_EDGE('',*,*,#3041,.F.);
#3041 = EDGE_CURVE('',#3042,#3042,#3044,.T.);
#3042 = VERTEX_POINT('',#3043);
#3043 = CARTESIAN_POINT('',(-5.715926758E+03,1.940031242322E+03,
    18.401886792454));
#3044 = ELLIPSE('',#3045,1.48242342456,1.);
#3045 = AXIS2_PLACEMENT_3D('',#3046,#3047,#3048);
#3046 = CARTESIAN_POINT('',(-5.716926758E+03,1.940031242322E+03,
    18.401886792454));
#3047 = DIRECTION('',(1.6E-16,-0.738209882893,0.674571099885));
#3048 = DIRECTION('',(-1.5E-16,0.674571099885,0.738209882893));
#3049 = PLANE('',#3050);
#3050 = AXIS2_PLACEMENT_3D('',#3051,#3052,#3053);
#3051 = CARTESIAN_POINT('',(-5.719926758E+03,1.934181242322E+03,12.));
#3052 = DIRECTION('',(1.6E-16,-0.738209882893,0.674571099885));
#3053 = DIRECTION('',(-1.5E-16,0.674571099885,0.738209882893));
#3054 = ADVANCED_FACE('',(#3055,#3058),#3069,.T.);
#3055 = FACE_BOUND('',#3056,.T.);
#3056 = EDGE_LOOP('',(#3057));
#3057 = ORIENTED_EDGE('',*,*,#1350,.T.);
#3058 = FACE_BOUND('',#3059,.T.);
#3059 = EDGE_LOOP('',(#3060));
#3060 = ORIENTED_EDGE('',*,*,#3061,.F.);
#3061 = EDGE_CURVE('',#3062,#3062,#3064,.T.);
#3062 = VERTEX_POINT('',#3063);
#3063 = CARTESIAN_POINT('',(-5.678706758E+03,1.944781242E+03,-2.));
#3064 = CIRCLE('',#3065,2.72);
#3065 = AXIS2_PLACEMENT_3D('',#3066,#3067,#3068);
#3066 = CARTESIAN_POINT('',(-5.681426758E+03,1.944781242E+03,-2.));
#3067 = DIRECTION('',(0.,3.3E-16,-1.));
#3068 = DIRECTION('',(1.,0.,0.));
#3069 = PLANE('',#3070);
#3070 = AXIS2_PLACEMENT_3D('',#3071,#3072,#3073);
#3071 = CARTESIAN_POINT('',(-5.681426758E+03,1.944781242322E+03,-2.));
#3072 = DIRECTION('',(0.,0.,-1.));
#3073 = DIRECTION('',(0.,1.,0.));
#3074 = ADVANCED_FACE('',(#3075),#3100,.T.);
#3075 = FACE_BOUND('',#3076,.T.);
#3076 = EDGE_LOOP('',(#3077,#3078,#3086,#3092,#3093,#3094));
#3077 = ORIENTED_EDGE('',*,*,#2506,.T.);
#3078 = ORIENTED_EDGE('',*,*,#3079,.T.);
#3079 = EDGE_CURVE('',#2497,#3080,#3082,.T.);
#3080 = VERTEX_POINT('',#3081);
#3081 = CARTESIAN_POINT('',(-5.669926758E+03,1.942281242322E+03,
    23.200000000001));
#3082 = LINE('',#3083,#3084);
#3083 = CARTESIAN_POINT('',(-5.669926758E+03,1.942281242322E+03,
    26.165402843528));
#3084 = VECTOR('',#3085,1.);
#3085 = DIRECTION('',(9.85E-15,1.1E-16,1.));
#3086 = ORIENTED_EDGE('',*,*,#3087,.T.);
#3087 = EDGE_CURVE('',#3080,#1586,#3088,.T.);
#3088 = LINE('',#3089,#3090);
#3089 = CARTESIAN_POINT('',(-5.673993044254E+03,1.942281242322E+03,
    21.015020510712));
#3090 = VECTOR('',#3091,1.);
#3091 = DIRECTION('',(-0.880883054172,-5.E-17,-0.473333967588));
#3092 = ORIENTED_EDGE('',*,*,#1593,.F.);
#3093 = ORIENTED_EDGE('',*,*,#2321,.T.);
#3094 = ORIENTED_EDGE('',*,*,#3095,.T.);
#3095 = EDGE_CURVE('',#2314,#2507,#3096,.T.);
#3096 = LINE('',#3097,#3098);
#3097 = CARTESIAN_POINT('',(-5.667926758E+03,1.942281242322E+03,
    35.199999999999));
#3098 = VECTOR('',#3099,1.);
#3099 = DIRECTION('',(-1.441E-14,-1.1E-16,-1.));
#3100 = PLANE('',#3101);
#3101 = AXIS2_PLACEMENT_3D('',#3102,#3103,#3104);
#3102 = CARTESIAN_POINT('',(-5.669177126915E+03,1.942281242322E+03,
    20.926784898195));
#3103 = DIRECTION('',(0.,1.,0.));
#3104 = DIRECTION('',(0.,0.,1.));
#3105 = ADVANCED_FACE('',(#3106),#3117,.T.);
#3106 = FACE_BOUND('',#3107,.T.);
#3107 = EDGE_LOOP('',(#3108,#3114,#3115,#3116));
#3108 = ORIENTED_EDGE('',*,*,#3109,.F.);
#3109 = EDGE_CURVE('',#2571,#3080,#3110,.T.);
#3110 = LINE('',#3111,#3112);
#3111 = CARTESIAN_POINT('',(-5.669926758E+03,1.930181242322E+03,23.2));
#3112 = VECTOR('',#3113,1.);
#3113 = DIRECTION('',(5.778E-14,1.,9.282E-14));
#3114 = ORIENTED_EDGE('',*,*,#2587,.T.);
#3115 = ORIENTED_EDGE('',*,*,#1585,.T.);
#3116 = ORIENTED_EDGE('',*,*,#3087,.F.);
#3117 = PLANE('',#3118);
#3118 = AXIS2_PLACEMENT_3D('',#3119,#3120,#3121);
#3119 = CARTESIAN_POINT('',(-5.680346910617E+03,1.930181242322E+03,
    17.600832031474));
#3120 = DIRECTION('',(0.473333967588,5.442E-14,-0.880883054172));
#3121 = DIRECTION('',(0.880883054172,-9.483E-14,0.473333967588));
#3122 = ADVANCED_FACE('',(#3123),#3148,.T.);
#3123 = FACE_BOUND('',#3124,.T.);
#3124 = EDGE_LOOP('',(#3125,#3126,#3127,#3135,#3141,#3142));
#3125 = ORIENTED_EDGE('',*,*,#2250,.F.);
#3126 = ORIENTED_EDGE('',*,*,#1704,.F.);
#3127 = ORIENTED_EDGE('',*,*,#3128,.T.);
#3128 = EDGE_CURVE('',#1705,#3129,#3131,.T.);
#3129 = VERTEX_POINT('',#3130);
#3130 = CARTESIAN_POINT('',(-5.669926758E+03,1.947281242322E+03,
    23.200000000001));
#3131 = LINE('',#3132,#3133);
#3132 = CARTESIAN_POINT('',(-5.672053156866E+03,1.947281242322E+03,
    22.057400188243));
#3133 = VECTOR('',#3134,1.);
#3134 = DIRECTION('',(0.880883054172,5.E-17,0.473333967588));
#3135 = ORIENTED_EDGE('',*,*,#3136,.T.);
#3136 = EDGE_CURVE('',#3129,#2446,#3137,.T.);
#3137 = LINE('',#3138,#3139);
#3138 = CARTESIAN_POINT('',(-5.669926758E+03,1.947281242322E+03,
    26.165402843528));
#3139 = VECTOR('',#3140,1.);
#3140 = DIRECTION('',(-9.85E-15,-1.1E-16,-1.));
#3141 = ORIENTED_EDGE('',*,*,#2445,.T.);
#3142 = ORIENTED_EDGE('',*,*,#3143,.F.);
#3143 = EDGE_CURVE('',#2243,#2438,#3144,.T.);
#3144 = LINE('',#3145,#3146);
#3145 = CARTESIAN_POINT('',(-5.667926758E+03,1.947281242322E+03,
    35.199999999999));
#3146 = VECTOR('',#3147,1.);
#3147 = DIRECTION('',(-1.441E-14,-1.1E-16,-1.));
#3148 = PLANE('',#3149);
#3149 = AXIS2_PLACEMENT_3D('',#3150,#3151,#3152);
#3150 = CARTESIAN_POINT('',(-5.66917707459E+03,1.947281242322E+03,
    20.925336369803));
#3151 = DIRECTION('',(-0.,-1.,-0.));
#3152 = DIRECTION('',(0.,0.,-1.));
#3153 = ADVANCED_FACE('',(#3154),#3165,.T.);
#3154 = FACE_BOUND('',#3155,.T.);
#3155 = EDGE_LOOP('',(#3156,#3162,#3163,#3164));
#3156 = ORIENTED_EDGE('',*,*,#3157,.F.);
#3157 = EDGE_CURVE('',#3129,#2206,#3158,.T.);
#3158 = LINE('',#3159,#3160);
#3159 = CARTESIAN_POINT('',(-5.669926758E+03,1.930181242322E+03,23.2));
#3160 = VECTOR('',#3161,1.);
#3161 = DIRECTION('',(5.778E-14,1.,9.282E-14));
#3162 = ORIENTED_EDGE('',*,*,#3128,.F.);
#3163 = ORIENTED_EDGE('',*,*,#1714,.T.);
#3164 = ORIENTED_EDGE('',*,*,#2217,.F.);
#3165 = PLANE('',#3166);
#3166 = AXIS2_PLACEMENT_3D('',#3167,#3168,#3169);
#3167 = CARTESIAN_POINT('',(-5.680346910617E+03,1.930181242322E+03,
    17.600832031474));
#3168 = DIRECTION('',(0.473333967588,5.442E-14,-0.880883054172));
#3169 = DIRECTION('',(0.880883054172,-9.483E-14,0.473333967588));
#3170 = ADVANCED_FACE('',(#3171),#3188,.F.);
#3171 = FACE_BOUND('',#3172,.F.);
#3172 = EDGE_LOOP('',(#3173,#3174,#3182));
#3173 = ORIENTED_EDGE('',*,*,#1768,.T.);
#3174 = ORIENTED_EDGE('',*,*,#3175,.F.);
#3175 = EDGE_CURVE('',#3176,#1761,#3178,.T.);
#3176 = VERTEX_POINT('',#3177);
#3177 = CARTESIAN_POINT('',(-5.670926758E+03,1.954890078529E+03,
    12.537500000005));
#3178 = LINE('',#3179,#3180);
#3179 = CARTESIAN_POINT('',(-5.690309532289E+03,1.945369961588E+03,
    22.95574118057));
#3180 = VECTOR('',#3181,1.);
#3181 = DIRECTION('',(0.80841295255,0.397063172168,-0.434521961996));
#3182 = ORIENTED_EDGE('',*,*,#3183,.T.);
#3183 = EDGE_CURVE('',#3176,#1769,#3184,.T.);
#3184 = LINE('',#3185,#3186);
#3185 = CARTESIAN_POINT('',(-5.670926758E+03,1.957785259817E+03,
    9.369188401102));
#3186 = VECTOR('',#3187,1.);
#3187 = DIRECTION('',(0.,0.674571099885,-0.738209882893));
#3188 = PLANE('',#3189);
#3189 = AXIS2_PLACEMENT_3D('',#3190,#3191,#3192);
#3190 = CARTESIAN_POINT('',(-5.719926758E+03,1.955381242322E+03,12.));
#3191 = DIRECTION('',(1.6E-16,-0.738209882893,-0.674571099885));
#3192 = DIRECTION('',(1.5E-16,-0.674571099885,0.738209882893));
#3193 = ADVANCED_FACE('',(#3194),#3205,.F.);
#3194 = FACE_BOUND('',#3195,.F.);
#3195 = EDGE_LOOP('',(#3196,#3197,#3198,#3199));
#3196 = ORIENTED_EDGE('',*,*,#2469,.T.);
#3197 = ORIENTED_EDGE('',*,*,#1776,.T.);
#3198 = ORIENTED_EDGE('',*,*,#3183,.F.);
#3199 = ORIENTED_EDGE('',*,*,#3200,.T.);
#3200 = EDGE_CURVE('',#3176,#2462,#3201,.T.);
#3201 = LINE('',#3202,#3203);
#3202 = CARTESIAN_POINT('',(-5.670926758E+03,1.944781242322E+03,
    12.537500000002));
#3203 = VECTOR('',#3204,1.);
#3204 = DIRECTION('',(0.,-1.,-1.2388E-13));
#3205 = PLANE('',#3206);
#3206 = AXIS2_PLACEMENT_3D('',#3207,#3208,#3209);
#3207 = CARTESIAN_POINT('',(-5.670926758E+03,1.959381242322E+03,
    5.999999999999));
#3208 = DIRECTION('',(1.,0.,0.));
#3209 = DIRECTION('',(0.,-1.,1.1E-16));
#3210 = ADVANCED_FACE('',(#3211),#3228,.T.);
#3211 = FACE_BOUND('',#3212,.T.);
#3212 = EDGE_LOOP('',(#3213,#3214,#3222));
#3213 = ORIENTED_EDGE('',*,*,#2039,.T.);
#3214 = ORIENTED_EDGE('',*,*,#3215,.F.);
#3215 = EDGE_CURVE('',#3216,#860,#3218,.T.);
#3216 = VERTEX_POINT('',#3217);
#3217 = CARTESIAN_POINT('',(-5.670926758E+03,1.934672406115E+03,
    12.537500000002));
#3218 = LINE('',#3219,#3220);
#3219 = CARTESIAN_POINT('',(-5.685623063524E+03,1.941890699281E+03,
    20.436764218909));
#3220 = VECTOR('',#3221,1.);
#3221 = DIRECTION('',(0.80841295255,-0.397063172168,-0.434521961996));
#3222 = ORIENTED_EDGE('',*,*,#3223,.T.);
#3223 = EDGE_CURVE('',#3216,#2040,#3224,.T.);
#3224 = LINE('',#3225,#3226);
#3225 = CARTESIAN_POINT('',(-5.670926758E+03,1.938420898891E+03,
    16.639624169772));
#3226 = VECTOR('',#3227,1.);
#3227 = DIRECTION('',(0.,-0.674571099885,-0.738209882893));
#3228 = PLANE('',#3229);
#3229 = AXIS2_PLACEMENT_3D('',#3230,#3231,#3232);
#3230 = CARTESIAN_POINT('',(-5.719926758E+03,1.934181242322E+03,12.));
#3231 = DIRECTION('',(1.6E-16,-0.738209882893,0.674571099885));
#3232 = DIRECTION('',(-1.5E-16,0.674571099885,0.738209882893));
#3233 = ADVANCED_FACE('',(#3234),#3245,.F.);
#3234 = FACE_BOUND('',#3235,.F.);
#3235 = EDGE_LOOP('',(#3236,#3237,#3243,#3244));
#3236 = ORIENTED_EDGE('',*,*,#2523,.T.);
#3237 = ORIENTED_EDGE('',*,*,#3238,.T.);
#3238 = EDGE_CURVE('',#2524,#3216,#3239,.T.);
#3239 = LINE('',#3240,#3241);
#3240 = CARTESIAN_POINT('',(-5.670926758E+03,1.944781242322E+03,
    12.537500000002));
#3241 = VECTOR('',#3242,1.);
#3242 = DIRECTION('',(0.,-1.,-1.2388E-13));
#3243 = ORIENTED_EDGE('',*,*,#3223,.T.);
#3244 = ORIENTED_EDGE('',*,*,#2047,.F.);
#3245 = PLANE('',#3246);
#3246 = AXIS2_PLACEMENT_3D('',#3247,#3248,#3249);
#3247 = CARTESIAN_POINT('',(-5.670926758E+03,1.959381242322E+03,
    5.999999999999));
#3248 = DIRECTION('',(1.,0.,0.));
#3249 = DIRECTION('',(0.,-1.,1.1E-16));
#3250 = ADVANCED_FACE('',(#3251),#3264,.T.);
#3251 = FACE_BOUND('',#3252,.T.);
#3252 = EDGE_LOOP('',(#3253,#3254,#3255,#3256,#3257,#3258));
#3253 = ORIENTED_EDGE('',*,*,#2453,.T.);
#3254 = ORIENTED_EDGE('',*,*,#3136,.F.);
#3255 = ORIENTED_EDGE('',*,*,#3157,.T.);
#3256 = ORIENTED_EDGE('',*,*,#2205,.F.);
#3257 = ORIENTED_EDGE('',*,*,#2178,.F.);
#3258 = ORIENTED_EDGE('',*,*,#3259,.F.);
#3259 = EDGE_CURVE('',#2454,#1761,#3260,.T.);
#3260 = LINE('',#3261,#3262);
#3261 = CARTESIAN_POINT('',(-5.669926758E+03,1.930181242322E+03,12.));
#3262 = VECTOR('',#3263,1.);
#3263 = DIRECTION('',(5.778E-14,1.,9.282E-14));
#3264 = PLANE('',#3265);
#3265 = AXIS2_PLACEMENT_3D('',#3266,#3267,#3268);
#3266 = CARTESIAN_POINT('',(-5.669926758E+03,1.944781242322E+03,
    17.130805687058));
#3267 = DIRECTION('',(-1.,6.154E-14,9.85E-15));
#3268 = DIRECTION('',(-6.154E-14,-1.,0.));
#3269 = ADVANCED_FACE('',(#3270),#3280,.F.);
#3270 = FACE_BOUND('',#3271,.F.);
#3271 = EDGE_LOOP('',(#3272,#3273,#3278,#3279));
#3272 = ORIENTED_EDGE('',*,*,#2188,.T.);
#3273 = ORIENTED_EDGE('',*,*,#3274,.F.);
#3274 = EDGE_CURVE('',#2480,#2189,#3275,.T.);
#3275 = B_SPLINE_CURVE_WITH_KNOTS('',1,(#3276,#3277),.UNSPECIFIED.,.F.,
  .F.,(2,2),(-25.,2.1316E-13),.PIECEWISE_BEZIER_KNOTS.);
#3276 = CARTESIAN_POINT('',(-5.665926758E+03,1.949531242322E+03,
    10.200000000001));
#3277 = CARTESIAN_POINT('',(-5.665926758E+03,1.949531242322E+03,
    35.200000000001));
#3278 = ORIENTED_EDGE('',*,*,#2479,.F.);
#3279 = ORIENTED_EDGE('',*,*,#3274,.T.);
#3280 = CYLINDRICAL_SURFACE('',#3281,1.);
#3281 = AXIS2_PLACEMENT_3D('',#3282,#3283,#3284);
#3282 = CARTESIAN_POINT('',(-5.666926758E+03,1.949531242322E+03,35.2));
#3283 = DIRECTION('',(0.,-3.3E-16,1.));
#3284 = DIRECTION('',(1.,0.,0.));
#3285 = ADVANCED_FACE('',(#3286),#3294,.F.);
#3286 = FACE_BOUND('',#3287,.F.);
#3287 = EDGE_LOOP('',(#3288,#3289,#3290,#3291,#3292,#3293));
#3288 = ORIENTED_EDGE('',*,*,#2313,.F.);
#3289 = ORIENTED_EDGE('',*,*,#3095,.T.);
#3290 = ORIENTED_EDGE('',*,*,#2514,.F.);
#3291 = ORIENTED_EDGE('',*,*,#2437,.F.);
#3292 = ORIENTED_EDGE('',*,*,#3143,.F.);
#3293 = ORIENTED_EDGE('',*,*,#2242,.T.);
#3294 = PLANE('',#3295);
#3295 = AXIS2_PLACEMENT_3D('',#3296,#3297,#3298);
#3296 = CARTESIAN_POINT('',(-5.667926758E+03,1.942281242322E+03,
    35.199999999999));
#3297 = DIRECTION('',(1.,0.,-1.441E-14));
#3298 = DIRECTION('',(-1.5851E-30,1.,-1.1E-16));
#3299 = ADVANCED_FACE('',(#3300),#3306,.T.);
#3300 = FACE_BOUND('',#3301,.T.);
#3301 = EDGE_LOOP('',(#3302,#3303,#3304,#3305));
#3302 = ORIENTED_EDGE('',*,*,#2461,.T.);
#3303 = ORIENTED_EDGE('',*,*,#3259,.T.);
#3304 = ORIENTED_EDGE('',*,*,#3175,.F.);
#3305 = ORIENTED_EDGE('',*,*,#3200,.T.);
#3306 = PLANE('',#3307);
#3307 = AXIS2_PLACEMENT_3D('',#3308,#3309,#3310);
#3308 = CARTESIAN_POINT('',(-5.669926758E+03,1.930181242322E+03,12.));
#3309 = DIRECTION('',(0.473443113396,-1.0911E-13,0.880824397016));
#3310 = DIRECTION('',(-0.880824397016,6.95E-15,0.473443113396));
#3311 = ADVANCED_FACE('',(#3312),#3325,.T.);
#3312 = FACE_BOUND('',#3313,.T.);
#3313 = EDGE_LOOP('',(#3314,#3320,#3321,#3322,#3323,#3324));
#3314 = ORIENTED_EDGE('',*,*,#3315,.F.);
#3315 = EDGE_CURVE('',#860,#2499,#3316,.T.);
#3316 = LINE('',#3317,#3318);
#3317 = CARTESIAN_POINT('',(-5.669926758E+03,1.930181242322E+03,12.));
#3318 = VECTOR('',#3319,1.);
#3319 = DIRECTION('',(5.778E-14,1.,9.282E-14));
#3320 = ORIENTED_EDGE('',*,*,#2605,.T.);
#3321 = ORIENTED_EDGE('',*,*,#2568,.T.);
#3322 = ORIENTED_EDGE('',*,*,#3109,.T.);
#3323 = ORIENTED_EDGE('',*,*,#3079,.F.);
#3324 = ORIENTED_EDGE('',*,*,#2496,.T.);
#3325 = PLANE('',#3326);
#3326 = AXIS2_PLACEMENT_3D('',#3327,#3328,#3329);
#3327 = CARTESIAN_POINT('',(-5.669926758E+03,1.944781242322E+03,
    17.130805687058));
#3328 = DIRECTION('',(-1.,6.154E-14,9.85E-15));
#3329 = DIRECTION('',(-6.154E-14,-1.,0.));
#3330 = ADVANCED_FACE('',(#3331),#3337,.T.);
#3331 = FACE_BOUND('',#3332,.T.);
#3332 = EDGE_LOOP('',(#3333,#3334,#3335,#3336));
#3333 = ORIENTED_EDGE('',*,*,#3215,.T.);
#3334 = ORIENTED_EDGE('',*,*,#3315,.T.);
#3335 = ORIENTED_EDGE('',*,*,#2531,.T.);
#3336 = ORIENTED_EDGE('',*,*,#3238,.T.);
#3337 = PLANE('',#3338);
#3338 = AXIS2_PLACEMENT_3D('',#3339,#3340,#3341);
#3339 = CARTESIAN_POINT('',(-5.669926758E+03,1.930181242322E+03,12.));
#3340 = DIRECTION('',(0.473443113396,-1.0911E-13,0.880824397016));
#3341 = DIRECTION('',(-0.880824397016,6.95E-15,0.473443113396));
#3342 = ADVANCED_FACE('',(#3343),#3353,.F.);
#3343 = FACE_BOUND('',#3344,.F.);
#3344 = EDGE_LOOP('',(#3345,#3346,#3351,#3352));
#3345 = ORIENTED_EDGE('',*,*,#2615,.F.);
#3346 = ORIENTED_EDGE('',*,*,#3347,.F.);
#3347 = EDGE_CURVE('',#2540,#2616,#3348,.T.);
#3348 = B_SPLINE_CURVE_WITH_KNOTS('',1,(#3349,#3350),.UNSPECIFIED.,.F.,
  .F.,(2,2),(-25.,2.1316E-13),.PIECEWISE_BEZIER_KNOTS.);
#3349 = CARTESIAN_POINT('',(-5.665926758E+03,1.940031242322E+03,
    10.200000000001));
#3350 = CARTESIAN_POINT('',(-5.665926758E+03,1.940031242322E+03,
    35.200000000001));
#3351 = ORIENTED_EDGE('',*,*,#2539,.F.);
#3352 = ORIENTED_EDGE('',*,*,#3347,.T.);
#3353 = CYLINDRICAL_SURFACE('',#3354,1.);
#3354 = AXIS2_PLACEMENT_3D('',#3355,#3356,#3357);
#3355 = CARTESIAN_POINT('',(-5.666926758E+03,1.940031242322E+03,35.2));
#3356 = DIRECTION('',(0.,-3.3E-16,1.));
#3357 = DIRECTION('',(1.,0.,0.));
#3358 = ADVANCED_FACE('',(#3359),#3370,.F.);
#3359 = FACE_BOUND('',#3360,.F.);
#3360 = EDGE_LOOP('',(#3361,#3362,#3368,#3369));
#3361 = ORIENTED_EDGE('',*,*,#3041,.F.);
#3362 = ORIENTED_EDGE('',*,*,#3363,.T.);
#3363 = EDGE_CURVE('',#3042,#2644,#3364,.T.);
#3364 = LINE('',#3365,#3366);
#3365 = CARTESIAN_POINT('',(-5.715926758E+03,1.940031242322E+03,35.2));
#3366 = VECTOR('',#3367,1.);
#3367 = DIRECTION('',(0.,-1.1E-16,-1.));
#3368 = ORIENTED_EDGE('',*,*,#2643,.F.);
#3369 = ORIENTED_EDGE('',*,*,#3363,.F.);
#3370 = CYLINDRICAL_SURFACE('',#3371,1.);
#3371 = AXIS2_PLACEMENT_3D('',#3372,#3373,#3374);
#3372 = CARTESIAN_POINT('',(-5.716926758E+03,1.940031242322E+03,35.2));
#3373 = DIRECTION('',(0.,1.1E-16,1.));
#3374 = DIRECTION('',(1.,0.,0.));
#3375 = ADVANCED_FACE('',(#3376),#3387,.F.);
#3376 = FACE_BOUND('',#3377,.F.);
#3377 = EDGE_LOOP('',(#3378,#3379,#3385,#3386));
#3378 = ORIENTED_EDGE('',*,*,#2960,.T.);
#3379 = ORIENTED_EDGE('',*,*,#3380,.T.);
#3380 = EDGE_CURVE('',#2961,#2999,#3381,.T.);
#3381 = LINE('',#3382,#3383);
#3382 = CARTESIAN_POINT('',(-5.715926758E+03,1.949531242322E+03,35.2));
#3383 = VECTOR('',#3384,1.);
#3384 = DIRECTION('',(0.,-1.1E-16,-1.));
#3385 = ORIENTED_EDGE('',*,*,#2998,.F.);
#3386 = ORIENTED_EDGE('',*,*,#3380,.F.);
#3387 = CYLINDRICAL_SURFACE('',#3388,1.);
#3388 = AXIS2_PLACEMENT_3D('',#3389,#3390,#3391);
#3389 = CARTESIAN_POINT('',(-5.716926758E+03,1.949531242322E+03,35.2));
#3390 = DIRECTION('',(0.,1.1E-16,1.));
#3391 = DIRECTION('',(1.,0.,0.));
#3392 = ADVANCED_FACE('',(#3393),#3412,.T.);
#3393 = FACE_BOUND('',#3394,.T.);
#3394 = EDGE_LOOP('',(#3395,#3404,#3410,#3411));
#3395 = ORIENTED_EDGE('',*,*,#3396,.F.);
#3396 = EDGE_CURVE('',#3397,#3397,#3399,.T.);
#3397 = VERTEX_POINT('',#3398);
#3398 = CARTESIAN_POINT('',(-5.678706758E+03,1.944781242E+03,-7.));
#3399 = CIRCLE('',#3400,2.72);
#3400 = AXIS2_PLACEMENT_3D('',#3401,#3402,#3403);
#3401 = CARTESIAN_POINT('',(-5.681426758E+03,1.944781242E+03,-7.));
#3402 = DIRECTION('',(0.,0.,-1.));
#3403 = DIRECTION('',(1.,0.,0.));
#3404 = ORIENTED_EDGE('',*,*,#3405,.T.);
#3405 = EDGE_CURVE('',#3397,#3062,#3406,.T.);
#3406 = LINE('',#3407,#3408);
#3407 = CARTESIAN_POINT('',(-5.678706758E+03,1.944781242E+03,
    -6.999999999999));
#3408 = VECTOR('',#3409,1.);
#3409 = DIRECTION('',(0.,-3.3E-16,1.));
#3410 = ORIENTED_EDGE('',*,*,#3061,.T.);
#3411 = ORIENTED_EDGE('',*,*,#3405,.F.);
#3412 = CYLINDRICAL_SURFACE('',#3413,2.72);
#3413 = AXIS2_PLACEMENT_3D('',#3414,#3415,#3416);
#3414 = CARTESIAN_POINT('',(-5.681426758E+03,1.944781242E+03,
    -6.999999999999));
#3415 = DIRECTION('',(0.,3.3E-16,-1.));
#3416 = DIRECTION('',(1.,0.,0.));
#3417 = ADVANCED_FACE('',(#3418,#3421),#3432,.T.);
#3418 = FACE_BOUND('',#3419,.T.);
#3419 = EDGE_LOOP('',(#3420));
#3420 = ORIENTED_EDGE('',*,*,#3396,.T.);
#3421 = FACE_BOUND('',#3422,.T.);
#3422 = EDGE_LOOP('',(#3423));
#3423 = ORIENTED_EDGE('',*,*,#3424,.T.);
#3424 = EDGE_CURVE('',#3425,#3425,#3427,.T.);
#3425 = VERTEX_POINT('',#3426);
#3426 = CARTESIAN_POINT('',(-5.680176758E+03,1.944781242322E+03,
    -6.999999999999));
#3427 = CIRCLE('',#3428,1.25);
#3428 = AXIS2_PLACEMENT_3D('',#3429,#3430,#3431);
#3429 = CARTESIAN_POINT('',(-5.681426758E+03,1.944781242322E+03,
    -6.999999999999));
#3430 = DIRECTION('',(0.,-7.7E-16,1.));
#3431 = DIRECTION('',(1.,0.,0.));
#3432 = PLANE('',#3433);
#3433 = AXIS2_PLACEMENT_3D('',#3434,#3435,#3436);
#3434 = CARTESIAN_POINT('',(-5.681426758E+03,1.944781242E+03,
    -6.999999999999));
#3435 = DIRECTION('',(0.,3.8E-16,-1.));
#3436 = DIRECTION('',(0.,-1.,-3.8E-16));
#3437 = ADVANCED_FACE('',(#3438),#3448,.F.);
#3438 = FACE_BOUND('',#3439,.F.);
#3439 = EDGE_LOOP('',(#3440,#3441,#3446,#3447));
#3440 = ORIENTED_EDGE('',*,*,#2357,.T.);
#3441 = ORIENTED_EDGE('',*,*,#3442,.T.);
#3442 = EDGE_CURVE('',#2358,#3425,#3443,.T.);
#3443 = B_SPLINE_CURVE_WITH_KNOTS('',1,(#3444,#3445),.UNSPECIFIED.,.F.,
  .F.,(2,2),(-9.999999999998,2.1672E-13),.PIECEWISE_BEZIER_KNOTS.);
#3444 = CARTESIAN_POINT('',(-5.680176758E+03,1.944781242322E+03,3.));
#3445 = CARTESIAN_POINT('',(-5.680176758E+03,1.944781242322E+03,
    -6.999999999999));
#3446 = ORIENTED_EDGE('',*,*,#3424,.T.);
#3447 = ORIENTED_EDGE('',*,*,#3442,.F.);
#3448 = CYLINDRICAL_SURFACE('',#3449,1.25);
#3449 = AXIS2_PLACEMENT_3D('',#3450,#3451,#3452);
#3450 = CARTESIAN_POINT('',(-5.681426758E+03,1.944781242322E+03,
    -6.999999999999));
#3451 = DIRECTION('',(0.,7.7E-16,-1.));
#3452 = DIRECTION('',(1.,0.,0.));
#3453 = ( GEOMETRIC_REPRESENTATION_CONTEXT(3) 
GLOBAL_UNCERTAINTY_ASSIGNED_CONTEXT((#3457)) 
GLOBAL_UNIT_ASSIGNED_CONTEXT((#3454,#3455,#3456)) REPRESENTATION_CONTEXT
('Context #1','3D Context with UNIT and UNCERTAINTY') );
#3454 = ( LENGTH_UNIT() NAMED_UNIT(*) SI_UNIT(.MILLI.,.METRE.) );
#3455 = ( NAMED_UNIT(*) PLANE_ANGLE_UNIT() SI_UNIT($,.RADIAN.) );
#3456 = ( NAMED_UNIT(*) SI_UNIT($,.STERADIAN.) SOLID_ANGLE_UNIT() );
#3457 = UNCERTAINTY_MEASURE_WITH_UNIT(LENGTH_MEASURE(2.E-04),#3454,
  'distance_accuracy_value','confusion accuracy');
#3458 = PRODUCT_RELATED_PRODUCT_CATEGORY('part',$,(#7));
#3459 = MECHANICAL_DESIGN_GEOMETRIC_PRESENTATION_REPRESENTATION('',(
    #3460),#3453);
#3460 = STYLED_ITEM('color',(#3461),#15);
#3461 = PRESENTATION_STYLE_ASSIGNMENT((#3462,#3468));
#3462 = SURFACE_STYLE_USAGE(.BOTH.,#3463);
#3463 = SURFACE_SIDE_STYLE('',(#3464));
#3464 = SURFACE_STYLE_FILL_AREA(#3465);
#3465 = FILL_AREA_STYLE('',(#3466));
#3466 = FILL_AREA_STYLE_COLOUR('',#3467);
#3467 = COLOUR_RGB('',0.447058818107,0.474509808674,0.501960817233);
#3468 = CURVE_STYLE('',#3469,POSITIVE_LENGTH_MEASURE(0.1),#3470);
#3469 = DRAUGHTING_PRE_DEFINED_CURVE_FONT('continuous');
#3470 = COLOUR_RGB('',9.803921802644E-02,9.803921802644E-02,
  9.803921802644E-02);
ENDSEC;
END-ISO-10303-21;
