ISO-10303-21;
HEADER;
FILE_DESCRIPTION(('FreeCAD Model'),'2;1');
FILE_NAME('Open CASCADE Shape Model','2026-08-27T17:54:48',(''),(''),
  'Open CASCADE STEP processor 7.8','FreeCAD','Unknown');
FILE_SCHEMA(('AUTOMOTIVE_DESIGN { 1 0 10303 214 1 1 1 1 }'));
ENDSEC;
DATA;
#1 = APPLICATION_PROTOCOL_DEFINITION('international standard',
  'automotive_design',2000,#2);
#2 = APPLICATION_CONTEXT(
  'core data for automotive mechanical design processes');
#3 = SHAPE_DEFINITION_REPRESENTATION(#4,#10);
#4 = PRODUCT_DEFINITION_SHAPE('','',#5);
#5 = PRODUCT_DEFINITION('design','',#6,#9);
#6 = PRODUCT_DEFINITION_FORMATION('','',#7);
#7 = PRODUCT('Chamfer','Chamfer','',(#8));
#8 = PRODUCT_CONTEXT('',#2,'mechanical');
#9 = PRODUCT_DEFINITION_CONTEXT('part definition',#2,'design');
#10 = ADVANCED_BREP_SHAPE_REPRESENTATION('',(#11,#15),#3913);
#11 = AXIS2_PLACEMENT_3D('',#12,#13,#14);
#12 = CARTESIAN_POINT('',(0.,0.,0.));
#13 = DIRECTION('',(0.,0.,1.));
#14 = DIRECTION('',(1.,0.,-0.));
#15 = MANIFOLD_SOLID_BREP('',#16);
#16 = CLOSED_SHELL('',(#17,#81,#123,#147,#347,#371,#546,#628,#645,#660,
    #684,#827,#937,#1073,#1104,#1160,#1184,#1208,#1225,#1249,#1266,#1297
    ,#1338,#1363,#1411,#1435,#1460,#1524,#1605,#1646,#1670,#1687,#1784,
    #1832,#1892,#1989,#2006,#2018,#2152,#2176,#2281,#2293,#2318,#2343,
    #2368,#2388,#2420,#2444,#2461,#2473,#2495,#2512,#2524,#2541,#2553,
    #2570,#2587,#2599,#2623,#2656,#2689,#2721,#2738,#2750,#2772,#2789,
    #2801,#2818,#2830,#2847,#2865,#2877,#2930,#2972,#3016,#3028,#3050,
    #3103,#3126,#3165,#3199,#3227,#3316,#3336,#3353,#3427,#3444,#3460,
    #3476,#3485,#3494,#3511,#3523,#3556,#3589,#3605,#3615,#3631,#3641,
    #3653,#3678,#3703,#3728,#3753,#3778,#3803,#3828,#3853,#3862,#3871,
    #3895,#3904));
#17 = ADVANCED_FACE('',(#18),#76,.T.);
#18 = FACE_BOUND('',#19,.T.);
#19 = EDGE_LOOP('',(#20,#30,#38,#46,#54,#62,#70));
#20 = ORIENTED_EDGE('',*,*,#21,.F.);
#21 = EDGE_CURVE('',#22,#24,#26,.T.);
#22 = VERTEX_POINT('',#23);
#23 = CARTESIAN_POINT('',(-182.424838,98.584584,-44.));
#24 = VERTEX_POINT('',#25);
#25 = CARTESIAN_POINT('',(-215.424838,98.584584,-44.));
#26 = LINE('',#27,#28);
#27 = CARTESIAN_POINT('',(-182.424838,98.584584,-44.));
#28 = VECTOR('',#29,1.);
#29 = DIRECTION('',(-1.,1.72E-15,1.72E-15));
#30 = ORIENTED_EDGE('',*,*,#31,.T.);
#31 = EDGE_CURVE('',#22,#32,#34,.T.);
#32 = VERTEX_POINT('',#33);
#33 = CARTESIAN_POINT('',(-182.424838,98.584584,-41.));
#34 = LINE('',#35,#36);
#35 = CARTESIAN_POINT('',(-182.424838,98.584584,-44.));
#36 = VECTOR('',#37,1.);
#37 = DIRECTION('',(2.E-15,-4.E-30,1.));
#38 = ORIENTED_EDGE('',*,*,#39,.T.);
#39 = EDGE_CURVE('',#32,#40,#42,.T.);
#40 = VERTEX_POINT('',#41);
#41 = CARTESIAN_POINT('',(-224.924838,98.584584,-41.));
#42 = LINE('',#43,#44);
#43 = CARTESIAN_POINT('',(-182.424838,98.584584,-41.));
#44 = VECTOR('',#45,1.);
#45 = DIRECTION('',(-1.,1.72E-15,1.72E-15));
#46 = ORIENTED_EDGE('',*,*,#47,.F.);
#47 = EDGE_CURVE('',#48,#40,#50,.T.);
#48 = VERTEX_POINT('',#49);
#49 = CARTESIAN_POINT('',(-224.924838,98.584584,-47.));
#50 = LINE('',#51,#52);
#51 = CARTESIAN_POINT('',(-224.924838,98.584584,-44.));
#52 = VECTOR('',#53,1.);
#53 = DIRECTION('',(1.72E-15,0.,1.));
#54 = ORIENTED_EDGE('',*,*,#55,.T.);
#55 = EDGE_CURVE('',#48,#56,#58,.T.);
#56 = VERTEX_POINT('',#57);
#57 = CARTESIAN_POINT('',(-221.424838,98.584584,-47.));
#58 = LINE('',#59,#60);
#59 = CARTESIAN_POINT('',(-217.549838,98.584584,-47.));
#60 = VECTOR('',#61,1.);
#61 = DIRECTION('',(1.,0.,-1.81E-15));
#62 = ORIENTED_EDGE('',*,*,#63,.F.);
#63 = EDGE_CURVE('',#64,#56,#66,.T.);
#64 = VERTEX_POINT('',#65);
#65 = CARTESIAN_POINT('',(-221.424838,98.584584,-46.));
#66 = LINE('',#67,#68);
#67 = CARTESIAN_POINT('',(-221.424838,98.584584,-44.));
#68 = VECTOR('',#69,1.);
#69 = DIRECTION('',(-1.72E-15,-0.,-1.));
#70 = ORIENTED_EDGE('',*,*,#71,.T.);
#71 = EDGE_CURVE('',#64,#24,#72,.T.);
#72 = LINE('',#73,#74);
#73 = CARTESIAN_POINT('',(-211.9991936701,98.584584,-42.8581185567));
#74 = VECTOR('',#75,1.);
#75 = DIRECTION('',(0.948683298051,1.064E-14,0.316227766017));
#76 = PLANE('',#77);
#77 = AXIS2_PLACEMENT_3D('',#78,#79,#80);
#78 = CARTESIAN_POINT('',(-204.881023567,98.584584,-42.79381443298));
#79 = DIRECTION('',(-4.7E-16,-1.,3.507E-14));
#80 = DIRECTION('',(0.,-3.507E-14,-1.));
#81 = ADVANCED_FACE('',(#82,#107),#118,.F.);
#82 = FACE_BOUND('',#83,.F.);
#83 = EDGE_LOOP('',(#84,#85,#93,#101));
#84 = ORIENTED_EDGE('',*,*,#21,.F.);
#85 = ORIENTED_EDGE('',*,*,#86,.F.);
#86 = EDGE_CURVE('',#87,#22,#89,.T.);
#87 = VERTEX_POINT('',#88);
#88 = CARTESIAN_POINT('',(-182.424838,89.584584,-44.));
#89 = LINE('',#90,#91);
#90 = CARTESIAN_POINT('',(-182.424838,89.584584,-44.));
#91 = VECTOR('',#92,1.);
#92 = DIRECTION('',(2.E-15,1.,0.));
#93 = ORIENTED_EDGE('',*,*,#94,.T.);
#94 = EDGE_CURVE('',#87,#95,#97,.T.);
#95 = VERTEX_POINT('',#96);
#96 = CARTESIAN_POINT('',(-215.424838,89.584584,-44.));
#97 = LINE('',#98,#99);
#98 = CARTESIAN_POINT('',(-182.424838,89.584584,-44.));
#99 = VECTOR('',#100,1.);
#100 = DIRECTION('',(-1.,1.72E-15,1.72E-15));
#101 = ORIENTED_EDGE('',*,*,#102,.T.);
#102 = EDGE_CURVE('',#95,#24,#103,.T.);
#103 = LINE('',#104,#105);
#104 = CARTESIAN_POINT('',(-215.424838,89.584584,-44.));
#105 = VECTOR('',#106,1.);
#106 = DIRECTION('',(0.,1.,0.));
#107 = FACE_BOUND('',#108,.F.);
#108 = EDGE_LOOP('',(#109));
#109 = ORIENTED_EDGE('',*,*,#110,.F.);
#110 = EDGE_CURVE('',#111,#111,#113,.T.);
#111 = VERTEX_POINT('',#112);
#112 = CARTESIAN_POINT('',(-198.924838,94.084584,-44.));
#113 = CIRCLE('',#114,1.);
#114 = AXIS2_PLACEMENT_3D('',#115,#116,#117);
#115 = CARTESIAN_POINT('',(-199.924838,94.084584,-44.));
#116 = DIRECTION('',(-1.8E-15,-0.,-1.));
#117 = DIRECTION('',(1.,0.,-1.8E-15));
#118 = PLANE('',#119);
#119 = AXIS2_PLACEMENT_3D('',#120,#121,#122);
#120 = CARTESIAN_POINT('',(-182.424838,89.584584,-44.));
#121 = DIRECTION('',(-1.72E-15,0.,-1.));
#122 = DIRECTION('',(1.67E-15,1.,-2.8724E-30));
#123 = ADVANCED_FACE('',(#124),#142,.T.);
#124 = FACE_BOUND('',#125,.F.);
#125 = EDGE_LOOP('',(#126,#134,#140,#141));
#126 = ORIENTED_EDGE('',*,*,#127,.F.);
#127 = EDGE_CURVE('',#128,#95,#130,.T.);
#128 = VERTEX_POINT('',#129);
#129 = CARTESIAN_POINT('',(-221.424838,89.584584,-46.));
#130 = LINE('',#131,#132);
#131 = CARTESIAN_POINT('',(-211.9991936701,89.584584,-42.8581185567));
#132 = VECTOR('',#133,1.);
#133 = DIRECTION('',(0.948683298051,1.064E-14,0.316227766017));
#134 = ORIENTED_EDGE('',*,*,#135,.T.);
#135 = EDGE_CURVE('',#128,#64,#136,.T.);
#136 = LINE('',#137,#138);
#137 = CARTESIAN_POINT('',(-221.424838,89.584584,-46.));
#138 = VECTOR('',#139,1.);
#139 = DIRECTION('',(0.,1.,0.));
#140 = ORIENTED_EDGE('',*,*,#71,.T.);
#141 = ORIENTED_EDGE('',*,*,#102,.F.);
#142 = PLANE('',#143);
#143 = AXIS2_PLACEMENT_3D('',#144,#145,#146);
#144 = CARTESIAN_POINT('',(-218.424838,89.584584,-45.));
#145 = DIRECTION('',(-0.316227766017,-3.E-17,0.948683298051));
#146 = DIRECTION('',(9.486832980505E-18,-1.,-2.846049894152E-17));
#147 = ADVANCED_FACE('',(#148,#182,#264,#290,#316),#342,.T.);
#148 = FACE_BOUND('',#149,.T.);
#149 = EDGE_LOOP('',(#150,#160,#168,#176));
#150 = ORIENTED_EDGE('',*,*,#151,.T.);
#151 = EDGE_CURVE('',#152,#154,#156,.T.);
#152 = VERTEX_POINT('',#153);
#153 = CARTESIAN_POINT('',(-182.424838,76.484584,-11.8));
#154 = VERTEX_POINT('',#155);
#155 = CARTESIAN_POINT('',(-182.424838,76.484584,-47.));
#156 = LINE('',#157,#158);
#157 = CARTESIAN_POINT('',(-182.424838,76.484584,-45.));
#158 = VECTOR('',#159,1.);
#159 = DIRECTION('',(1.44E-15,1.1E-16,-1.));
#160 = ORIENTED_EDGE('',*,*,#161,.T.);
#161 = EDGE_CURVE('',#154,#162,#164,.T.);
#162 = VERTEX_POINT('',#163);
#163 = CARTESIAN_POINT('',(-182.424838,111.684584,-47.));
#164 = LINE('',#165,#166);
#165 = CARTESIAN_POINT('',(-182.424838,76.484584,-47.));
#166 = VECTOR('',#167,1.);
#167 = DIRECTION('',(0.,1.,0.));
#168 = ORIENTED_EDGE('',*,*,#169,.T.);
#169 = EDGE_CURVE('',#162,#170,#172,.T.);
#170 = VERTEX_POINT('',#171);
#171 = CARTESIAN_POINT('',(-182.424838,111.684584,-11.8));
#172 = LINE('',#173,#174);
#173 = CARTESIAN_POINT('',(-182.424838,111.684584,-15.8));
#174 = VECTOR('',#175,1.);
#175 = DIRECTION('',(-1.26E-15,0.,1.));
#176 = ORIENTED_EDGE('',*,*,#177,.F.);
#177 = EDGE_CURVE('',#152,#170,#178,.T.);
#178 = LINE('',#179,#180);
#179 = CARTESIAN_POINT('',(-182.424838,76.484584,-11.8));
#180 = VECTOR('',#181,1.);
#181 = DIRECTION('',(0.,1.,0.));
#182 = FACE_BOUND('',#183,.T.);
#183 = EDGE_LOOP('',(#184,#194,#202,#210,#216,#217,#218,#226,#234,#242,
    #250,#258));
#184 = ORIENTED_EDGE('',*,*,#185,.F.);
#185 = EDGE_CURVE('',#186,#188,#190,.T.);
#186 = VERTEX_POINT('',#187);
#187 = CARTESIAN_POINT('',(-182.424838,98.584584,-39.));
#188 = VERTEX_POINT('',#189);
#189 = CARTESIAN_POINT('',(-182.424838,98.584584,-32.));
#190 = LINE('',#191,#192);
#191 = CARTESIAN_POINT('',(-182.424838,98.584584,-39.));
#192 = VECTOR('',#193,1.);
#193 = DIRECTION('',(2.E-15,-4.E-30,1.));
#194 = ORIENTED_EDGE('',*,*,#195,.F.);
#195 = EDGE_CURVE('',#196,#186,#198,.T.);
#196 = VERTEX_POINT('',#197);
#197 = CARTESIAN_POINT('',(-182.424838,96.804606178649,-39.));
#198 = LINE('',#199,#200);
#199 = CARTESIAN_POINT('',(-182.424838,89.584584,-39.));
#200 = VECTOR('',#201,1.);
#201 = DIRECTION('',(2.E-15,1.,0.));
#202 = ORIENTED_EDGE('',*,*,#203,.T.);
#203 = EDGE_CURVE('',#196,#204,#206,.T.);
#204 = VERTEX_POINT('',#205);
#205 = CARTESIAN_POINT('',(-182.424838,98.684584,-41.));
#206 = LINE('',#207,#208);
#207 = CARTESIAN_POINT('',(-182.424838,94.080378257163,-36.101851));
#208 = VECTOR('',#209,1.);
#209 = DIRECTION('',(-8.745196420874E-17,0.68490571908,-0.728631701185)
  );
#210 = ORIENTED_EDGE('',*,*,#211,.T.);
#211 = EDGE_CURVE('',#204,#32,#212,.T.);
#212 = LINE('',#213,#214);
#213 = CARTESIAN_POINT('',(-182.424838,98.684584,-41.));
#214 = VECTOR('',#215,1.);
#215 = DIRECTION('',(-2.E-15,-1.,0.));
#216 = ORIENTED_EDGE('',*,*,#31,.F.);
#217 = ORIENTED_EDGE('',*,*,#86,.F.);
#218 = ORIENTED_EDGE('',*,*,#219,.F.);
#219 = EDGE_CURVE('',#220,#87,#222,.T.);
#220 = VERTEX_POINT('',#221);
#221 = CARTESIAN_POINT('',(-182.424838,89.584584,-41.));
#222 = LINE('',#223,#224);
#223 = CARTESIAN_POINT('',(-182.424838,89.584584,-41.));
#224 = VECTOR('',#225,1.);
#225 = DIRECTION('',(-2.E-15,4.E-30,-1.));
#226 = ORIENTED_EDGE('',*,*,#227,.T.);
#227 = EDGE_CURVE('',#220,#228,#230,.T.);
#228 = VERTEX_POINT('',#229);
#229 = CARTESIAN_POINT('',(-182.424838,89.484584,-41.));
#230 = LINE('',#231,#232);
#231 = CARTESIAN_POINT('',(-182.424838,98.684584,-41.));
#232 = VECTOR('',#233,1.);
#233 = DIRECTION('',(-2.E-15,-1.,0.));
#234 = ORIENTED_EDGE('',*,*,#235,.T.);
#235 = EDGE_CURVE('',#228,#236,#238,.T.);
#236 = VERTEX_POINT('',#237);
#237 = CARTESIAN_POINT('',(-182.424838,91.361127264472,-39.));
#238 = LINE('',#239,#240);
#239 = CARTESIAN_POINT('',(-182.424838,89.484584,-41.));
#240 = VECTOR('',#241,1.);
#241 = DIRECTION('',(2.826993864352E-15,0.684240563426,0.72925636875));
#242 = ORIENTED_EDGE('',*,*,#243,.F.);
#243 = EDGE_CURVE('',#244,#236,#246,.T.);
#244 = VERTEX_POINT('',#245);
#245 = CARTESIAN_POINT('',(-182.424838,89.584584,-39.));
#246 = LINE('',#247,#248);
#247 = CARTESIAN_POINT('',(-182.424838,89.584584,-39.));
#248 = VECTOR('',#249,1.);
#249 = DIRECTION('',(2.E-15,1.,0.));
#250 = ORIENTED_EDGE('',*,*,#251,.F.);
#251 = EDGE_CURVE('',#252,#244,#254,.T.);
#252 = VERTEX_POINT('',#253);
#253 = CARTESIAN_POINT('',(-182.424838,89.584584,-32.));
#254 = LINE('',#255,#256);
#255 = CARTESIAN_POINT('',(-182.424838,89.584584,-32.));
#256 = VECTOR('',#257,1.);
#257 = DIRECTION('',(-2.E-15,4.E-30,-1.));
#258 = ORIENTED_EDGE('',*,*,#259,.F.);
#259 = EDGE_CURVE('',#188,#252,#260,.T.);
#260 = LINE('',#261,#262);
#261 = CARTESIAN_POINT('',(-182.424838,98.584584,-32.));
#262 = VECTOR('',#263,1.);
#263 = DIRECTION('',(-2.E-15,-1.,0.));
#264 = FACE_BOUND('',#265,.T.);
#265 = EDGE_LOOP('',(#266,#276,#284));
#266 = ORIENTED_EDGE('',*,*,#267,.T.);
#267 = EDGE_CURVE('',#268,#270,#272,.T.);
#268 = VERTEX_POINT('',#269);
#269 = CARTESIAN_POINT('',(-182.424838,83.484584,-35.));
#270 = VERTEX_POINT('',#271);
#271 = CARTESIAN_POINT('',(-182.424838,83.484584,-24.80000047131));
#272 = LINE('',#273,#274);
#273 = CARTESIAN_POINT('',(-182.424838,83.484584,-35.));
#274 = VECTOR('',#275,1.);
#275 = DIRECTION('',(2.E-15,-4.E-30,1.));
#276 = ORIENTED_EDGE('',*,*,#277,.T.);
#277 = EDGE_CURVE('',#270,#278,#280,.T.);
#278 = VERTEX_POINT('',#279);
#279 = CARTESIAN_POINT('',(-182.424838,88.252152336235,-29.918776));
#280 = LINE('',#281,#282);
#281 = CARTESIAN_POINT('',(-182.424838,83.484584,-24.80000047131));
#282 = VECTOR('',#283,1.);
#283 = DIRECTION('',(-1.004150522014E-16,0.681557259704,-0.731764785805)
  );
#284 = ORIENTED_EDGE('',*,*,#285,.F.);
#285 = EDGE_CURVE('',#268,#278,#286,.T.);
#286 = LINE('',#287,#288);
#287 = CARTESIAN_POINT('',(-182.424838,83.484584,-35.));
#288 = VECTOR('',#289,1.);
#289 = DIRECTION('',(2.826993864352E-15,0.684240563426,0.72925636875));
#290 = FACE_BOUND('',#291,.T.);
#291 = EDGE_LOOP('',(#292,#302,#310));
#292 = ORIENTED_EDGE('',*,*,#293,.F.);
#293 = EDGE_CURVE('',#294,#296,#298,.T.);
#294 = VERTEX_POINT('',#295);
#295 = CARTESIAN_POINT('',(-182.424838,104.684584,-24.80000047131));
#296 = VERTEX_POINT('',#297);
#297 = CARTESIAN_POINT('',(-182.424838,99.894900056021,-29.90479505256)
  );
#298 = LINE('',#299,#300);
#299 = CARTESIAN_POINT('',(-182.424838,104.684584,-24.80000047131));
#300 = VECTOR('',#301,1.);
#301 = DIRECTION('',(-2.826993864352E-15,-0.684240563426,-0.72925636875)
  );
#302 = ORIENTED_EDGE('',*,*,#303,.F.);
#303 = EDGE_CURVE('',#304,#294,#306,.T.);
#304 = VERTEX_POINT('',#305);
#305 = CARTESIAN_POINT('',(-182.424838,104.684584,-35.));
#306 = LINE('',#307,#308);
#307 = CARTESIAN_POINT('',(-182.424838,104.684584,-35.));
#308 = VECTOR('',#309,1.);
#309 = DIRECTION('',(2.E-15,-4.E-30,1.));
#310 = ORIENTED_EDGE('',*,*,#311,.F.);
#311 = EDGE_CURVE('',#296,#304,#312,.T.);
#312 = LINE('',#313,#314);
#313 = CARTESIAN_POINT('',(-182.424838,99.894900056021,-29.90479505256)
  );
#314 = VECTOR('',#315,1.);
#315 = DIRECTION('',(-8.737897220392E-17,0.684924531324,-0.728614017426)
  );
#316 = FACE_BOUND('',#317,.T.);
#317 = EDGE_LOOP('',(#318,#328,#336));
#318 = ORIENTED_EDGE('',*,*,#319,.F.);
#319 = EDGE_CURVE('',#320,#322,#324,.T.);
#320 = VERTEX_POINT('',#321);
#321 = CARTESIAN_POINT('',(-182.424838,89.484584,-18.80000047131));
#322 = VERTEX_POINT('',#323);
#323 = CARTESIAN_POINT('',(-182.424838,94.084584,-23.70263190762));
#324 = LINE('',#325,#326);
#325 = CARTESIAN_POINT('',(-182.424838,89.484584,-18.80000047131));
#326 = VECTOR('',#327,1.);
#327 = DIRECTION('',(-9.003161064951E-17,0.684240563426,-0.72925636875)
  );
#328 = ORIENTED_EDGE('',*,*,#329,.T.);
#329 = EDGE_CURVE('',#320,#330,#332,.T.);
#330 = VERTEX_POINT('',#331);
#331 = CARTESIAN_POINT('',(-182.424838,98.684584,-18.80000047131));
#332 = LINE('',#333,#334);
#333 = CARTESIAN_POINT('',(-182.424838,89.484584,-18.80000047131));
#334 = VECTOR('',#335,1.);
#335 = DIRECTION('',(2.E-15,1.,0.));
#336 = ORIENTED_EDGE('',*,*,#337,.T.);
#337 = EDGE_CURVE('',#330,#322,#338,.T.);
#338 = LINE('',#339,#340);
#339 = CARTESIAN_POINT('',(-182.424838,98.684584,-18.80000047131));
#340 = VECTOR('',#341,1.);
#341 = DIRECTION('',(-2.826993864352E-15,-0.684240563426,-0.72925636875)
  );
#342 = PLANE('',#343);
#343 = AXIS2_PLACEMENT_3D('',#344,#345,#346);
#344 = CARTESIAN_POINT('',(-182.424838,94.084584,-29.4));
#345 = DIRECTION('',(1.,-1.79E-15,-1.62E-15));
#346 = DIRECTION('',(1.79E-15,1.,0.));
#347 = ADVANCED_FACE('',(#348),#366,.F.);
#348 = FACE_BOUND('',#349,.F.);
#349 = EDGE_LOOP('',(#350,#351,#352,#360));
#350 = ORIENTED_EDGE('',*,*,#63,.F.);
#351 = ORIENTED_EDGE('',*,*,#135,.F.);
#352 = ORIENTED_EDGE('',*,*,#353,.T.);
#353 = EDGE_CURVE('',#128,#354,#356,.T.);
#354 = VERTEX_POINT('',#355);
#355 = CARTESIAN_POINT('',(-221.424838,89.584584,-47.));
#356 = LINE('',#357,#358);
#357 = CARTESIAN_POINT('',(-221.424838,89.584584,-44.));
#358 = VECTOR('',#359,1.);
#359 = DIRECTION('',(-1.72E-15,-0.,-1.));
#360 = ORIENTED_EDGE('',*,*,#361,.F.);
#361 = EDGE_CURVE('',#56,#354,#362,.T.);
#362 = LINE('',#363,#364);
#363 = CARTESIAN_POINT('',(-221.424838,91.834584,-47.));
#364 = VECTOR('',#365,1.);
#365 = DIRECTION('',(0.,-1.,0.));
#366 = PLANE('',#367);
#367 = AXIS2_PLACEMENT_3D('',#368,#369,#370);
#368 = CARTESIAN_POINT('',(-221.424838,89.584584,-44.));
#369 = DIRECTION('',(1.,0.,-1.72E-15));
#370 = DIRECTION('',(0.,1.,0.));
#371 = ADVANCED_FACE('',(#372),#541,.T.);
#372 = FACE_BOUND('',#373,.T.);
#373 = EDGE_LOOP('',(#374,#384,#392,#400,#408,#416,#424,#432,#440,#448,
    #456,#464,#472,#480,#486,#487,#495,#501,#502,#503,#511,#519,#527,
    #535));
#374 = ORIENTED_EDGE('',*,*,#375,.F.);
#375 = EDGE_CURVE('',#376,#378,#380,.T.);
#376 = VERTEX_POINT('',#377);
#377 = CARTESIAN_POINT('',(-224.924838,104.684584,-41.));
#378 = VERTEX_POINT('',#379);
#379 = CARTESIAN_POINT('',(-224.9248380028,111.68458399463,-40.999999992
    ));
#380 = LINE('',#381,#382);
#381 = CARTESIAN_POINT('',(-224.9248379884,76.484583994635,
    -41.00000003221));
#382 = VECTOR('',#383,1.);
#383 = DIRECTION('',(-4.1103104E-10,1.,1.14244969E-09));
#384 = ORIENTED_EDGE('',*,*,#385,.F.);
#385 = EDGE_CURVE('',#386,#376,#388,.T.);
#386 = VERTEX_POINT('',#387);
#387 = CARTESIAN_POINT('',(-230.924838,104.684584,-41.));
#388 = LINE('',#389,#390);
#389 = CARTESIAN_POINT('',(-230.924838,104.684584,-41.));
#390 = VECTOR('',#391,1.);
#391 = DIRECTION('',(1.,0.,1.E-15));
#392 = ORIENTED_EDGE('',*,*,#393,.T.);
#393 = EDGE_CURVE('',#386,#394,#396,.T.);
#394 = VERTEX_POINT('',#395);
#395 = CARTESIAN_POINT('',(-230.924838,98.684584,-41.));
#396 = LINE('',#397,#398);
#397 = CARTESIAN_POINT('',(-230.924838,111.684584,-41.));
#398 = VECTOR('',#399,1.);
#399 = DIRECTION('',(0.,-1.,0.));
#400 = ORIENTED_EDGE('',*,*,#401,.T.);
#401 = EDGE_CURVE('',#394,#402,#404,.T.);
#402 = VERTEX_POINT('',#403);
#403 = CARTESIAN_POINT('',(-244.924838,98.684584,-41.));
#404 = LINE('',#405,#406);
#405 = CARTESIAN_POINT('',(-182.424838,98.684584,-41.));
#406 = VECTOR('',#407,1.);
#407 = DIRECTION('',(-1.,1.72E-15,1.72E-15));
#408 = ORIENTED_EDGE('',*,*,#409,.T.);
#409 = EDGE_CURVE('',#402,#410,#412,.T.);
#410 = VERTEX_POINT('',#411);
#411 = CARTESIAN_POINT('',(-244.924838,89.484584,-41.));
#412 = LINE('',#413,#414);
#413 = CARTESIAN_POINT('',(-244.924838,87.584584,-41.));
#414 = VECTOR('',#415,1.);
#415 = DIRECTION('',(0.,-1.,0.));
#416 = ORIENTED_EDGE('',*,*,#417,.F.);
#417 = EDGE_CURVE('',#418,#410,#420,.T.);
#418 = VERTEX_POINT('',#419);
#419 = CARTESIAN_POINT('',(-230.924838,89.484584,-41.));
#420 = LINE('',#421,#422);
#421 = CARTESIAN_POINT('',(-182.424838,89.484584,-41.));
#422 = VECTOR('',#423,1.);
#423 = DIRECTION('',(-1.,1.72E-15,1.72E-15));
#424 = ORIENTED_EDGE('',*,*,#425,.T.);
#425 = EDGE_CURVE('',#418,#426,#428,.T.);
#426 = VERTEX_POINT('',#427);
#427 = CARTESIAN_POINT('',(-230.924838,83.484584,-41.));
#428 = LINE('',#429,#430);
#429 = CARTESIAN_POINT('',(-230.924838,111.684584,-41.));
#430 = VECTOR('',#431,1.);
#431 = DIRECTION('',(0.,-1.,0.));
#432 = ORIENTED_EDGE('',*,*,#433,.F.);
#433 = EDGE_CURVE('',#434,#426,#436,.T.);
#434 = VERTEX_POINT('',#435);
#435 = CARTESIAN_POINT('',(-224.9248379912,83.484584,-41.00000001211));
#436 = LINE('',#437,#438);
#437 = CARTESIAN_POINT('',(-189.424838,83.484584,-41.));
#438 = VECTOR('',#439,1.);
#439 = DIRECTION('',(-1.,0.,-1.E-15));
#440 = ORIENTED_EDGE('',*,*,#441,.F.);
#441 = EDGE_CURVE('',#442,#434,#444,.T.);
#442 = VERTEX_POINT('',#443);
#443 = CARTESIAN_POINT('',(-224.9248379884,76.484583994635,
    -41.00000003221));
#444 = LINE('',#445,#446);
#445 = CARTESIAN_POINT('',(-224.9248379884,76.484583994635,
    -41.00000003221));
#446 = VECTOR('',#447,1.);
#447 = DIRECTION('',(-4.1103104E-10,1.,1.14244969E-09));
#448 = ORIENTED_EDGE('',*,*,#449,.F.);
#449 = EDGE_CURVE('',#450,#442,#452,.T.);
#450 = VERTEX_POINT('',#451);
#451 = CARTESIAN_POINT('',(-195.4248379884,76.48458400676,
    -41.00000003221));
#452 = LINE('',#453,#454);
#453 = CARTESIAN_POINT('',(-195.4248379884,76.48458400676,
    -41.00000003221));
#454 = VECTOR('',#455,1.);
#455 = DIRECTION('',(-1.,-4.11031E-10,-1.93E-15));
#456 = ORIENTED_EDGE('',*,*,#457,.T.);
#457 = EDGE_CURVE('',#450,#458,#460,.T.);
#458 = VERTEX_POINT('',#459);
#459 = CARTESIAN_POINT('',(-195.4248379912,83.484584,-41.00000001211));
#460 = LINE('',#461,#462);
#461 = CARTESIAN_POINT('',(-195.4248379884,76.48458400676,
    -41.00000003221));
#462 = VECTOR('',#463,1.);
#463 = DIRECTION('',(-4.1103104E-10,1.,1.14244969E-09));
#464 = ORIENTED_EDGE('',*,*,#465,.F.);
#465 = EDGE_CURVE('',#466,#458,#468,.T.);
#466 = VERTEX_POINT('',#467);
#467 = CARTESIAN_POINT('',(-189.424838,83.484584,-41.));
#468 = LINE('',#469,#470);
#469 = CARTESIAN_POINT('',(-189.424838,83.484584,-41.));
#470 = VECTOR('',#471,1.);
#471 = DIRECTION('',(-1.,0.,-1.E-15));
#472 = ORIENTED_EDGE('',*,*,#473,.F.);
#473 = EDGE_CURVE('',#474,#466,#476,.T.);
#474 = VERTEX_POINT('',#475);
#475 = CARTESIAN_POINT('',(-189.424838,89.484584,-41.));
#476 = LINE('',#477,#478);
#477 = CARTESIAN_POINT('',(-189.424838,111.684584,-41.));
#478 = VECTOR('',#479,1.);
#479 = DIRECTION('',(0.,-1.,0.));
#480 = ORIENTED_EDGE('',*,*,#481,.F.);
#481 = EDGE_CURVE('',#228,#474,#482,.T.);
#482 = LINE('',#483,#484);
#483 = CARTESIAN_POINT('',(-182.424838,89.484584,-41.));
#484 = VECTOR('',#485,1.);
#485 = DIRECTION('',(-1.,1.72E-15,1.72E-15));
#486 = ORIENTED_EDGE('',*,*,#227,.F.);
#487 = ORIENTED_EDGE('',*,*,#488,.T.);
#488 = EDGE_CURVE('',#220,#489,#491,.T.);
#489 = VERTEX_POINT('',#490);
#490 = CARTESIAN_POINT('',(-224.924838,89.584584,-41.));
#491 = LINE('',#492,#493);
#492 = CARTESIAN_POINT('',(-182.424838,89.584584,-41.));
#493 = VECTOR('',#494,1.);
#494 = DIRECTION('',(-1.,1.72E-15,1.72E-15));
#495 = ORIENTED_EDGE('',*,*,#496,.F.);
#496 = EDGE_CURVE('',#40,#489,#497,.T.);
#497 = LINE('',#498,#499);
#498 = CARTESIAN_POINT('',(-224.924838,98.584584,-41.));
#499 = VECTOR('',#500,1.);
#500 = DIRECTION('',(-2.E-15,-1.,0.));
#501 = ORIENTED_EDGE('',*,*,#39,.F.);
#502 = ORIENTED_EDGE('',*,*,#211,.F.);
#503 = ORIENTED_EDGE('',*,*,#504,.T.);
#504 = EDGE_CURVE('',#204,#505,#507,.T.);
#505 = VERTEX_POINT('',#506);
#506 = CARTESIAN_POINT('',(-189.424838,98.684584,-41.));
#507 = LINE('',#508,#509);
#508 = CARTESIAN_POINT('',(-182.424838,98.684584,-41.));
#509 = VECTOR('',#510,1.);
#510 = DIRECTION('',(-1.,1.72E-15,1.72E-15));
#511 = ORIENTED_EDGE('',*,*,#512,.F.);
#512 = EDGE_CURVE('',#513,#505,#515,.T.);
#513 = VERTEX_POINT('',#514);
#514 = CARTESIAN_POINT('',(-189.424838,104.684584,-41.));
#515 = LINE('',#516,#517);
#516 = CARTESIAN_POINT('',(-189.424838,111.684584,-41.));
#517 = VECTOR('',#518,1.);
#518 = DIRECTION('',(0.,-1.,0.));
#519 = ORIENTED_EDGE('',*,*,#520,.F.);
#520 = EDGE_CURVE('',#521,#513,#523,.T.);
#521 = VERTEX_POINT('',#522);
#522 = CARTESIAN_POINT('',(-195.424838,104.684584,-41.));
#523 = LINE('',#524,#525);
#524 = CARTESIAN_POINT('',(-230.924838,104.684584,-41.));
#525 = VECTOR('',#526,1.);
#526 = DIRECTION('',(1.,0.,1.E-15));
#527 = ORIENTED_EDGE('',*,*,#528,.T.);
#528 = EDGE_CURVE('',#521,#529,#531,.T.);
#529 = VERTEX_POINT('',#530);
#530 = CARTESIAN_POINT('',(-195.4248380028,111.68458400676,-40.999999992
    ));
#531 = LINE('',#532,#533);
#532 = CARTESIAN_POINT('',(-195.4248379884,76.48458400676,
    -41.00000003221));
#533 = VECTOR('',#534,1.);
#534 = DIRECTION('',(-4.1103104E-10,1.,1.14244969E-09));
#535 = ORIENTED_EDGE('',*,*,#536,.F.);
#536 = EDGE_CURVE('',#378,#529,#537,.T.);
#537 = LINE('',#538,#539);
#538 = CARTESIAN_POINT('',(-206.1666687989,111.68458400234,-40.999999992
    ));
#539 = VECTOR('',#540,1.);
#540 = DIRECTION('',(1.,4.1103165E-10,1.93E-15));
#541 = PLANE('',#542);
#542 = AXIS2_PLACEMENT_3D('',#543,#544,#545);
#543 = CARTESIAN_POINT('',(-212.7434152767,94.084584000462,
    -41.00000000539));
#544 = DIRECTION('',(3.173466E-11,-9.2837547E-10,1.));
#545 = DIRECTION('',(0.,1.,9.2837547E-10));
#546 = ADVANCED_FACE('',(#547,#572,#583,#594,#612),#623,.T.);
#547 = FACE_BOUND('',#548,.T.);
#548 = EDGE_LOOP('',(#549,#557,#565,#571));
#549 = ORIENTED_EDGE('',*,*,#550,.T.);
#550 = EDGE_CURVE('',#154,#551,#553,.T.);
#551 = VERTEX_POINT('',#552);
#552 = CARTESIAN_POINT('',(-244.924838,76.484584,-47.));
#553 = LINE('',#554,#555);
#554 = CARTESIAN_POINT('',(-237.924838,76.484584,-47.));
#555 = VECTOR('',#556,1.);
#556 = DIRECTION('',(-1.,0.,0.));
#557 = ORIENTED_EDGE('',*,*,#558,.T.);
#558 = EDGE_CURVE('',#551,#559,#561,.T.);
#559 = VERTEX_POINT('',#560);
#560 = CARTESIAN_POINT('',(-244.924838,111.684584,-47.));
#561 = LINE('',#562,#563);
#562 = CARTESIAN_POINT('',(-244.924838,76.484584,-47.));
#563 = VECTOR('',#564,1.);
#564 = DIRECTION('',(0.,1.,0.));
#565 = ORIENTED_EDGE('',*,*,#566,.T.);
#566 = EDGE_CURVE('',#559,#162,#567,.T.);
#567 = LINE('',#568,#569);
#568 = CARTESIAN_POINT('',(-230.924838,111.684584,-47.));
#569 = VECTOR('',#570,1.);
#570 = DIRECTION('',(1.,1.1E-16,1.44E-15));
#571 = ORIENTED_EDGE('',*,*,#161,.F.);
#572 = FACE_BOUND('',#573,.T.);
#573 = EDGE_LOOP('',(#574));
#574 = ORIENTED_EDGE('',*,*,#575,.F.);
#575 = EDGE_CURVE('',#576,#576,#578,.T.);
#576 = VERTEX_POINT('',#577);
#577 = CARTESIAN_POINT('',(-236.524838,85.284584,-47.));
#578 = CIRCLE('',#579,1.4);
#579 = AXIS2_PLACEMENT_3D('',#580,#581,#582);
#580 = CARTESIAN_POINT('',(-237.924838,85.284584,-47.));
#581 = DIRECTION('',(-2.E-15,-0.,-1.));
#582 = DIRECTION('',(1.,0.,-2.E-15));
#583 = FACE_BOUND('',#584,.T.);
#584 = EDGE_LOOP('',(#585));
#585 = ORIENTED_EDGE('',*,*,#586,.F.);
#586 = EDGE_CURVE('',#587,#587,#589,.T.);
#587 = VERTEX_POINT('',#588);
#588 = CARTESIAN_POINT('',(-196.049838,94.084584,-47.));
#589 = CIRCLE('',#590,3.875);
#590 = AXIS2_PLACEMENT_3D('',#591,#592,#593);
#591 = CARTESIAN_POINT('',(-199.924838,94.084584,-47.));
#592 = DIRECTION('',(-2.E-15,-0.,-1.));
#593 = DIRECTION('',(1.,0.,-2.E-15));
#594 = FACE_BOUND('',#595,.T.);
#595 = EDGE_LOOP('',(#596,#604,#610,#611));
#596 = ORIENTED_EDGE('',*,*,#597,.F.);
#597 = EDGE_CURVE('',#598,#48,#600,.T.);
#598 = VERTEX_POINT('',#599);
#599 = CARTESIAN_POINT('',(-224.924838,89.584584,-47.));
#600 = LINE('',#601,#602);
#601 = CARTESIAN_POINT('',(-224.924838,96.334584,-47.));
#602 = VECTOR('',#603,1.);
#603 = DIRECTION('',(0.,1.,0.));
#604 = ORIENTED_EDGE('',*,*,#605,.F.);
#605 = EDGE_CURVE('',#354,#598,#606,.T.);
#606 = LINE('',#607,#608);
#607 = CARTESIAN_POINT('',(-219.299838,89.584584,-47.));
#608 = VECTOR('',#609,1.);
#609 = DIRECTION('',(-1.,0.,1.81E-15));
#610 = ORIENTED_EDGE('',*,*,#361,.F.);
#611 = ORIENTED_EDGE('',*,*,#55,.F.);
#612 = FACE_BOUND('',#613,.T.);
#613 = EDGE_LOOP('',(#614));
#614 = ORIENTED_EDGE('',*,*,#615,.F.);
#615 = EDGE_CURVE('',#616,#616,#618,.T.);
#616 = VERTEX_POINT('',#617);
#617 = CARTESIAN_POINT('',(-236.524838,102.884584,-47.));
#618 = CIRCLE('',#619,1.4);
#619 = AXIS2_PLACEMENT_3D('',#620,#621,#622);
#620 = CARTESIAN_POINT('',(-237.924838,102.884584,-47.));
#621 = DIRECTION('',(-2.E-15,-0.,-1.));
#622 = DIRECTION('',(1.,0.,-2.E-15));
#623 = PLANE('',#624);
#624 = AXIS2_PLACEMENT_3D('',#625,#626,#627);
#625 = CARTESIAN_POINT('',(-213.674838,94.084584,-47.));
#626 = DIRECTION('',(-1.81E-15,-0.,-1.));
#627 = DIRECTION('',(-1.,0.,1.81E-15));
#628 = ADVANCED_FACE('',(#629),#640,.T.);
#629 = FACE_BOUND('',#630,.T.);
#630 = EDGE_LOOP('',(#631,#637,#638,#639));
#631 = ORIENTED_EDGE('',*,*,#632,.T.);
#632 = EDGE_CURVE('',#489,#598,#633,.T.);
#633 = LINE('',#634,#635);
#634 = CARTESIAN_POINT('',(-224.924838,89.584584,-41.));
#635 = VECTOR('',#636,1.);
#636 = DIRECTION('',(-1.72E-15,0.,-1.));
#637 = ORIENTED_EDGE('',*,*,#597,.T.);
#638 = ORIENTED_EDGE('',*,*,#47,.T.);
#639 = ORIENTED_EDGE('',*,*,#496,.T.);
#640 = PLANE('',#641);
#641 = AXIS2_PLACEMENT_3D('',#642,#643,#644);
#642 = CARTESIAN_POINT('',(-224.924838,94.084584,-44.));
#643 = DIRECTION('',(1.,0.,9.47E-15));
#644 = DIRECTION('',(-9.47E-15,0.,1.));
#645 = ADVANCED_FACE('',(#646),#655,.T.);
#646 = FACE_BOUND('',#647,.T.);
#647 = EDGE_LOOP('',(#648,#649,#650,#651,#652,#653,#654));
#648 = ORIENTED_EDGE('',*,*,#94,.T.);
#649 = ORIENTED_EDGE('',*,*,#127,.F.);
#650 = ORIENTED_EDGE('',*,*,#353,.T.);
#651 = ORIENTED_EDGE('',*,*,#605,.T.);
#652 = ORIENTED_EDGE('',*,*,#632,.F.);
#653 = ORIENTED_EDGE('',*,*,#488,.F.);
#654 = ORIENTED_EDGE('',*,*,#219,.T.);
#655 = PLANE('',#656);
#656 = AXIS2_PLACEMENT_3D('',#657,#658,#659);
#657 = CARTESIAN_POINT('',(-204.881023567,89.584584,-42.79381443298));
#658 = DIRECTION('',(4.7E-16,1.,-3.507E-14));
#659 = DIRECTION('',(0.,3.507E-14,1.));
#660 = ADVANCED_FACE('',(#661),#679,.F.);
#661 = FACE_BOUND('',#662,.F.);
#662 = EDGE_LOOP('',(#663,#664,#671,#678));
#663 = ORIENTED_EDGE('',*,*,#110,.T.);
#664 = ORIENTED_EDGE('',*,*,#665,.T.);
#665 = EDGE_CURVE('',#111,#666,#668,.T.);
#666 = VERTEX_POINT('',#667);
#667 = CARTESIAN_POINT('',(-198.924838,94.084584,-54.6));
#668 = B_SPLINE_CURVE_WITH_KNOTS('',1,(#669,#670),.UNSPECIFIED.,.F.,.F.,
  (2,2),(-10.6,0.),.PIECEWISE_BEZIER_KNOTS.);
#669 = CARTESIAN_POINT('',(-198.924838,94.084584,-44.));
#670 = CARTESIAN_POINT('',(-198.924838,94.084584,-54.6));
#671 = ORIENTED_EDGE('',*,*,#672,.T.);
#672 = EDGE_CURVE('',#666,#666,#673,.T.);
#673 = CIRCLE('',#674,1.);
#674 = AXIS2_PLACEMENT_3D('',#675,#676,#677);
#675 = CARTESIAN_POINT('',(-199.924838,94.084584,-54.6));
#676 = DIRECTION('',(1.8E-15,-0.,1.));
#677 = DIRECTION('',(1.,0.,-1.8E-15));
#678 = ORIENTED_EDGE('',*,*,#665,.F.);
#679 = CYLINDRICAL_SURFACE('',#680,1.);
#680 = AXIS2_PLACEMENT_3D('',#681,#682,#683);
#681 = CARTESIAN_POINT('',(-199.924838,94.084584,-54.6));
#682 = DIRECTION('',(-1.8E-15,-0.,-1.));
#683 = DIRECTION('',(1.,0.,-1.8E-15));
#684 = ADVANCED_FACE('',(#685,#727,#753,#779,#805),#822,.T.);
#685 = FACE_BOUND('',#686,.T.);
#686 = EDGE_LOOP('',(#687,#697,#703,#704,#705,#713,#721));
#687 = ORIENTED_EDGE('',*,*,#688,.F.);
#688 = EDGE_CURVE('',#689,#691,#693,.T.);
#689 = VERTEX_POINT('',#690);
#690 = CARTESIAN_POINT('',(-244.924838,76.484584,0.));
#691 = VERTEX_POINT('',#692);
#692 = CARTESIAN_POINT('',(-237.924838,76.48458383865,0.));
#693 = LINE('',#694,#695);
#694 = CARTESIAN_POINT('',(-244.924838,76.4845836773,0.));
#695 = VECTOR('',#696,1.);
#696 = DIRECTION('',(1.,0.,0.));
#697 = ORIENTED_EDGE('',*,*,#698,.T.);
#698 = EDGE_CURVE('',#689,#551,#699,.T.);
#699 = LINE('',#700,#701);
#700 = CARTESIAN_POINT('',(-244.924838,76.484584,0.));
#701 = VECTOR('',#702,1.);
#702 = DIRECTION('',(0.,0.,-1.));
#703 = ORIENTED_EDGE('',*,*,#550,.F.);
#704 = ORIENTED_EDGE('',*,*,#151,.F.);
#705 = ORIENTED_EDGE('',*,*,#706,.F.);
#706 = EDGE_CURVE('',#707,#152,#709,.T.);
#707 = VERTEX_POINT('',#708);
#708 = CARTESIAN_POINT('',(-230.9248379983,76.484583976544,
    -11.80000000468));
#709 = LINE('',#710,#711);
#710 = CARTESIAN_POINT('',(-237.924838,76.484584,-11.8));
#711 = VECTOR('',#712,1.);
#712 = DIRECTION('',(1.,1.1E-16,1.44E-15));
#713 = ORIENTED_EDGE('',*,*,#714,.T.);
#714 = EDGE_CURVE('',#707,#715,#717,.T.);
#715 = VERTEX_POINT('',#716);
#716 = CARTESIAN_POINT('',(-237.924838,76.4845836773,5.));
#717 = LINE('',#718,#719);
#718 = CARTESIAN_POINT('',(-230.9248379983,76.484583976544,
    -11.80000000468));
#719 = VECTOR('',#720,1.);
#720 = DIRECTION('',(-0.3846153846,-7.06871307693E-10,0.923076923083));
#721 = ORIENTED_EDGE('',*,*,#722,.F.);
#722 = EDGE_CURVE('',#691,#715,#723,.T.);
#723 = LINE('',#724,#725);
#724 = CARTESIAN_POINT('',(-237.924838,76.4845836773,0.));
#725 = VECTOR('',#726,1.);
#726 = DIRECTION('',(0.,0.,1.));
#727 = FACE_BOUND('',#728,.T.);
#728 = EDGE_LOOP('',(#729,#739,#747));
#729 = ORIENTED_EDGE('',*,*,#730,.T.);
#730 = EDGE_CURVE('',#731,#733,#735,.T.);
#731 = VERTEX_POINT('',#732);
#732 = CARTESIAN_POINT('',(-230.9248379884,76.484583985314,
    -35.00000003221));
#733 = VERTEX_POINT('',#734);
#734 = CARTESIAN_POINT('',(-230.9248379953,76.484583972518,
    -23.80000001803));
#735 = LINE('',#736,#737);
#736 = CARTESIAN_POINT('',(-230.9248379884,76.484583985314,
    -35.00000003221));
#737 = VECTOR('',#738,1.);
#738 = DIRECTION('',(-6.181569495304E-10,-1.142450000254E-09,1.));
#739 = ORIENTED_EDGE('',*,*,#740,.T.);
#740 = EDGE_CURVE('',#733,#741,#743,.T.);
#741 = VERTEX_POINT('',#742);
#742 = CARTESIAN_POINT('',(-219.3664196025,76.484583983667,
    -29.40013513018));
#743 = LINE('',#744,#745);
#744 = CARTESIAN_POINT('',(-230.9248379953,76.484583972518,
    -23.80000001803));
#745 = VECTOR('',#746,1.);
#746 = DIRECTION('',(0.89993469853,8.680374767641E-10,-0.43602469928));
#747 = ORIENTED_EDGE('',*,*,#748,.T.);
#748 = EDGE_CURVE('',#741,#731,#749,.T.);
#749 = LINE('',#750,#751);
#750 = CARTESIAN_POINT('',(-219.3664196025,76.484583983667,
    -29.40013513018));
#751 = VECTOR('',#752,1.);
#752 = DIRECTION('',(-0.899942953706,1.282124996115E-10,-0.436007660568)
  );
#753 = FACE_BOUND('',#754,.T.);
#754 = EDGE_LOOP('',(#755,#765,#773));
#755 = ORIENTED_EDGE('',*,*,#756,.F.);
#756 = EDGE_CURVE('',#757,#759,#761,.T.);
#757 = VERTEX_POINT('',#758);
#758 = CARTESIAN_POINT('',(-210.1748379904,76.484583982357,
    -24.94647889814));
#759 = VERTEX_POINT('',#760);
#760 = CARTESIAN_POINT('',(-195.4248379884,76.484583980255,
    -17.80000001803));
#761 = LINE('',#762,#763);
#762 = CARTESIAN_POINT('',(-210.1748379904,76.484583982357,
    -24.94647889814));
#763 = VECTOR('',#764,1.);
#764 = DIRECTION('',(0.899934698496,-1.282353587139E-10,0.436024699349)
  );
#765 = ORIENTED_EDGE('',*,*,#766,.T.);
#766 = EDGE_CURVE('',#757,#767,#769,.T.);
#767 = VERTEX_POINT('',#768);
#768 = CARTESIAN_POINT('',(-224.9248379953,76.48458396813,
    -17.80000001803));
#769 = LINE('',#770,#771);
#770 = CARTESIAN_POINT('',(-210.1748379904,76.484583982357,
    -24.94647889814));
#771 = VECTOR('',#772,1.);
#772 = DIRECTION('',(-0.89993469853,-8.680374767641E-10,0.43602469928));
#773 = ORIENTED_EDGE('',*,*,#774,.T.);
#774 = EDGE_CURVE('',#767,#759,#775,.T.);
#775 = LINE('',#776,#777);
#776 = CARTESIAN_POINT('',(-224.9248379953,76.48458396813,
    -17.80000001803));
#777 = VECTOR('',#778,1.);
#778 = DIRECTION('',(1.,4.11031E-10,0.));
#779 = FACE_BOUND('',#780,.T.);
#780 = EDGE_LOOP('',(#781,#791,#799));
#781 = ORIENTED_EDGE('',*,*,#782,.F.);
#782 = EDGE_CURVE('',#783,#785,#787,.T.);
#783 = VERTEX_POINT('',#784);
#784 = CARTESIAN_POINT('',(-189.4248379884,76.484583989576,
    -23.80000001803));
#785 = VERTEX_POINT('',#786);
#786 = CARTESIAN_POINT('',(-200.983239282,76.484583991223,
    -29.40012684659));
#787 = LINE('',#788,#789);
#788 = CARTESIAN_POINT('',(-189.4248379884,76.484583989576,
    -23.80000001803));
#789 = VECTOR('',#790,1.);
#790 = DIRECTION('',(-0.899934698496,1.282353587139E-10,-0.436024699349)
  );
#791 = ORIENTED_EDGE('',*,*,#792,.F.);
#792 = EDGE_CURVE('',#793,#783,#795,.T.);
#793 = VERTEX_POINT('',#794);
#794 = CARTESIAN_POINT('',(-189.4248379884,76.484584002371,
    -35.00000003221));
#795 = LINE('',#796,#797);
#796 = CARTESIAN_POINT('',(-189.4248379884,76.484584002371,
    -35.00000003221));
#797 = VECTOR('',#798,1.);
#798 = DIRECTION('',(4.6958236595E-19,-1.14245E-09,1.));
#799 = ORIENTED_EDGE('',*,*,#800,.F.);
#800 = EDGE_CURVE('',#785,#793,#801,.T.);
#801 = LINE('',#802,#803);
#802 = CARTESIAN_POINT('',(-200.983239282,76.484583991223,
    -29.40012684659));
#803 = VECTOR('',#804,1.);
#804 = DIRECTION('',(0.899942447643,8.680223893488E-10,-0.436008705109)
  );
#805 = FACE_BOUND('',#806,.T.);
#806 = EDGE_LOOP('',(#807,#808,#816));
#807 = ORIENTED_EDGE('',*,*,#449,.T.);
#808 = ORIENTED_EDGE('',*,*,#809,.T.);
#809 = EDGE_CURVE('',#442,#810,#812,.T.);
#810 = VERTEX_POINT('',#811);
#811 = CARTESIAN_POINT('',(-210.17490828,76.484583992533,-33.85355520988
    ));
#812 = LINE('',#813,#814);
#813 = CARTESIAN_POINT('',(-224.9248379884,76.484583994635,
    -41.00000003221));
#814 = VECTOR('',#815,1.);
#815 = DIRECTION('',(0.899934698496,-1.282353587139E-10,0.436024699349)
  );
#816 = ORIENTED_EDGE('',*,*,#817,.T.);
#817 = EDGE_CURVE('',#810,#450,#818,.T.);
#818 = LINE('',#819,#820);
#819 = CARTESIAN_POINT('',(-210.17490828,76.484583992533,-33.85355520988
    ));
#820 = VECTOR('',#821,1.);
#821 = DIRECTION('',(0.899936329188,8.680343019634E-10,-0.436021333661)
  );
#822 = PLANE('',#823);
#823 = AXIS2_PLACEMENT_3D('',#824,#825,#826);
#824 = CARTESIAN_POINT('',(-216.9084995937,76.484583980231,
    -25.50832587267));
#825 = DIRECTION('',(4.1103104E-10,-1.,-1.14244953E-09));
#826 = DIRECTION('',(0.,1.14244953E-09,-1.));
#827 = ADVANCED_FACE('',(#828,#910,#921),#932,.T.);
#828 = FACE_BOUND('',#829,.T.);
#829 = EDGE_LOOP('',(#830,#838,#846,#854,#862,#870,#878,#886,#894,#902,
    #908,#909));
#830 = ORIENTED_EDGE('',*,*,#831,.F.);
#831 = EDGE_CURVE('',#832,#170,#834,.T.);
#832 = VERTEX_POINT('',#833);
#833 = CARTESIAN_POINT('',(-230.9248380065,111.68458397654,
    -11.79999998113));
#834 = LINE('',#835,#836);
#835 = CARTESIAN_POINT('',(-237.924838,111.684584,-11.8));
#836 = VECTOR('',#837,1.);
#837 = DIRECTION('',(1.,1.1E-16,1.44E-15));
#838 = ORIENTED_EDGE('',*,*,#839,.T.);
#839 = EDGE_CURVE('',#832,#840,#842,.T.);
#840 = VERTEX_POINT('',#841);
#841 = CARTESIAN_POINT('',(-230.9248380016,104.68458399218,
    -11.79999999527));
#842 = LINE('',#843,#844);
#843 = CARTESIAN_POINT('',(-230.9248380065,111.68458397654,
    -11.79999998113));
#844 = VECTOR('',#845,1.);
#845 = DIRECTION('',(2.3247922E-10,-1.,-6.6891009E-10));
#846 = ORIENTED_EDGE('',*,*,#847,.T.);
#847 = EDGE_CURVE('',#840,#848,#850,.T.);
#848 = VERTEX_POINT('',#849);
#849 = CARTESIAN_POINT('',(-189.424838,104.684584,-11.8));
#850 = LINE('',#851,#852);
#851 = CARTESIAN_POINT('',(-230.924838,104.684584,-11.8));
#852 = VECTOR('',#853,1.);
#853 = DIRECTION('',(1.,0.,1.44E-15));
#854 = ORIENTED_EDGE('',*,*,#855,.T.);
#855 = EDGE_CURVE('',#848,#856,#858,.T.);
#856 = VERTEX_POINT('',#857);
#857 = CARTESIAN_POINT('',(-189.424838,96.584584,-11.8));
#858 = LINE('',#859,#860);
#859 = CARTESIAN_POINT('',(-189.424838,111.684584,-11.8));
#860 = VECTOR('',#861,1.);
#861 = DIRECTION('',(0.,-1.,0.));
#862 = ORIENTED_EDGE('',*,*,#863,.F.);
#863 = EDGE_CURVE('',#864,#856,#866,.T.);
#864 = VERTEX_POINT('',#865);
#865 = CARTESIAN_POINT('',(-186.424838,96.584584,-11.8));
#866 = LINE('',#867,#868);
#867 = CARTESIAN_POINT('',(-186.424838,96.584584,-11.8));
#868 = VECTOR('',#869,1.);
#869 = DIRECTION('',(-1.,0.,-1.E-15));
#870 = ORIENTED_EDGE('',*,*,#871,.F.);
#871 = EDGE_CURVE('',#872,#864,#874,.T.);
#872 = VERTEX_POINT('',#873);
#873 = CARTESIAN_POINT('',(-186.424838,91.584584,-11.8));
#874 = LINE('',#875,#876);
#875 = CARTESIAN_POINT('',(-186.424838,91.584584,-11.8));
#876 = VECTOR('',#877,1.);
#877 = DIRECTION('',(0.,1.,0.));
#878 = ORIENTED_EDGE('',*,*,#879,.F.);
#879 = EDGE_CURVE('',#880,#872,#882,.T.);
#880 = VERTEX_POINT('',#881);
#881 = CARTESIAN_POINT('',(-189.424838,91.584584,-11.8));
#882 = LINE('',#883,#884);
#883 = CARTESIAN_POINT('',(-192.424838,91.584584,-11.8));
#884 = VECTOR('',#885,1.);
#885 = DIRECTION('',(1.,0.,1.E-15));
#886 = ORIENTED_EDGE('',*,*,#887,.T.);
#887 = EDGE_CURVE('',#880,#888,#890,.T.);
#888 = VERTEX_POINT('',#889);
#889 = CARTESIAN_POINT('',(-189.424838,83.484584,-11.8));
#890 = LINE('',#891,#892);
#891 = CARTESIAN_POINT('',(-189.424838,111.684584,-11.8));
#892 = VECTOR('',#893,1.);
#893 = DIRECTION('',(0.,-1.,0.));
#894 = ORIENTED_EDGE('',*,*,#895,.T.);
#895 = EDGE_CURVE('',#888,#896,#898,.T.);
#896 = VERTEX_POINT('',#897);
#897 = CARTESIAN_POINT('',(-230.924838,83.484583992181,-11.8));
#898 = LINE('',#899,#900);
#899 = CARTESIAN_POINT('',(-189.424838,83.484584,-11.8));
#900 = VECTOR('',#901,1.);
#901 = DIRECTION('',(-1.,0.,-1.44E-15));
#902 = ORIENTED_EDGE('',*,*,#903,.F.);
#903 = EDGE_CURVE('',#707,#896,#904,.T.);
#904 = LINE('',#905,#906);
#905 = CARTESIAN_POINT('',(-230.9248379983,76.484583976544,
    -11.80000000468));
#906 = VECTOR('',#907,1.);
#907 = DIRECTION('',(-2.3247873E-10,1.,6.6891137E-10));
#908 = ORIENTED_EDGE('',*,*,#706,.T.);
#909 = ORIENTED_EDGE('',*,*,#177,.T.);
#910 = FACE_BOUND('',#911,.T.);
#911 = EDGE_LOOP('',(#912));
#912 = ORIENTED_EDGE('',*,*,#913,.F.);
#913 = EDGE_CURVE('',#914,#914,#916,.T.);
#914 = VERTEX_POINT('',#915);
#915 = CARTESIAN_POINT('',(-184.024838,88.284584,-11.8));
#916 = CIRCLE('',#917,1.4);
#917 = AXIS2_PLACEMENT_3D('',#918,#919,#920);
#918 = CARTESIAN_POINT('',(-185.424838,88.284584,-11.8));
#919 = DIRECTION('',(-1.E-15,0.,1.));
#920 = DIRECTION('',(1.,0.,1.E-15));
#921 = FACE_BOUND('',#922,.T.);
#922 = EDGE_LOOP('',(#923));
#923 = ORIENTED_EDGE('',*,*,#924,.F.);
#924 = EDGE_CURVE('',#925,#925,#927,.T.);
#925 = VERTEX_POINT('',#926);
#926 = CARTESIAN_POINT('',(-184.024838,99.884584,-11.8));
#927 = CIRCLE('',#928,1.4);
#928 = AXIS2_PLACEMENT_3D('',#929,#930,#931);
#929 = CARTESIAN_POINT('',(-185.424838,99.884584,-11.8));
#930 = DIRECTION('',(-1.E-15,0.,1.));
#931 = DIRECTION('',(1.,0.,1.E-15));
#932 = PLANE('',#933);
#933 = AXIS2_PLACEMENT_3D('',#934,#935,#936);
#934 = CARTESIAN_POINT('',(-210.174838,94.084584,-11.8));
#935 = DIRECTION('',(-1.35E-15,0.,1.));
#936 = DIRECTION('',(1.,0.,1.35E-15));
#937 = ADVANCED_FACE('',(#938,#973,#999,#1016,#1042),#1068,.T.);
#938 = FACE_BOUND('',#939,.T.);
#939 = EDGE_LOOP('',(#940,#950,#956,#957,#958,#959,#967));
#940 = ORIENTED_EDGE('',*,*,#941,.T.);
#941 = EDGE_CURVE('',#942,#944,#946,.T.);
#942 = VERTEX_POINT('',#943);
#943 = CARTESIAN_POINT('',(-237.924838,111.68458383865,0.));
#944 = VERTEX_POINT('',#945);
#945 = CARTESIAN_POINT('',(-237.924838,111.6845836773,5.));
#946 = LINE('',#947,#948);
#947 = CARTESIAN_POINT('',(-237.924838,111.6845836773,0.));
#948 = VECTOR('',#949,1.);
#949 = DIRECTION('',(0.,0.,1.));
#950 = ORIENTED_EDGE('',*,*,#951,.T.);
#951 = EDGE_CURVE('',#944,#832,#952,.T.);
#952 = LINE('',#953,#954);
#953 = CARTESIAN_POINT('',(-237.9248380081,111.68458396367,
    5.000000023546));
#954 = VECTOR('',#955,1.);
#955 = DIRECTION('',(0.3846153846,7.068703846161E-10,-0.923076923083));
#956 = ORIENTED_EDGE('',*,*,#831,.T.);
#957 = ORIENTED_EDGE('',*,*,#169,.F.);
#958 = ORIENTED_EDGE('',*,*,#566,.F.);
#959 = ORIENTED_EDGE('',*,*,#960,.F.);
#960 = EDGE_CURVE('',#961,#559,#963,.T.);
#961 = VERTEX_POINT('',#962);
#962 = CARTESIAN_POINT('',(-244.924838,111.684584,0.));
#963 = LINE('',#964,#965);
#964 = CARTESIAN_POINT('',(-244.924838,111.684584,0.));
#965 = VECTOR('',#966,1.);
#966 = DIRECTION('',(0.,0.,-1.));
#967 = ORIENTED_EDGE('',*,*,#968,.T.);
#968 = EDGE_CURVE('',#961,#942,#969,.T.);
#969 = LINE('',#970,#971);
#970 = CARTESIAN_POINT('',(-244.924838,111.6845836773,0.));
#971 = VECTOR('',#972,1.);
#972 = DIRECTION('',(1.,0.,0.));
#973 = FACE_BOUND('',#974,.T.);
#974 = EDGE_LOOP('',(#975,#985,#993));
#975 = ORIENTED_EDGE('',*,*,#976,.T.);
#976 = EDGE_CURVE('',#977,#979,#981,.T.);
#977 = VERTEX_POINT('',#978);
#978 = CARTESIAN_POINT('',(-230.9248380028,111.68458398531,-34.999999992
    ));
#979 = VERTEX_POINT('',#980);
#980 = CARTESIAN_POINT('',(-219.366419617,111.68458398366,
    -29.40013508996));
#981 = LINE('',#982,#983);
#982 = CARTESIAN_POINT('',(-217.6075502125,111.68458398341,
    -28.54799159451));
#983 = VECTOR('',#984,1.);
#984 = DIRECTION('',(0.899942953706,-1.282111E-10,0.436007660568));
#985 = ORIENTED_EDGE('',*,*,#986,.T.);
#986 = EDGE_CURVE('',#979,#987,#989,.T.);
#987 = VERTEX_POINT('',#988);
#988 = CARTESIAN_POINT('',(-230.9248380098,111.68458397251,
    -23.79999997782));
#989 = LINE('',#990,#991);
#990 = CARTESIAN_POINT('',(-224.9138764737,111.68458397831,
    -26.7123531746));
#991 = VECTOR('',#992,1.);
#992 = DIRECTION('',(-0.89993469853,-8.6803725E-10,0.43602469928));
#993 = ORIENTED_EDGE('',*,*,#994,.T.);
#994 = EDGE_CURVE('',#987,#977,#995,.T.);
#995 = LINE('',#996,#997);
#996 = CARTESIAN_POINT('',(-230.9248380058,111.68458397989,
    -30.25416293546));
#997 = VECTOR('',#998,1.);
#998 = DIRECTION('',(6.1815695E-10,1.14244813E-09,-1.));
#999 = FACE_BOUND('',#1000,.T.);
#1000 = EDGE_LOOP('',(#1001,#1009,#1015));
#1001 = ORIENTED_EDGE('',*,*,#1002,.T.);
#1002 = EDGE_CURVE('',#529,#1003,#1005,.T.);
#1003 = VERTEX_POINT('',#1004);
#1004 = CARTESIAN_POINT('',(-210.1749082945,111.68458399253,
    -33.85355516967));
#1005 = LINE('',#1006,#1007);
#1006 = CARTESIAN_POINT('',(-214.5389251894,111.68458398832,
    -31.73917840217));
#1007 = VECTOR('',#1008,1.);
#1008 = DIRECTION('',(-0.899936329188,-8.6803407E-10,0.436021333661));
#1009 = ORIENTED_EDGE('',*,*,#1010,.T.);
#1010 = EDGE_CURVE('',#1003,#378,#1011,.T.);
#1011 = LINE('',#1012,#1013);
#1012 = CARTESIAN_POINT('',(-218.6392739612,111.68458399373,
    -37.9545999468));
#1013 = VECTOR('',#1014,1.);
#1014 = DIRECTION('',(-0.899934698496,1.2823396E-10,-0.436024699349));
#1015 = ORIENTED_EDGE('',*,*,#536,.T.);
#1016 = FACE_BOUND('',#1017,.T.);
#1017 = EDGE_LOOP('',(#1018,#1028,#1036));
#1018 = ORIENTED_EDGE('',*,*,#1019,.T.);
#1019 = EDGE_CURVE('',#1020,#1022,#1024,.T.);
#1020 = VERTEX_POINT('',#1021);
#1021 = CARTESIAN_POINT('',(-195.4248380028,111.68458398025,
    -17.79999997782));
#1022 = VERTEX_POINT('',#1023);
#1023 = CARTESIAN_POINT('',(-224.9248380098,111.68458396813,
    -17.79999997782));
#1024 = LINE('',#1025,#1026);
#1025 = CARTESIAN_POINT('',(-220.9166688023,111.68458396977,
    -17.79999997782));
#1026 = VECTOR('',#1027,1.);
#1027 = DIRECTION('',(-1.,-4.1103165E-10,-0.));
#1028 = ORIENTED_EDGE('',*,*,#1029,.T.);
#1029 = EDGE_CURVE('',#1022,#1030,#1032,.T.);
#1030 = VERTEX_POINT('',#1031);
#1031 = CARTESIAN_POINT('',(-210.1748380049,111.68458398235,
    -24.94647885793));
#1032 = LINE('',#1033,#1034);
#1033 = CARTESIAN_POINT('',(-212.7913425872,111.68458397983,
    -23.67876396091));
#1034 = VECTOR('',#1035,1.);
#1035 = DIRECTION('',(0.89993469853,8.6803725E-10,-0.43602469928));
#1036 = ORIENTED_EDGE('',*,*,#1037,.F.);
#1037 = EDGE_CURVE('',#1020,#1030,#1038,.T.);
#1038 = LINE('',#1039,#1040);
#1039 = CARTESIAN_POINT('',(-213.0118078466,111.68458398276,
    -26.32101072605));
#1040 = VECTOR('',#1041,1.);
#1041 = DIRECTION('',(-0.899934698496,1.2823396E-10,-0.436024699349));
#1042 = FACE_BOUND('',#1043,.T.);
#1043 = EDGE_LOOP('',(#1044,#1054,#1062));
#1044 = ORIENTED_EDGE('',*,*,#1045,.F.);
#1045 = EDGE_CURVE('',#1046,#1048,#1050,.T.);
#1046 = VERTEX_POINT('',#1047);
#1047 = CARTESIAN_POINT('',(-200.9832392964,111.68458399122,
    -29.40012680638));
#1048 = VERTEX_POINT('',#1049);
#1049 = CARTESIAN_POINT('',(-189.4248380028,111.68458398957,
    -23.79999997782));
#1050 = LINE('',#1051,#1052);
#1051 = CARTESIAN_POINT('',(-200.8892739612,111.68458399121,
    -29.35459993971));
#1052 = VECTOR('',#1053,1.);
#1053 = DIRECTION('',(0.899934698496,-1.2823396E-10,0.436024699349));
#1054 = ORIENTED_EDGE('',*,*,#1055,.F.);
#1055 = EDGE_CURVE('',#1056,#1046,#1058,.T.);
#1056 = VERTEX_POINT('',#1057);
#1057 = CARTESIAN_POINT('',(-189.4248380028,111.68458400237,
    -34.999999992));
#1058 = LINE('',#1059,#1060);
#1059 = CARTESIAN_POINT('',(-208.1956826209,111.68458398426,
    -25.90580549414));
#1060 = VECTOR('',#1061,1.);
#1061 = DIRECTION('',(-0.899942447643,-8.6802216E-10,0.436008705109));
#1062 = ORIENTED_EDGE('',*,*,#1063,.F.);
#1063 = EDGE_CURVE('',#1048,#1056,#1064,.T.);
#1064 = LINE('',#1065,#1066);
#1065 = CARTESIAN_POINT('',(-189.4248380028,111.68458399695,
    -30.25416293112));
#1066 = VECTOR('',#1067,1.);
#1067 = DIRECTION('',(0.,1.14244813E-09,-1.));
#1068 = PLANE('',#1069);
#1069 = AXIS2_PLACEMENT_3D('',#1070,#1071,#1072);
#1070 = CARTESIAN_POINT('',(-216.9084995949,111.68458398023,
    -25.50832587025));
#1071 = DIRECTION('',(-4.1103165E-10,1.,1.14244813E-09));
#1072 = DIRECTION('',(0.,-1.14244813E-09,1.));
#1073 = ADVANCED_FACE('',(#1074),#1099,.F.);
#1074 = FACE_BOUND('',#1075,.F.);
#1075 = EDGE_LOOP('',(#1076,#1084,#1092,#1098));
#1076 = ORIENTED_EDGE('',*,*,#1077,.T.);
#1077 = EDGE_CURVE('',#186,#1078,#1080,.T.);
#1078 = VERTEX_POINT('',#1079);
#1079 = CARTESIAN_POINT('',(-189.424838,98.584584,-39.));
#1080 = LINE('',#1081,#1082);
#1081 = CARTESIAN_POINT('',(-182.424838,98.584584,-39.));
#1082 = VECTOR('',#1083,1.);
#1083 = DIRECTION('',(-1.,1.72E-15,1.72E-15));
#1084 = ORIENTED_EDGE('',*,*,#1085,.T.);
#1085 = EDGE_CURVE('',#1078,#1086,#1088,.T.);
#1086 = VERTEX_POINT('',#1087);
#1087 = CARTESIAN_POINT('',(-189.424838,98.584584,-32.));
#1088 = LINE('',#1089,#1090);
#1089 = CARTESIAN_POINT('',(-189.424838,98.584584,-39.));
#1090 = VECTOR('',#1091,1.);
#1091 = DIRECTION('',(2.E-15,0.,1.));
#1092 = ORIENTED_EDGE('',*,*,#1093,.F.);
#1093 = EDGE_CURVE('',#188,#1086,#1094,.T.);
#1094 = LINE('',#1095,#1096);
#1095 = CARTESIAN_POINT('',(-182.424838,98.584584,-32.));
#1096 = VECTOR('',#1097,1.);
#1097 = DIRECTION('',(-1.,1.72E-15,1.72E-15));
#1098 = ORIENTED_EDGE('',*,*,#185,.F.);
#1099 = PLANE('',#1100);
#1100 = AXIS2_PLACEMENT_3D('',#1101,#1102,#1103);
#1101 = CARTESIAN_POINT('',(-182.424838,98.584584,-39.));
#1102 = DIRECTION('',(1.72E-15,1.,0.));
#1103 = DIRECTION('',(1.72E-15,-2.9584E-30,1.));
#1104 = ADVANCED_FACE('',(#1105),#1155,.F.);
#1105 = FACE_BOUND('',#1106,.F.);
#1106 = EDGE_LOOP('',(#1107,#1108,#1109,#1117,#1125,#1133,#1141,#1149));
#1107 = ORIENTED_EDGE('',*,*,#259,.F.);
#1108 = ORIENTED_EDGE('',*,*,#1093,.T.);
#1109 = ORIENTED_EDGE('',*,*,#1110,.T.);
#1110 = EDGE_CURVE('',#1086,#1111,#1113,.T.);
#1111 = VERTEX_POINT('',#1112);
#1112 = CARTESIAN_POINT('',(-189.424838,96.584584,-32.));
#1113 = LINE('',#1114,#1115);
#1114 = CARTESIAN_POINT('',(-189.424838,98.584584,-32.));
#1115 = VECTOR('',#1116,1.);
#1116 = DIRECTION('',(-2.E-15,-1.,0.));
#1117 = ORIENTED_EDGE('',*,*,#1118,.F.);
#1118 = EDGE_CURVE('',#1119,#1111,#1121,.T.);
#1119 = VERTEX_POINT('',#1120);
#1120 = CARTESIAN_POINT('',(-186.424838,96.584584,-32.));
#1121 = LINE('',#1122,#1123);
#1122 = CARTESIAN_POINT('',(-184.424838,96.584584,-32.));
#1123 = VECTOR('',#1124,1.);
#1124 = DIRECTION('',(-1.,0.,1.72E-15));
#1125 = ORIENTED_EDGE('',*,*,#1126,.F.);
#1126 = EDGE_CURVE('',#1127,#1119,#1129,.T.);
#1127 = VERTEX_POINT('',#1128);
#1128 = CARTESIAN_POINT('',(-186.424838,91.584584,-32.));
#1129 = LINE('',#1130,#1131);
#1130 = CARTESIAN_POINT('',(-186.424838,95.084584,-32.));
#1131 = VECTOR('',#1132,1.);
#1132 = DIRECTION('',(0.,1.,0.));
#1133 = ORIENTED_EDGE('',*,*,#1134,.F.);
#1134 = EDGE_CURVE('',#1135,#1127,#1137,.T.);
#1135 = VERTEX_POINT('',#1136);
#1136 = CARTESIAN_POINT('',(-189.424838,91.584584,-32.));
#1137 = LINE('',#1138,#1139);
#1138 = CARTESIAN_POINT('',(-187.424838,91.584584,-32.));
#1139 = VECTOR('',#1140,1.);
#1140 = DIRECTION('',(1.,0.,-1.72E-15));
#1141 = ORIENTED_EDGE('',*,*,#1142,.T.);
#1142 = EDGE_CURVE('',#1135,#1143,#1145,.T.);
#1143 = VERTEX_POINT('',#1144);
#1144 = CARTESIAN_POINT('',(-189.424838,89.584584,-32.));
#1145 = LINE('',#1146,#1147);
#1146 = CARTESIAN_POINT('',(-189.424838,98.584584,-32.));
#1147 = VECTOR('',#1148,1.);
#1148 = DIRECTION('',(-2.E-15,-1.,0.));
#1149 = ORIENTED_EDGE('',*,*,#1150,.F.);
#1150 = EDGE_CURVE('',#252,#1143,#1151,.T.);
#1151 = LINE('',#1152,#1153);
#1152 = CARTESIAN_POINT('',(-182.424838,89.584584,-32.));
#1153 = VECTOR('',#1154,1.);
#1154 = DIRECTION('',(-1.,1.72E-15,1.72E-15));
#1155 = PLANE('',#1156);
#1156 = AXIS2_PLACEMENT_3D('',#1157,#1158,#1159);
#1157 = CARTESIAN_POINT('',(-182.424838,98.584584,-32.));
#1158 = DIRECTION('',(1.72E-15,0.,1.));
#1159 = DIRECTION('',(-1.67E-15,-1.,2.8724E-30));
#1160 = ADVANCED_FACE('',(#1161),#1179,.F.);
#1161 = FACE_BOUND('',#1162,.F.);
#1162 = EDGE_LOOP('',(#1163,#1164,#1172,#1178));
#1163 = ORIENTED_EDGE('',*,*,#1150,.T.);
#1164 = ORIENTED_EDGE('',*,*,#1165,.T.);
#1165 = EDGE_CURVE('',#1143,#1166,#1168,.T.);
#1166 = VERTEX_POINT('',#1167);
#1167 = CARTESIAN_POINT('',(-189.424838,89.584584,-39.));
#1168 = LINE('',#1169,#1170);
#1169 = CARTESIAN_POINT('',(-189.424838,89.584584,-32.));
#1170 = VECTOR('',#1171,1.);
#1171 = DIRECTION('',(-2.E-15,0.,-1.));
#1172 = ORIENTED_EDGE('',*,*,#1173,.F.);
#1173 = EDGE_CURVE('',#244,#1166,#1174,.T.);
#1174 = LINE('',#1175,#1176);
#1175 = CARTESIAN_POINT('',(-182.424838,89.584584,-39.));
#1176 = VECTOR('',#1177,1.);
#1177 = DIRECTION('',(-1.,1.72E-15,1.72E-15));
#1178 = ORIENTED_EDGE('',*,*,#251,.F.);
#1179 = PLANE('',#1180);
#1180 = AXIS2_PLACEMENT_3D('',#1181,#1182,#1183);
#1181 = CARTESIAN_POINT('',(-182.424838,89.584584,-32.));
#1182 = DIRECTION('',(-1.72E-15,-1.,0.));
#1183 = DIRECTION('',(-1.72E-15,2.9584E-30,-1.));
#1184 = ADVANCED_FACE('',(#1185),#1203,.F.);
#1185 = FACE_BOUND('',#1186,.F.);
#1186 = EDGE_LOOP('',(#1187,#1188,#1189,#1197));
#1187 = ORIENTED_EDGE('',*,*,#243,.F.);
#1188 = ORIENTED_EDGE('',*,*,#1173,.T.);
#1189 = ORIENTED_EDGE('',*,*,#1190,.T.);
#1190 = EDGE_CURVE('',#1166,#1191,#1193,.T.);
#1191 = VERTEX_POINT('',#1192);
#1192 = CARTESIAN_POINT('',(-189.424838,91.361127264472,-39.));
#1193 = LINE('',#1194,#1195);
#1194 = CARTESIAN_POINT('',(-189.424838,89.584584,-39.));
#1195 = VECTOR('',#1196,1.);
#1196 = DIRECTION('',(2.E-15,1.,0.));
#1197 = ORIENTED_EDGE('',*,*,#1198,.T.);
#1198 = EDGE_CURVE('',#1191,#236,#1199,.T.);
#1199 = LINE('',#1200,#1201);
#1200 = CARTESIAN_POINT('',(-182.424838,91.361127264472,-39.));
#1201 = VECTOR('',#1202,1.);
#1202 = DIRECTION('',(1.,-1.72E-15,-1.72E-15));
#1203 = PLANE('',#1204);
#1204 = AXIS2_PLACEMENT_3D('',#1205,#1206,#1207);
#1205 = CARTESIAN_POINT('',(-182.424838,89.584584,-39.));
#1206 = DIRECTION('',(-1.72E-15,0.,-1.));
#1207 = DIRECTION('',(1.67E-15,1.,-2.8724E-30));
#1208 = ADVANCED_FACE('',(#1209),#1220,.T.);
#1209 = FACE_BOUND('',#1210,.T.);
#1210 = EDGE_LOOP('',(#1211,#1212,#1213,#1219));
#1211 = ORIENTED_EDGE('',*,*,#235,.F.);
#1212 = ORIENTED_EDGE('',*,*,#481,.T.);
#1213 = ORIENTED_EDGE('',*,*,#1214,.F.);
#1214 = EDGE_CURVE('',#1191,#474,#1215,.T.);
#1215 = LINE('',#1216,#1217);
#1216 = CARTESIAN_POINT('',(-189.4248379979,94.041300314244,
    -36.143499859));
#1217 = VECTOR('',#1218,1.);
#1218 = DIRECTION('',(1.9129735E-10,-0.684240563426,-0.72925636875));
#1219 = ORIENTED_EDGE('',*,*,#1198,.T.);
#1220 = PLANE('',#1221);
#1221 = AXIS2_PLACEMENT_3D('',#1222,#1223,#1224);
#1222 = CARTESIAN_POINT('',(-182.424838,89.484584,-41.));
#1223 = DIRECTION('',(8.E-17,0.72925636875,-0.684240563426));
#1224 = DIRECTION('',(2.39E-15,0.684240563426,0.72925636875));
#1225 = ADVANCED_FACE('',(#1226),#1244,.T.);
#1226 = FACE_BOUND('',#1227,.T.);
#1227 = EDGE_LOOP('',(#1228,#1229,#1237,#1243));
#1228 = ORIENTED_EDGE('',*,*,#203,.F.);
#1229 = ORIENTED_EDGE('',*,*,#1230,.T.);
#1230 = EDGE_CURVE('',#196,#1231,#1233,.T.);
#1231 = VERTEX_POINT('',#1232);
#1232 = CARTESIAN_POINT('',(-189.424838,96.804606178649,-39.));
#1233 = LINE('',#1234,#1235);
#1234 = CARTESIAN_POINT('',(-182.424838,96.804606178649,-39.));
#1235 = VECTOR('',#1236,1.);
#1236 = DIRECTION('',(-1.,1.72E-15,1.72E-15));
#1237 = ORIENTED_EDGE('',*,*,#1238,.F.);
#1238 = EDGE_CURVE('',#505,#1231,#1239,.T.);
#1239 = LINE('',#1240,#1241);
#1240 = CARTESIAN_POINT('',(-189.4248379975,91.823271091487,
    -33.70064483677));
#1241 = VECTOR('',#1242,1.);
#1242 = DIRECTION('',(1.4258454E-10,-0.68490571908,0.728631701185));
#1243 = ORIENTED_EDGE('',*,*,#504,.F.);
#1244 = PLANE('',#1245);
#1245 = AXIS2_PLACEMENT_3D('',#1246,#1247,#1248);
#1246 = CARTESIAN_POINT('',(-182.424838,94.080378257163,-36.101851));
#1247 = DIRECTION('',(-2.43E-15,-0.728631701185,-0.68490571908));
#1248 = DIRECTION('',(-1.1E-16,0.68490571908,-0.728631701185));
#1249 = ADVANCED_FACE('',(#1250),#1261,.F.);
#1250 = FACE_BOUND('',#1251,.F.);
#1251 = EDGE_LOOP('',(#1252,#1253,#1254,#1260));
#1252 = ORIENTED_EDGE('',*,*,#195,.F.);
#1253 = ORIENTED_EDGE('',*,*,#1230,.T.);
#1254 = ORIENTED_EDGE('',*,*,#1255,.T.);
#1255 = EDGE_CURVE('',#1231,#1078,#1256,.T.);
#1256 = LINE('',#1257,#1258);
#1257 = CARTESIAN_POINT('',(-189.424838,89.584584,-39.));
#1258 = VECTOR('',#1259,1.);
#1259 = DIRECTION('',(2.E-15,1.,0.));
#1260 = ORIENTED_EDGE('',*,*,#1077,.F.);
#1261 = PLANE('',#1262);
#1262 = AXIS2_PLACEMENT_3D('',#1263,#1264,#1265);
#1263 = CARTESIAN_POINT('',(-182.424838,89.584584,-39.));
#1264 = DIRECTION('',(-1.72E-15,0.,-1.));
#1265 = DIRECTION('',(1.67E-15,1.,-2.8724E-30));
#1266 = ADVANCED_FACE('',(#1267),#1292,.T.);
#1267 = FACE_BOUND('',#1268,.T.);
#1268 = EDGE_LOOP('',(#1269,#1270,#1278,#1286));
#1269 = ORIENTED_EDGE('',*,*,#267,.F.);
#1270 = ORIENTED_EDGE('',*,*,#1271,.T.);
#1271 = EDGE_CURVE('',#268,#1272,#1274,.T.);
#1272 = VERTEX_POINT('',#1273);
#1273 = CARTESIAN_POINT('',(-189.4248379956,83.484584,-35.00000002422));
#1274 = LINE('',#1275,#1276);
#1275 = CARTESIAN_POINT('',(-182.424838,83.484584,-35.));
#1276 = VECTOR('',#1277,1.);
#1277 = DIRECTION('',(-1.,1.72E-15,1.72E-15));
#1278 = ORIENTED_EDGE('',*,*,#1279,.F.);
#1279 = EDGE_CURVE('',#1280,#1272,#1282,.T.);
#1280 = VERTEX_POINT('',#1281);
#1281 = CARTESIAN_POINT('',(-189.4248379957,83.484584,-24.80000047131));
#1282 = LINE('',#1283,#1284);
#1283 = CARTESIAN_POINT('',(-189.4248379955,83.484584,-31.02608695718));
#1284 = VECTOR('',#1285,1.);
#1285 = DIRECTION('',(3.352453E-11,0.,-1.));
#1286 = ORIENTED_EDGE('',*,*,#1287,.F.);
#1287 = EDGE_CURVE('',#270,#1280,#1288,.T.);
#1288 = LINE('',#1289,#1290);
#1289 = CARTESIAN_POINT('',(-182.424838,83.484584,-24.80000047131));
#1290 = VECTOR('',#1291,1.);
#1291 = DIRECTION('',(-1.,1.72E-15,1.72E-15));
#1292 = PLANE('',#1293);
#1293 = AXIS2_PLACEMENT_3D('',#1294,#1295,#1296);
#1294 = CARTESIAN_POINT('',(-182.424838,83.484584,-35.));
#1295 = DIRECTION('',(1.72E-15,1.,0.));
#1296 = DIRECTION('',(1.72E-15,-2.9584E-30,1.));
#1297 = ADVANCED_FACE('',(#1298),#1333,.F.);
#1298 = FACE_BOUND('',#1299,.F.);
#1299 = EDGE_LOOP('',(#1300,#1301,#1302,#1310,#1318,#1327));
#1300 = ORIENTED_EDGE('',*,*,#285,.F.);
#1301 = ORIENTED_EDGE('',*,*,#1271,.T.);
#1302 = ORIENTED_EDGE('',*,*,#1303,.F.);
#1303 = EDGE_CURVE('',#1304,#1272,#1306,.T.);
#1304 = VERTEX_POINT('',#1305);
#1305 = CARTESIAN_POINT('',(-189.4248379967,88.252152336235,-29.918776)
  );
#1306 = LINE('',#1307,#1308);
#1307 = CARTESIAN_POINT('',(-189.4248379966,87.948895394249,
    -30.24198404718));
#1308 = VECTOR('',#1309,1.);
#1309 = DIRECTION('',(1.9129735E-10,-0.684240563426,-0.72925636875));
#1310 = ORIENTED_EDGE('',*,*,#1311,.F.);
#1311 = EDGE_CURVE('',#1312,#1304,#1314,.T.);
#1312 = VERTEX_POINT('',#1313);
#1313 = CARTESIAN_POINT('',(-186.8244623021,88.252152336235,-29.918776)
  );
#1314 = LINE('',#1315,#1316);
#1315 = CARTESIAN_POINT('',(-182.424838,88.252152336235,-29.918776));
#1316 = VECTOR('',#1317,1.);
#1317 = DIRECTION('',(-1.,1.72E-15,1.72E-15));
#1318 = ORIENTED_EDGE('',*,*,#1319,.F.);
#1319 = EDGE_CURVE('',#1320,#1312,#1322,.T.);
#1320 = VERTEX_POINT('',#1321);
#1321 = CARTESIAN_POINT('',(-184.0252136978,88.252152336235,-29.918776)
  );
#1322 = ELLIPSE('',#1323,2.046064023143,1.4);
#1323 = AXIS2_PLACEMENT_3D('',#1324,#1325,#1326);
#1324 = CARTESIAN_POINT('',(-185.424838,88.284584,-29.88421067515));
#1325 = DIRECTION('',(8.E-17,0.72925636875,-0.684240563426));
#1326 = DIRECTION('',(-1.66E-15,0.684240563426,0.72925636875));
#1327 = ORIENTED_EDGE('',*,*,#1328,.F.);
#1328 = EDGE_CURVE('',#278,#1320,#1329,.T.);
#1329 = LINE('',#1330,#1331);
#1330 = CARTESIAN_POINT('',(-182.424838,88.252152336235,-29.918776));
#1331 = VECTOR('',#1332,1.);
#1332 = DIRECTION('',(-1.,1.72E-15,1.72E-15));
#1333 = PLANE('',#1334);
#1334 = AXIS2_PLACEMENT_3D('',#1335,#1336,#1337);
#1335 = CARTESIAN_POINT('',(-182.424838,83.484584,-35.));
#1336 = DIRECTION('',(8.E-17,0.72925636875,-0.684240563426));
#1337 = DIRECTION('',(2.39E-15,0.684240563426,0.72925636875));
#1338 = ADVANCED_FACE('',(#1339),#1358,.T.);
#1339 = FACE_BOUND('',#1340,.T.);
#1340 = EDGE_LOOP('',(#1341,#1342,#1348,#1349,#1356,#1357));
#1341 = ORIENTED_EDGE('',*,*,#1287,.T.);
#1342 = ORIENTED_EDGE('',*,*,#1343,.F.);
#1343 = EDGE_CURVE('',#1304,#1280,#1344,.T.);
#1344 = LINE('',#1345,#1346);
#1345 = CARTESIAN_POINT('',(-189.4248379964,86.50816562318,
    -28.04631694339));
#1346 = VECTOR('',#1347,1.);
#1347 = DIRECTION('',(1.4166299E-10,-0.681557259704,0.731764785805));
#1348 = ORIENTED_EDGE('',*,*,#1311,.F.);
#1349 = ORIENTED_EDGE('',*,*,#1350,.F.);
#1350 = EDGE_CURVE('',#1320,#1312,#1351,.T.);
#1351 = ELLIPSE('',#1352,2.054119415597,1.4);
#1352 = AXIS2_PLACEMENT_3D('',#1353,#1354,#1355);
#1353 = CARTESIAN_POINT('',(-185.424838,88.284584,-29.95359677132));
#1354 = DIRECTION('',(-2.43E-15,-0.731764785805,-0.681557259704));
#1355 = DIRECTION('',(-3.99E-15,-0.681557259704,0.731764785805));
#1356 = ORIENTED_EDGE('',*,*,#1328,.F.);
#1357 = ORIENTED_EDGE('',*,*,#277,.F.);
#1358 = PLANE('',#1359);
#1359 = AXIS2_PLACEMENT_3D('',#1360,#1361,#1362);
#1360 = CARTESIAN_POINT('',(-182.424838,83.484584,-24.80000047131));
#1361 = DIRECTION('',(-2.43E-15,-0.731764785805,-0.681557259704));
#1362 = DIRECTION('',(-1.2E-16,0.681557259704,-0.731764785805));
#1363 = ADVANCED_FACE('',(#1364),#1406,.F.);
#1364 = FACE_BOUND('',#1365,.F.);
#1365 = EDGE_LOOP('',(#1366,#1374,#1382,#1390,#1399,#1405));
#1366 = ORIENTED_EDGE('',*,*,#1367,.T.);
#1367 = EDGE_CURVE('',#294,#1368,#1370,.T.);
#1368 = VERTEX_POINT('',#1369);
#1369 = CARTESIAN_POINT('',(-189.4248380009,104.684584,-24.80000047131)
  );
#1370 = LINE('',#1371,#1372);
#1371 = CARTESIAN_POINT('',(-182.424838,104.684584,-24.80000047131));
#1372 = VECTOR('',#1373,1.);
#1373 = DIRECTION('',(-1.,1.72E-15,1.72E-15));
#1374 = ORIENTED_EDGE('',*,*,#1375,.F.);
#1375 = EDGE_CURVE('',#1376,#1368,#1378,.T.);
#1376 = VERTEX_POINT('',#1377);
#1377 = CARTESIAN_POINT('',(-189.4248379996,99.894900056021,
    -29.90479505256));
#1378 = LINE('',#1379,#1380);
#1379 = CARTESIAN_POINT('',(-189.4248380001,101.64130031424,
    -28.04350009466));
#1380 = VECTOR('',#1381,1.);
#1381 = DIRECTION('',(-1.9129735E-10,0.684240563426,0.72925636875));
#1382 = ORIENTED_EDGE('',*,*,#1383,.F.);
#1383 = EDGE_CURVE('',#1384,#1376,#1386,.T.);
#1384 = VERTEX_POINT('',#1385);
#1385 = CARTESIAN_POINT('',(-186.8247999919,99.894900056021,
    -29.90479505256));
#1386 = LINE('',#1387,#1388);
#1387 = CARTESIAN_POINT('',(-182.424838,99.894900056021,-29.90479505256)
  );
#1388 = VECTOR('',#1389,1.);
#1389 = DIRECTION('',(-1.,1.72E-15,1.72E-15));
#1390 = ORIENTED_EDGE('',*,*,#1391,.F.);
#1391 = EDGE_CURVE('',#1392,#1384,#1394,.T.);
#1392 = VERTEX_POINT('',#1393);
#1393 = CARTESIAN_POINT('',(-184.024876008,99.894900056021,
    -29.90479505256));
#1394 = ELLIPSE('',#1395,2.046064023143,1.4);
#1395 = AXIS2_PLACEMENT_3D('',#1396,#1397,#1398);
#1396 = CARTESIAN_POINT('',(-185.424838,99.884584,-29.91578979615));
#1397 = DIRECTION('',(-8.E-17,-0.72925636875,0.684240563426));
#1398 = DIRECTION('',(-1.66E-15,0.684240563426,0.72925636875));
#1399 = ORIENTED_EDGE('',*,*,#1400,.F.);
#1400 = EDGE_CURVE('',#296,#1392,#1401,.T.);
#1401 = LINE('',#1402,#1403);
#1402 = CARTESIAN_POINT('',(-182.424838,99.894900056021,-29.90479505256)
  );
#1403 = VECTOR('',#1404,1.);
#1404 = DIRECTION('',(-1.,1.72E-15,1.72E-15));
#1405 = ORIENTED_EDGE('',*,*,#293,.F.);
#1406 = PLANE('',#1407);
#1407 = AXIS2_PLACEMENT_3D('',#1408,#1409,#1410);
#1408 = CARTESIAN_POINT('',(-182.424838,104.684584,-24.80000047131));
#1409 = DIRECTION('',(-8.E-17,-0.72925636875,0.684240563426));
#1410 = DIRECTION('',(-2.39E-15,-0.684240563426,-0.72925636875));
#1411 = ADVANCED_FACE('',(#1412),#1430,.F.);
#1412 = FACE_BOUND('',#1413,.F.);
#1413 = EDGE_LOOP('',(#1414,#1415,#1423,#1429));
#1414 = ORIENTED_EDGE('',*,*,#303,.F.);
#1415 = ORIENTED_EDGE('',*,*,#1416,.T.);
#1416 = EDGE_CURVE('',#304,#1417,#1419,.T.);
#1417 = VERTEX_POINT('',#1418);
#1418 = CARTESIAN_POINT('',(-189.424838,104.684584,-35.));
#1419 = LINE('',#1420,#1421);
#1420 = CARTESIAN_POINT('',(-182.424838,104.684584,-35.));
#1421 = VECTOR('',#1422,1.);
#1422 = DIRECTION('',(-1.,1.72E-15,1.72E-15));
#1423 = ORIENTED_EDGE('',*,*,#1424,.F.);
#1424 = EDGE_CURVE('',#1368,#1417,#1425,.T.);
#1425 = LINE('',#1426,#1427);
#1426 = CARTESIAN_POINT('',(-189.4248380007,104.684584,-31.02608695718)
  );
#1427 = VECTOR('',#1428,1.);
#1428 = DIRECTION('',(3.352453E-11,0.,-1.));
#1429 = ORIENTED_EDGE('',*,*,#1367,.F.);
#1430 = PLANE('',#1431);
#1431 = AXIS2_PLACEMENT_3D('',#1432,#1433,#1434);
#1432 = CARTESIAN_POINT('',(-182.424838,104.684584,-35.));
#1433 = DIRECTION('',(1.72E-15,1.,0.));
#1434 = DIRECTION('',(1.72E-15,-2.9584E-30,1.));
#1435 = ADVANCED_FACE('',(#1436),#1455,.F.);
#1436 = FACE_BOUND('',#1437,.F.);
#1437 = EDGE_LOOP('',(#1438,#1439,#1440,#1447,#1448,#1454));
#1438 = ORIENTED_EDGE('',*,*,#311,.F.);
#1439 = ORIENTED_EDGE('',*,*,#1400,.T.);
#1440 = ORIENTED_EDGE('',*,*,#1441,.F.);
#1441 = EDGE_CURVE('',#1384,#1392,#1442,.T.);
#1442 = ELLIPSE('',#1443,2.044020816853,1.4);
#1443 = AXIS2_PLACEMENT_3D('',#1444,#1445,#1446);
#1444 = CARTESIAN_POINT('',(-185.424838,99.884584,-29.89382096318));
#1445 = DIRECTION('',(-2.43E-15,-0.728614017426,-0.684924531324));
#1446 = DIRECTION('',(-4.02E-15,-0.684924531324,0.728614017426));
#1447 = ORIENTED_EDGE('',*,*,#1383,.T.);
#1448 = ORIENTED_EDGE('',*,*,#1449,.F.);
#1449 = EDGE_CURVE('',#1417,#1376,#1450,.T.);
#1450 = LINE('',#1451,#1452);
#1451 = CARTESIAN_POINT('',(-189.4248379991,97.820233598765,
    -27.69779122497));
#1452 = VECTOR('',#1453,1.);
#1453 = DIRECTION('',(1.4258972E-10,-0.684924531324,0.728614017426));
#1454 = ORIENTED_EDGE('',*,*,#1416,.F.);
#1455 = PLANE('',#1456);
#1456 = AXIS2_PLACEMENT_3D('',#1457,#1458,#1459);
#1457 = CARTESIAN_POINT('',(-182.424838,99.894900056021,-29.90479505256)
  );
#1458 = DIRECTION('',(-2.43E-15,-0.728614017426,-0.684924531324));
#1459 = DIRECTION('',(-1.1E-16,0.684924531324,-0.728614017426));
#1460 = ADVANCED_FACE('',(#1461),#1519,.F.);
#1461 = FACE_BOUND('',#1462,.F.);
#1462 = EDGE_LOOP('',(#1463,#1464,#1472,#1481,#1489,#1497,#1505,#1513));
#1463 = ORIENTED_EDGE('',*,*,#319,.F.);
#1464 = ORIENTED_EDGE('',*,*,#1465,.T.);
#1465 = EDGE_CURVE('',#320,#1466,#1468,.T.);
#1466 = VERTEX_POINT('',#1467);
#1467 = CARTESIAN_POINT('',(-184.7037277449,89.484584,-18.80000047131));
#1468 = LINE('',#1469,#1470);
#1469 = CARTESIAN_POINT('',(-182.424838,89.484584,-18.80000047131));
#1470 = VECTOR('',#1471,1.);
#1471 = DIRECTION('',(-1.,1.72E-15,1.72E-15));
#1472 = ORIENTED_EDGE('',*,*,#1473,.F.);
#1473 = EDGE_CURVE('',#1474,#1466,#1476,.T.);
#1474 = VERTEX_POINT('',#1475);
#1475 = CARTESIAN_POINT('',(-186.145948255,89.484584,-18.80000047131));
#1476 = ELLIPSE('',#1477,2.046064023143,1.4);
#1477 = AXIS2_PLACEMENT_3D('',#1478,#1479,#1480);
#1478 = CARTESIAN_POINT('',(-185.424838,88.284584,-17.52105314009));
#1479 = DIRECTION('',(-2.43E-15,-0.72925636875,-0.684240563426));
#1480 = DIRECTION('',(-4.01E-15,-0.684240563426,0.72925636875));
#1481 = ORIENTED_EDGE('',*,*,#1482,.T.);
#1482 = EDGE_CURVE('',#1474,#1483,#1485,.T.);
#1483 = VERTEX_POINT('',#1484);
#1484 = CARTESIAN_POINT('',(-189.4248379974,89.484584,-18.80000047131));
#1485 = LINE('',#1486,#1487);
#1486 = CARTESIAN_POINT('',(-182.424838,89.484584,-18.80000047131));
#1487 = VECTOR('',#1488,1.);
#1488 = DIRECTION('',(-1.,1.72E-15,1.72E-15));
#1489 = ORIENTED_EDGE('',*,*,#1490,.F.);
#1490 = EDGE_CURVE('',#1491,#1483,#1493,.T.);
#1491 = VERTEX_POINT('',#1492);
#1492 = CARTESIAN_POINT('',(-189.4248379978,91.584584,-21.03815830093));
#1493 = LINE('',#1494,#1495);
#1494 = CARTESIAN_POINT('',(-189.4248379981,92.620272603595,
    -22.14198428054));
#1495 = VECTOR('',#1496,1.);
#1496 = DIRECTION('',(1.424014E-10,-0.684240563426,0.72925636875));
#1497 = ORIENTED_EDGE('',*,*,#1498,.F.);
#1498 = EDGE_CURVE('',#1499,#1491,#1501,.T.);
#1499 = VERTEX_POINT('',#1500);
#1500 = CARTESIAN_POINT('',(-186.424838,91.584584,-21.03815830093));
#1501 = LINE('',#1502,#1503);
#1502 = CARTESIAN_POINT('',(-187.424838,91.584584,-21.03815830093));
#1503 = VECTOR('',#1504,1.);
#1504 = DIRECTION('',(-1.,0.,3.55E-15));
#1505 = ORIENTED_EDGE('',*,*,#1506,.F.);
#1506 = EDGE_CURVE('',#1507,#1499,#1509,.T.);
#1507 = VERTEX_POINT('',#1508);
#1508 = CARTESIAN_POINT('',(-186.424838,94.084584,-23.70263190762));
#1509 = LINE('',#1510,#1511);
#1510 = CARTESIAN_POINT('',(-186.424838,88.229724528256,-17.46258449428)
  );
#1511 = VECTOR('',#1512,1.);
#1512 = DIRECTION('',(-9.8E-16,-0.684240563426,0.72925636875));
#1513 = ORIENTED_EDGE('',*,*,#1514,.F.);
#1514 = EDGE_CURVE('',#322,#1507,#1515,.T.);
#1515 = LINE('',#1516,#1517);
#1516 = CARTESIAN_POINT('',(-182.424838,94.084584,-23.70263190762));
#1517 = VECTOR('',#1518,1.);
#1518 = DIRECTION('',(-1.,1.72E-15,1.72E-15));
#1519 = PLANE('',#1520);
#1520 = AXIS2_PLACEMENT_3D('',#1521,#1522,#1523);
#1521 = CARTESIAN_POINT('',(-182.424838,89.484584,-18.80000047131));
#1522 = DIRECTION('',(-2.43E-15,-0.72925636875,-0.684240563426));
#1523 = DIRECTION('',(-1.2E-16,0.684240563426,-0.72925636875));
#1524 = ADVANCED_FACE('',(#1525),#1600,.T.);
#1525 = FACE_BOUND('',#1526,.T.);
#1526 = EDGE_LOOP('',(#1527,#1528,#1529,#1536,#1537,#1545,#1553,#1561,
    #1569,#1577,#1585,#1594));
#1527 = ORIENTED_EDGE('',*,*,#329,.F.);
#1528 = ORIENTED_EDGE('',*,*,#1465,.T.);
#1529 = ORIENTED_EDGE('',*,*,#1530,.T.);
#1530 = EDGE_CURVE('',#1466,#1474,#1531,.T.);
#1531 = CIRCLE('',#1532,1.4);
#1532 = AXIS2_PLACEMENT_3D('',#1533,#1534,#1535);
#1533 = CARTESIAN_POINT('',(-185.424838,88.284584,-18.80000047131));
#1534 = DIRECTION('',(-1.26E-15,0.,1.));
#1535 = DIRECTION('',(1.,0.,1.26E-15));
#1536 = ORIENTED_EDGE('',*,*,#1482,.T.);
#1537 = ORIENTED_EDGE('',*,*,#1538,.F.);
#1538 = EDGE_CURVE('',#1539,#1483,#1541,.T.);
#1539 = VERTEX_POINT('',#1540);
#1540 = CARTESIAN_POINT('',(-189.4248379979,91.584584,-18.80000047131));
#1541 = LINE('',#1542,#1543);
#1542 = CARTESIAN_POINT('',(-189.424837998,91.784583997696,
    -18.80000047131));
#1543 = VECTOR('',#1544,1.);
#1544 = DIRECTION('',(2.4384608E-10,-1.,0.));
#1545 = ORIENTED_EDGE('',*,*,#1546,.F.);
#1546 = EDGE_CURVE('',#1547,#1539,#1549,.T.);
#1547 = VERTEX_POINT('',#1548);
#1548 = CARTESIAN_POINT('',(-186.424838,91.584584,-18.80000047131));
#1549 = LINE('',#1550,#1551);
#1550 = CARTESIAN_POINT('',(-187.424838,91.584584,-18.80000047131));
#1551 = VECTOR('',#1552,1.);
#1552 = DIRECTION('',(-1.,0.,1.72E-15));
#1553 = ORIENTED_EDGE('',*,*,#1554,.F.);
#1554 = EDGE_CURVE('',#1555,#1547,#1557,.T.);
#1555 = VERTEX_POINT('',#1556);
#1556 = CARTESIAN_POINT('',(-186.424838,96.584584,-18.80000047131));
#1557 = LINE('',#1558,#1559);
#1558 = CARTESIAN_POINT('',(-186.424838,90.534584,-18.80000047131));
#1559 = VECTOR('',#1560,1.);
#1560 = DIRECTION('',(0.,-1.,0.));
#1561 = ORIENTED_EDGE('',*,*,#1562,.F.);
#1562 = EDGE_CURVE('',#1563,#1555,#1565,.T.);
#1563 = VERTEX_POINT('',#1564);
#1564 = CARTESIAN_POINT('',(-189.4248379991,96.584584,-18.80000047131));
#1565 = LINE('',#1566,#1567);
#1566 = CARTESIAN_POINT('',(-184.424838,96.584584,-18.80000047131));
#1567 = VECTOR('',#1568,1.);
#1568 = DIRECTION('',(1.,0.,-1.72E-15));
#1569 = ORIENTED_EDGE('',*,*,#1570,.F.);
#1570 = EDGE_CURVE('',#1571,#1563,#1573,.T.);
#1571 = VERTEX_POINT('',#1572);
#1572 = CARTESIAN_POINT('',(-189.4248379996,98.684584,-18.80000047131));
#1573 = LINE('',#1574,#1575);
#1574 = CARTESIAN_POINT('',(-189.424837998,91.784583997696,
    -18.80000047131));
#1575 = VECTOR('',#1576,1.);
#1576 = DIRECTION('',(2.4384608E-10,-1.,0.));
#1577 = ORIENTED_EDGE('',*,*,#1578,.F.);
#1578 = EDGE_CURVE('',#1579,#1571,#1581,.T.);
#1579 = VERTEX_POINT('',#1580);
#1580 = CARTESIAN_POINT('',(-186.1459482551,98.684584,-18.80000047131));
#1581 = LINE('',#1582,#1583);
#1582 = CARTESIAN_POINT('',(-182.424838,98.684584,-18.80000047131));
#1583 = VECTOR('',#1584,1.);
#1584 = DIRECTION('',(-1.,1.72E-15,1.72E-15));
#1585 = ORIENTED_EDGE('',*,*,#1586,.T.);
#1586 = EDGE_CURVE('',#1579,#1587,#1589,.T.);
#1587 = VERTEX_POINT('',#1588);
#1588 = CARTESIAN_POINT('',(-184.7037277448,98.684584,-18.80000047131));
#1589 = CIRCLE('',#1590,1.4);
#1590 = AXIS2_PLACEMENT_3D('',#1591,#1592,#1593);
#1591 = CARTESIAN_POINT('',(-185.424838,99.884584,-18.80000047131));
#1592 = DIRECTION('',(-1.26E-15,0.,1.));
#1593 = DIRECTION('',(1.,0.,1.26E-15));
#1594 = ORIENTED_EDGE('',*,*,#1595,.F.);
#1595 = EDGE_CURVE('',#330,#1587,#1596,.T.);
#1596 = LINE('',#1597,#1598);
#1597 = CARTESIAN_POINT('',(-182.424838,98.684584,-18.80000047131));
#1598 = VECTOR('',#1599,1.);
#1599 = DIRECTION('',(-1.,1.72E-15,1.72E-15));
#1600 = PLANE('',#1601);
#1601 = AXIS2_PLACEMENT_3D('',#1602,#1603,#1604);
#1602 = CARTESIAN_POINT('',(-182.424838,89.484584,-18.80000047131));
#1603 = DIRECTION('',(-1.72E-15,0.,-1.));
#1604 = DIRECTION('',(1.67E-15,1.,-2.8724E-30));
#1605 = ADVANCED_FACE('',(#1606),#1641,.T.);
#1606 = FACE_BOUND('',#1607,.T.);
#1607 = EDGE_LOOP('',(#1608,#1609,#1610,#1617,#1618,#1626,#1634,#1640));
#1608 = ORIENTED_EDGE('',*,*,#337,.F.);
#1609 = ORIENTED_EDGE('',*,*,#1595,.T.);
#1610 = ORIENTED_EDGE('',*,*,#1611,.F.);
#1611 = EDGE_CURVE('',#1579,#1587,#1612,.T.);
#1612 = ELLIPSE('',#1613,2.046064023143,1.4);
#1613 = AXIS2_PLACEMENT_3D('',#1614,#1615,#1616);
#1614 = CARTESIAN_POINT('',(-185.424838,99.884584,-17.52105314009));
#1615 = DIRECTION('',(-8.E-17,-0.72925636875,0.684240563426));
#1616 = DIRECTION('',(-1.66E-15,0.684240563426,0.72925636875));
#1617 = ORIENTED_EDGE('',*,*,#1578,.T.);
#1618 = ORIENTED_EDGE('',*,*,#1619,.F.);
#1619 = EDGE_CURVE('',#1620,#1571,#1622,.T.);
#1620 = VERTEX_POINT('',#1621);
#1621 = CARTESIAN_POINT('',(-189.4248379991,96.584584,-21.03815830093));
#1622 = LINE('',#1623,#1624);
#1623 = CARTESIAN_POINT('',(-189.4248379988,95.548895394249,
    -22.14198428284));
#1624 = VECTOR('',#1625,1.);
#1625 = DIRECTION('',(-1.9129735E-10,0.684240563426,0.72925636875));
#1626 = ORIENTED_EDGE('',*,*,#1627,.F.);
#1627 = EDGE_CURVE('',#1628,#1620,#1630,.T.);
#1628 = VERTEX_POINT('',#1629);
#1629 = CARTESIAN_POINT('',(-186.424838,96.584584,-21.03815830093));
#1630 = LINE('',#1631,#1632);
#1631 = CARTESIAN_POINT('',(-184.424838,96.584584,-21.03815830093));
#1632 = VECTOR('',#1633,1.);
#1633 = DIRECTION('',(-1.,0.,-1.2E-16));
#1634 = ORIENTED_EDGE('',*,*,#1635,.F.);
#1635 = EDGE_CURVE('',#1507,#1628,#1636,.T.);
#1636 = LINE('',#1637,#1638);
#1637 = CARTESIAN_POINT('',(-186.424838,98.768980600152,-18.71005146587)
  );
#1638 = VECTOR('',#1639,1.);
#1639 = DIRECTION('',(-9.8E-16,0.684240563426,0.72925636875));
#1640 = ORIENTED_EDGE('',*,*,#1514,.F.);
#1641 = PLANE('',#1642);
#1642 = AXIS2_PLACEMENT_3D('',#1643,#1644,#1645);
#1643 = CARTESIAN_POINT('',(-182.424838,98.684584,-18.80000047131));
#1644 = DIRECTION('',(-8.E-17,-0.72925636875,0.684240563426));
#1645 = DIRECTION('',(-2.39E-15,-0.684240563426,-0.72925636875));
#1646 = ADVANCED_FACE('',(#1647),#1665,.T.);
#1647 = FACE_BOUND('',#1648,.T.);
#1648 = EDGE_LOOP('',(#1649,#1657,#1658,#1659));
#1649 = ORIENTED_EDGE('',*,*,#1650,.F.);
#1650 = EDGE_CURVE('',#376,#1651,#1653,.T.);
#1651 = VERTEX_POINT('',#1652);
#1652 = CARTESIAN_POINT('',(-210.1749082916,104.684584,-33.85355517766)
  );
#1653 = LINE('',#1654,#1655);
#1654 = CARTESIAN_POINT('',(-216.0874804263,104.684584,-36.7182380171));
#1655 = VECTOR('',#1656,1.);
#1656 = DIRECTION('',(0.899934698496,0.,0.436024699349));
#1657 = ORIENTED_EDGE('',*,*,#375,.T.);
#1658 = ORIENTED_EDGE('',*,*,#1010,.F.);
#1659 = ORIENTED_EDGE('',*,*,#1660,.F.);
#1660 = EDGE_CURVE('',#1651,#1003,#1661,.T.);
#1661 = LINE('',#1662,#1663);
#1662 = CARTESIAN_POINT('',(-210.17490828,76.484583992533,
    -33.85355520988));
#1663 = VECTOR('',#1664,1.);
#1664 = DIRECTION('',(-4.1103104E-10,1.,1.14244969E-09));
#1665 = PLANE('',#1666);
#1666 = AXIS2_PLACEMENT_3D('',#1667,#1668,#1669);
#1667 = CARTESIAN_POINT('',(-224.9248379884,76.484583994635,
    -41.00000003221));
#1668 = DIRECTION('',(0.436024699349,1.2073498E-09,-0.899934698496));
#1669 = DIRECTION('',(0.899934698496,-1.2823519E-10,0.436024699349));
#1670 = ADVANCED_FACE('',(#1671),#1682,.T.);
#1671 = FACE_BOUND('',#1672,.T.);
#1672 = EDGE_LOOP('',(#1673,#1679,#1680,#1681));
#1673 = ORIENTED_EDGE('',*,*,#1674,.F.);
#1674 = EDGE_CURVE('',#1651,#521,#1675,.T.);
#1675 = LINE('',#1676,#1677);
#1676 = CARTESIAN_POINT('',(-211.6372354354,104.684584,-33.14505413063)
  );
#1677 = VECTOR('',#1678,1.);
#1678 = DIRECTION('',(0.899936329188,0.,-0.436021333661));
#1679 = ORIENTED_EDGE('',*,*,#1660,.T.);
#1680 = ORIENTED_EDGE('',*,*,#1002,.F.);
#1681 = ORIENTED_EDGE('',*,*,#528,.F.);
#1682 = PLANE('',#1683);
#1683 = AXIS2_PLACEMENT_3D('',#1684,#1685,#1686);
#1684 = CARTESIAN_POINT('',(-210.17490828,76.484583992533,
    -33.85355520988));
#1685 = DIRECTION('',(-0.436021333661,8.4891368E-10,-0.899936329188));
#1686 = DIRECTION('',(0.899936329188,8.680342E-10,-0.436021333661));
#1687 = ADVANCED_FACE('',(#1688,#1753),#1779,.T.);
#1688 = FACE_BOUND('',#1689,.T.);
#1689 = EDGE_LOOP('',(#1690,#1700,#1708,#1714,#1715,#1716,#1717,#1718,
    #1724,#1732,#1740,#1746,#1747));
#1690 = ORIENTED_EDGE('',*,*,#1691,.T.);
#1691 = EDGE_CURVE('',#1692,#1694,#1696,.T.);
#1692 = VERTEX_POINT('',#1693);
#1693 = CARTESIAN_POINT('',(-230.9248380034,104.684584,-23.79999998581)
  );
#1694 = VERTEX_POINT('',#1695);
#1695 = CARTESIAN_POINT('',(-219.3664196141,104.684584,-29.40013509796)
  );
#1696 = LINE('',#1697,#1698);
#1697 = CARTESIAN_POINT('',(-222.0121955678,104.684584,-28.11823801535)
  );
#1698 = VECTOR('',#1699,1.);
#1699 = DIRECTION('',(0.89993469853,0.,-0.43602469928));
#1700 = ORIENTED_EDGE('',*,*,#1701,.T.);
#1701 = EDGE_CURVE('',#1694,#1702,#1704,.T.);
#1702 = VERTEX_POINT('',#1703);
#1703 = CARTESIAN_POINT('',(-230.924838,104.684584,-35.));
#1704 = LINE('',#1705,#1706);
#1705 = CARTESIAN_POINT('',(-215.0557014203,104.684584,-27.31166254833)
  );
#1706 = VECTOR('',#1707,1.);
#1707 = DIRECTION('',(-0.899942953706,0.,-0.436007660568));
#1708 = ORIENTED_EDGE('',*,*,#1709,.F.);
#1709 = EDGE_CURVE('',#386,#1702,#1710,.T.);
#1710 = LINE('',#1711,#1712);
#1711 = CARTESIAN_POINT('',(-230.924838,104.684584,-45.));
#1712 = VECTOR('',#1713,1.);
#1713 = DIRECTION('',(-1.44E-15,0.,1.));
#1714 = ORIENTED_EDGE('',*,*,#385,.T.);
#1715 = ORIENTED_EDGE('',*,*,#1650,.T.);
#1716 = ORIENTED_EDGE('',*,*,#1674,.T.);
#1717 = ORIENTED_EDGE('',*,*,#520,.T.);
#1718 = ORIENTED_EDGE('',*,*,#1719,.T.);
#1719 = EDGE_CURVE('',#513,#1417,#1720,.T.);
#1720 = LINE('',#1721,#1722);
#1721 = CARTESIAN_POINT('',(-189.424838,104.684584,-45.));
#1722 = VECTOR('',#1723,1.);
#1723 = DIRECTION('',(-1.44E-15,0.,1.));
#1724 = ORIENTED_EDGE('',*,*,#1725,.F.);
#1725 = EDGE_CURVE('',#1726,#1417,#1728,.T.);
#1726 = VERTEX_POINT('',#1727);
#1727 = CARTESIAN_POINT('',(-200.9832392936,104.684584,-29.40012681438)
  );
#1728 = LINE('',#1729,#1730);
#1729 = CARTESIAN_POINT('',(-205.2939596673,104.684584,-27.31164703085)
  );
#1730 = VECTOR('',#1731,1.);
#1731 = DIRECTION('',(0.899942447643,0.,-0.436008705109));
#1732 = ORIENTED_EDGE('',*,*,#1733,.F.);
#1733 = EDGE_CURVE('',#1734,#1726,#1736,.T.);
#1734 = VERTEX_POINT('',#1735);
#1735 = CARTESIAN_POINT('',(-189.424838,104.684584,-23.79999998581));
#1736 = LINE('',#1737,#1738);
#1737 = CARTESIAN_POINT('',(-198.3374804263,104.684584,-28.11823801001)
  );
#1738 = VECTOR('',#1739,1.);
#1739 = DIRECTION('',(-0.899934698496,0.,-0.436024699349));
#1740 = ORIENTED_EDGE('',*,*,#1741,.T.);
#1741 = EDGE_CURVE('',#1734,#848,#1742,.T.);
#1742 = LINE('',#1743,#1744);
#1743 = CARTESIAN_POINT('',(-189.424838,104.684584,-45.));
#1744 = VECTOR('',#1745,1.);
#1745 = DIRECTION('',(-1.44E-15,0.,1.));
#1746 = ORIENTED_EDGE('',*,*,#847,.F.);
#1747 = ORIENTED_EDGE('',*,*,#1748,.F.);
#1748 = EDGE_CURVE('',#1692,#840,#1749,.T.);
#1749 = LINE('',#1750,#1751);
#1750 = CARTESIAN_POINT('',(-230.924838,104.684584,-45.));
#1751 = VECTOR('',#1752,1.);
#1752 = DIRECTION('',(-1.44E-15,0.,1.));
#1753 = FACE_BOUND('',#1754,.T.);
#1754 = EDGE_LOOP('',(#1755,#1765,#1773));
#1755 = ORIENTED_EDGE('',*,*,#1756,.F.);
#1756 = EDGE_CURVE('',#1757,#1759,#1761,.T.);
#1757 = VERTEX_POINT('',#1758);
#1758 = CARTESIAN_POINT('',(-210.174838002,104.684584,-24.94647886593));
#1759 = VERTEX_POINT('',#1760);
#1760 = CARTESIAN_POINT('',(-195.424838,104.684584,-17.79999998581));
#1761 = LINE('',#1762,#1763);
#1762 = CARTESIAN_POINT('',(-210.4600143116,104.684584,-25.08464879636)
  );
#1763 = VECTOR('',#1764,1.);
#1764 = DIRECTION('',(0.899934698496,0.,0.436024699349));
#1765 = ORIENTED_EDGE('',*,*,#1766,.T.);
#1766 = EDGE_CURVE('',#1757,#1767,#1769,.T.);
#1767 = VERTEX_POINT('',#1768);
#1768 = CARTESIAN_POINT('',(-224.9248380069,104.684584,-17.79999998581)
  );
#1769 = LINE('',#1770,#1771);
#1770 = CARTESIAN_POINT('',(-209.8896616813,104.684584,-25.08464880166)
  );
#1771 = VECTOR('',#1772,1.);
#1772 = DIRECTION('',(-0.89993469853,0.,0.43602469928));
#1773 = ORIENTED_EDGE('',*,*,#1774,.T.);
#1774 = EDGE_CURVE('',#1767,#1759,#1775,.T.);
#1775 = LINE('',#1776,#1777);
#1776 = CARTESIAN_POINT('',(-217.5498379976,104.684584,-17.79999998581)
  );
#1777 = VECTOR('',#1778,1.);
#1778 = DIRECTION('',(1.,0.,0.));
#1779 = PLANE('',#1780);
#1780 = AXIS2_PLACEMENT_3D('',#1781,#1782,#1783);
#1781 = CARTESIAN_POINT('',(-210.1748406492,104.684584,-26.50183746525)
  );
#1782 = DIRECTION('',(-0.,-1.,-0.));
#1783 = DIRECTION('',(0.,0.,-1.));
#1784 = ADVANCED_FACE('',(#1785,#1822),#1827,.T.);
#1785 = FACE_BOUND('',#1786,.T.);
#1786 = EDGE_LOOP('',(#1787,#1788,#1794,#1795,#1801,#1802,#1803,#1804,
    #1805,#1806,#1807,#1813,#1814,#1815,#1821));
#1787 = ORIENTED_EDGE('',*,*,#1741,.F.);
#1788 = ORIENTED_EDGE('',*,*,#1789,.T.);
#1789 = EDGE_CURVE('',#1734,#1048,#1790,.T.);
#1790 = LINE('',#1791,#1792);
#1791 = CARTESIAN_POINT('',(-189.4248379884,76.484583989576,
    -23.80000001803));
#1792 = VECTOR('',#1793,1.);
#1793 = DIRECTION('',(-4.1103104E-10,1.,1.14244969E-09));
#1794 = ORIENTED_EDGE('',*,*,#1063,.T.);
#1795 = ORIENTED_EDGE('',*,*,#1796,.F.);
#1796 = EDGE_CURVE('',#1417,#1056,#1797,.T.);
#1797 = LINE('',#1798,#1799);
#1798 = CARTESIAN_POINT('',(-189.4248379884,76.484584002371,
    -35.00000003221));
#1799 = VECTOR('',#1800,1.);
#1800 = DIRECTION('',(-4.1103104E-10,1.,1.14244969E-09));
#1801 = ORIENTED_EDGE('',*,*,#1719,.F.);
#1802 = ORIENTED_EDGE('',*,*,#512,.T.);
#1803 = ORIENTED_EDGE('',*,*,#1238,.T.);
#1804 = ORIENTED_EDGE('',*,*,#1255,.T.);
#1805 = ORIENTED_EDGE('',*,*,#1085,.T.);
#1806 = ORIENTED_EDGE('',*,*,#1110,.T.);
#1807 = ORIENTED_EDGE('',*,*,#1808,.F.);
#1808 = EDGE_CURVE('',#1620,#1111,#1809,.T.);
#1809 = LINE('',#1810,#1811);
#1810 = CARTESIAN_POINT('',(-189.4248379991,96.584584,-19.42608695711));
#1811 = VECTOR('',#1812,1.);
#1812 = DIRECTION('',(3.352453E-11,0.,-1.));
#1813 = ORIENTED_EDGE('',*,*,#1619,.T.);
#1814 = ORIENTED_EDGE('',*,*,#1570,.T.);
#1815 = ORIENTED_EDGE('',*,*,#1816,.F.);
#1816 = EDGE_CURVE('',#856,#1563,#1817,.T.);
#1817 = LINE('',#1818,#1819);
#1818 = CARTESIAN_POINT('',(-189.4248379991,96.584584,-19.42608695711));
#1819 = VECTOR('',#1820,1.);
#1820 = DIRECTION('',(3.352453E-11,0.,-1.));
#1821 = ORIENTED_EDGE('',*,*,#855,.F.);
#1822 = FACE_BOUND('',#1823,.T.);
#1823 = EDGE_LOOP('',(#1824,#1825,#1826));
#1824 = ORIENTED_EDGE('',*,*,#1449,.F.);
#1825 = ORIENTED_EDGE('',*,*,#1424,.F.);
#1826 = ORIENTED_EDGE('',*,*,#1375,.F.);
#1827 = PLANE('',#1828);
#1828 = AXIS2_PLACEMENT_3D('',#1829,#1830,#1831);
#1829 = CARTESIAN_POINT('',(-189.4248379982,94.084583997099,
    -27.05217391413));
#1830 = DIRECTION('',(-1.,-2.4384608E-10,-3.352453E-11));
#1831 = DIRECTION('',(2.4384608E-10,-1.,0.));
#1832 = ADVANCED_FACE('',(#1833,#1882),#1887,.T.);
#1833 = FACE_BOUND('',#1834,.T.);
#1834 = EDGE_LOOP('',(#1835,#1836,#1842,#1843,#1844,#1850,#1851,#1852,
    #1853,#1854,#1855,#1861,#1867,#1868,#1876));
#1835 = ORIENTED_EDGE('',*,*,#887,.F.);
#1836 = ORIENTED_EDGE('',*,*,#1837,.F.);
#1837 = EDGE_CURVE('',#1539,#880,#1838,.T.);
#1838 = LINE('',#1839,#1840);
#1839 = CARTESIAN_POINT('',(-189.4248379979,91.584584,-19.42608695701));
#1840 = VECTOR('',#1841,1.);
#1841 = DIRECTION('',(-3.352453E-11,0.,1.));
#1842 = ORIENTED_EDGE('',*,*,#1538,.T.);
#1843 = ORIENTED_EDGE('',*,*,#1490,.F.);
#1844 = ORIENTED_EDGE('',*,*,#1845,.F.);
#1845 = EDGE_CURVE('',#1135,#1491,#1846,.T.);
#1846 = LINE('',#1847,#1848);
#1847 = CARTESIAN_POINT('',(-189.4248379979,91.584584,-19.42608695701));
#1848 = VECTOR('',#1849,1.);
#1849 = DIRECTION('',(-3.352453E-11,0.,1.));
#1850 = ORIENTED_EDGE('',*,*,#1142,.T.);
#1851 = ORIENTED_EDGE('',*,*,#1165,.T.);
#1852 = ORIENTED_EDGE('',*,*,#1190,.T.);
#1853 = ORIENTED_EDGE('',*,*,#1214,.T.);
#1854 = ORIENTED_EDGE('',*,*,#473,.T.);
#1855 = ORIENTED_EDGE('',*,*,#1856,.T.);
#1856 = EDGE_CURVE('',#466,#1272,#1857,.T.);
#1857 = LINE('',#1858,#1859);
#1858 = CARTESIAN_POINT('',(-189.424838,83.484584,-45.));
#1859 = VECTOR('',#1860,1.);
#1860 = DIRECTION('',(-1.44E-15,0.,1.));
#1861 = ORIENTED_EDGE('',*,*,#1862,.F.);
#1862 = EDGE_CURVE('',#793,#1272,#1863,.T.);
#1863 = LINE('',#1864,#1865);
#1864 = CARTESIAN_POINT('',(-189.4248379884,76.484584002371,
    -35.00000003221));
#1865 = VECTOR('',#1866,1.);
#1866 = DIRECTION('',(-4.1103104E-10,1.,1.14244969E-09));
#1867 = ORIENTED_EDGE('',*,*,#792,.T.);
#1868 = ORIENTED_EDGE('',*,*,#1869,.T.);
#1869 = EDGE_CURVE('',#783,#1870,#1872,.T.);
#1870 = VERTEX_POINT('',#1871);
#1871 = CARTESIAN_POINT('',(-189.4248379956,83.484584,-23.80000001003));
#1872 = LINE('',#1873,#1874);
#1873 = CARTESIAN_POINT('',(-189.4248379884,76.484583989576,
    -23.80000001803));
#1874 = VECTOR('',#1875,1.);
#1875 = DIRECTION('',(-4.1103104E-10,1.,1.14244969E-09));
#1876 = ORIENTED_EDGE('',*,*,#1877,.T.);
#1877 = EDGE_CURVE('',#1870,#888,#1878,.T.);
#1878 = LINE('',#1879,#1880);
#1879 = CARTESIAN_POINT('',(-189.424838,83.484584,-45.));
#1880 = VECTOR('',#1881,1.);
#1881 = DIRECTION('',(-1.44E-15,0.,1.));
#1882 = FACE_BOUND('',#1883,.T.);
#1883 = EDGE_LOOP('',(#1884,#1885,#1886));
#1884 = ORIENTED_EDGE('',*,*,#1279,.T.);
#1885 = ORIENTED_EDGE('',*,*,#1303,.F.);
#1886 = ORIENTED_EDGE('',*,*,#1343,.T.);
#1887 = PLANE('',#1888);
#1888 = AXIS2_PLACEMENT_3D('',#1889,#1890,#1891);
#1889 = CARTESIAN_POINT('',(-189.4248379982,94.084583997099,
    -27.05217391413));
#1890 = DIRECTION('',(-1.,-2.4384608E-10,-3.352453E-11));
#1891 = DIRECTION('',(2.4384608E-10,-1.,0.));
#1892 = ADVANCED_FACE('',(#1893,#1958),#1984,.T.);
#1893 = FACE_BOUND('',#1894,.T.);
#1894 = EDGE_LOOP('',(#1895,#1903,#1909,#1910,#1911,#1919,#1925,#1926,
    #1934,#1942,#1950,#1956,#1957));
#1895 = ORIENTED_EDGE('',*,*,#1896,.F.);
#1896 = EDGE_CURVE('',#1897,#1870,#1899,.T.);
#1897 = VERTEX_POINT('',#1898);
#1898 = CARTESIAN_POINT('',(-200.9832392848,83.484584,-29.4001268386));
#1899 = LINE('',#1900,#1901);
#1900 = CARTESIAN_POINT('',(-198.3374804151,83.484584,-28.11823803305));
#1901 = VECTOR('',#1902,1.);
#1902 = DIRECTION('',(0.899934698496,0.,0.436024699349));
#1903 = ORIENTED_EDGE('',*,*,#1904,.F.);
#1904 = EDGE_CURVE('',#1272,#1897,#1905,.T.);
#1905 = LINE('',#1906,#1907);
#1906 = CARTESIAN_POINT('',(-205.2939596751,83.484584,-27.31164704705));
#1907 = VECTOR('',#1908,1.);
#1908 = DIRECTION('',(-0.899942447643,0.,0.436008705109));
#1909 = ORIENTED_EDGE('',*,*,#1856,.F.);
#1910 = ORIENTED_EDGE('',*,*,#465,.T.);
#1911 = ORIENTED_EDGE('',*,*,#1912,.T.);
#1912 = EDGE_CURVE('',#458,#1913,#1915,.T.);
#1913 = VERTEX_POINT('',#1914);
#1914 = CARTESIAN_POINT('',(-210.1749082829,83.484584,-33.85355520188));
#1915 = LINE('',#1916,#1917);
#1916 = CARTESIAN_POINT('',(-211.6372354433,83.484584,-33.14505414683));
#1917 = VECTOR('',#1918,1.);
#1918 = DIRECTION('',(-0.899936329188,0.,0.436021333661));
#1919 = ORIENTED_EDGE('',*,*,#1920,.T.);
#1920 = EDGE_CURVE('',#1913,#434,#1921,.T.);
#1921 = LINE('',#1922,#1923);
#1922 = CARTESIAN_POINT('',(-216.0874804151,83.484584,-36.71823804014));
#1923 = VECTOR('',#1924,1.);
#1924 = DIRECTION('',(-0.899934698496,0.,-0.436024699349));
#1925 = ORIENTED_EDGE('',*,*,#433,.T.);
#1926 = ORIENTED_EDGE('',*,*,#1927,.T.);
#1927 = EDGE_CURVE('',#426,#1928,#1930,.T.);
#1928 = VERTEX_POINT('',#1929);
#1929 = CARTESIAN_POINT('',(-230.9248379956,83.484584,-35.00000002422));
#1930 = LINE('',#1931,#1932);
#1931 = CARTESIAN_POINT('',(-230.924838,83.484584,-15.8));
#1932 = VECTOR('',#1933,1.);
#1933 = DIRECTION('',(-1.26E-15,0.,1.));
#1934 = ORIENTED_EDGE('',*,*,#1935,.T.);
#1935 = EDGE_CURVE('',#1928,#1936,#1938,.T.);
#1936 = VERTEX_POINT('',#1937);
#1937 = CARTESIAN_POINT('',(-219.3664196054,83.484584,-29.40013512218));
#1938 = LINE('',#1939,#1940);
#1939 = CARTESIAN_POINT('',(-215.0557014091,83.484584,-27.31166257137));
#1940 = VECTOR('',#1941,1.);
#1941 = DIRECTION('',(0.899942953706,0.,0.436007660568));
#1942 = ORIENTED_EDGE('',*,*,#1943,.T.);
#1943 = EDGE_CURVE('',#1936,#1944,#1946,.T.);
#1944 = VERTEX_POINT('',#1945);
#1945 = CARTESIAN_POINT('',(-230.9248379991,83.484584,-23.80000001003));
#1946 = LINE('',#1947,#1948);
#1947 = CARTESIAN_POINT('',(-222.0121955757,83.484584,-28.11823803155));
#1948 = VECTOR('',#1949,1.);
#1949 = DIRECTION('',(-0.89993469853,0.,0.43602469928));
#1950 = ORIENTED_EDGE('',*,*,#1951,.T.);
#1951 = EDGE_CURVE('',#1944,#896,#1952,.T.);
#1952 = LINE('',#1953,#1954);
#1953 = CARTESIAN_POINT('',(-230.924838,83.484584,-15.8));
#1954 = VECTOR('',#1955,1.);
#1955 = DIRECTION('',(-1.26E-15,0.,1.));
#1956 = ORIENTED_EDGE('',*,*,#895,.F.);
#1957 = ORIENTED_EDGE('',*,*,#1877,.F.);
#1958 = FACE_BOUND('',#1959,.T.);
#1959 = EDGE_LOOP('',(#1960,#1970,#1978));
#1960 = ORIENTED_EDGE('',*,*,#1961,.T.);
#1961 = EDGE_CURVE('',#1962,#1964,#1966,.T.);
#1962 = VERTEX_POINT('',#1963);
#1963 = CARTESIAN_POINT('',(-224.9248379982,83.484584,-17.80000001003));
#1964 = VERTEX_POINT('',#1965);
#1965 = CARTESIAN_POINT('',(-210.1748379933,83.484584,-24.94647889015));
#1966 = LINE('',#1967,#1968);
#1967 = CARTESIAN_POINT('',(-209.8896616892,83.484584,-25.08464881785));
#1968 = VECTOR('',#1969,1.);
#1969 = DIRECTION('',(0.89993469853,0.,-0.43602469928));
#1970 = ORIENTED_EDGE('',*,*,#1971,.F.);
#1971 = EDGE_CURVE('',#1972,#1964,#1974,.T.);
#1972 = VERTEX_POINT('',#1973);
#1973 = CARTESIAN_POINT('',(-195.4248379912,83.484584,-17.80000001003));
#1974 = LINE('',#1975,#1976);
#1975 = CARTESIAN_POINT('',(-210.4600143005,83.484584,-25.08464881939));
#1976 = VECTOR('',#1977,1.);
#1977 = DIRECTION('',(-0.899934698496,0.,-0.436024699349));
#1978 = ORIENTED_EDGE('',*,*,#1979,.T.);
#1979 = EDGE_CURVE('',#1972,#1962,#1980,.T.);
#1980 = LINE('',#1981,#1982);
#1981 = CARTESIAN_POINT('',(-217.5498379976,83.484584,-17.80000001003));
#1982 = VECTOR('',#1983,1.);
#1983 = DIRECTION('',(-1.,0.,0.));
#1984 = PLANE('',#1985);
#1985 = AXIS2_PLACEMENT_3D('',#1986,#1987,#1988);
#1986 = CARTESIAN_POINT('',(-210.1748406496,83.484584,-26.50183746415));
#1987 = DIRECTION('',(0.,1.,3.4E-16));
#1988 = DIRECTION('',(0.,-3.4E-16,1.));
#1989 = ADVANCED_FACE('',(#1990),#2001,.T.);
#1990 = FACE_BOUND('',#1991,.T.);
#1991 = EDGE_LOOP('',(#1992,#1993,#1999,#2000));
#1992 = ORIENTED_EDGE('',*,*,#817,.F.);
#1993 = ORIENTED_EDGE('',*,*,#1994,.T.);
#1994 = EDGE_CURVE('',#810,#1913,#1995,.T.);
#1995 = LINE('',#1996,#1997);
#1996 = CARTESIAN_POINT('',(-210.17490828,76.484583992533,
    -33.85355520988));
#1997 = VECTOR('',#1998,1.);
#1998 = DIRECTION('',(-4.1103104E-10,1.,1.14244969E-09));
#1999 = ORIENTED_EDGE('',*,*,#1912,.F.);
#2000 = ORIENTED_EDGE('',*,*,#457,.F.);
#2001 = PLANE('',#2002);
#2002 = AXIS2_PLACEMENT_3D('',#2003,#2004,#2005);
#2003 = CARTESIAN_POINT('',(-210.17490828,76.484583992533,
    -33.85355520988));
#2004 = DIRECTION('',(-0.436021333661,8.4891368E-10,-0.899936329188));
#2005 = DIRECTION('',(0.899936329188,8.680342E-10,-0.436021333661));
#2006 = ADVANCED_FACE('',(#2007),#2013,.T.);
#2007 = FACE_BOUND('',#2008,.T.);
#2008 = EDGE_LOOP('',(#2009,#2010,#2011,#2012));
#2009 = ORIENTED_EDGE('',*,*,#809,.F.);
#2010 = ORIENTED_EDGE('',*,*,#441,.T.);
#2011 = ORIENTED_EDGE('',*,*,#1920,.F.);
#2012 = ORIENTED_EDGE('',*,*,#1994,.F.);
#2013 = PLANE('',#2014);
#2014 = AXIS2_PLACEMENT_3D('',#2015,#2016,#2017);
#2015 = CARTESIAN_POINT('',(-224.9248379884,76.484583994635,
    -41.00000003221));
#2016 = DIRECTION('',(0.436024699349,1.2073498E-09,-0.899934698496));
#2017 = DIRECTION('',(0.899934698496,-1.2823519E-10,0.436024699349));
#2018 = ADVANCED_FACE('',(#2019,#2073,#2097,#2121),#2147,.T.);
#2019 = FACE_BOUND('',#2020,.T.);
#2020 = EDGE_LOOP('',(#2021,#2027,#2028,#2034,#2035,#2041,#2042,#2048,
    #2049,#2050,#2058,#2064,#2065,#2066,#2072));
#2021 = ORIENTED_EDGE('',*,*,#2022,.F.);
#2022 = EDGE_CURVE('',#1692,#987,#2023,.T.);
#2023 = LINE('',#2024,#2025);
#2024 = CARTESIAN_POINT('',(-230.9248379953,76.484583972518,
    -23.80000001803));
#2025 = VECTOR('',#2026,1.);
#2026 = DIRECTION('',(-4.1103104E-10,1.,1.14244969E-09));
#2027 = ORIENTED_EDGE('',*,*,#1748,.T.);
#2028 = ORIENTED_EDGE('',*,*,#2029,.T.);
#2029 = EDGE_CURVE('',#840,#896,#2030,.T.);
#2030 = LINE('',#2031,#2032);
#2031 = CARTESIAN_POINT('',(-230.924838,111.684584,-11.8));
#2032 = VECTOR('',#2033,1.);
#2033 = DIRECTION('',(2.2E-16,-1.,-1.1E-16));
#2034 = ORIENTED_EDGE('',*,*,#1951,.F.);
#2035 = ORIENTED_EDGE('',*,*,#2036,.F.);
#2036 = EDGE_CURVE('',#733,#1944,#2037,.T.);
#2037 = LINE('',#2038,#2039);
#2038 = CARTESIAN_POINT('',(-230.9248379953,76.484583972518,
    -23.80000001803));
#2039 = VECTOR('',#2040,1.);
#2040 = DIRECTION('',(-4.1103104E-10,1.,1.14244969E-09));
#2041 = ORIENTED_EDGE('',*,*,#730,.F.);
#2042 = ORIENTED_EDGE('',*,*,#2043,.T.);
#2043 = EDGE_CURVE('',#731,#1928,#2044,.T.);
#2044 = LINE('',#2045,#2046);
#2045 = CARTESIAN_POINT('',(-230.9248379884,76.484583985314,
    -35.00000003221));
#2046 = VECTOR('',#2047,1.);
#2047 = DIRECTION('',(-4.1103104E-10,1.,1.14244969E-09));
#2048 = ORIENTED_EDGE('',*,*,#1927,.F.);
#2049 = ORIENTED_EDGE('',*,*,#425,.F.);
#2050 = ORIENTED_EDGE('',*,*,#2051,.T.);
#2051 = EDGE_CURVE('',#418,#2052,#2054,.T.);
#2052 = VERTEX_POINT('',#2053);
#2053 = CARTESIAN_POINT('',(-230.924837999,94.080378257164,-36.101851));
#2054 = LINE('',#2055,#2056);
#2055 = CARTESIAN_POINT('',(-230.9248379989,94.041300308205,
    -36.14349986544));
#2056 = VECTOR('',#2057,1.);
#2057 = DIRECTION('',(-2.1820313E-10,0.684240563426,0.72925636875));
#2058 = ORIENTED_EDGE('',*,*,#2059,.T.);
#2059 = EDGE_CURVE('',#2052,#394,#2060,.T.);
#2060 = LINE('',#2061,#2062);
#2061 = CARTESIAN_POINT('',(-230.9248379986,91.823271087024,
    -33.70064483202));
#2062 = VECTOR('',#2063,1.);
#2063 = DIRECTION('',(-1.1570234E-10,0.68490571908,-0.728631701185));
#2064 = ORIENTED_EDGE('',*,*,#393,.F.);
#2065 = ORIENTED_EDGE('',*,*,#1709,.T.);
#2066 = ORIENTED_EDGE('',*,*,#2067,.T.);
#2067 = EDGE_CURVE('',#1702,#977,#2068,.T.);
#2068 = LINE('',#2069,#2070);
#2069 = CARTESIAN_POINT('',(-230.9248379884,76.484583985314,
    -35.00000003221));
#2070 = VECTOR('',#2071,1.);
#2071 = DIRECTION('',(-4.1103104E-10,1.,1.14244969E-09));
#2072 = ORIENTED_EDGE('',*,*,#994,.F.);
#2073 = FACE_BOUND('',#2074,.T.);
#2074 = EDGE_LOOP('',(#2075,#2083,#2091));
#2075 = ORIENTED_EDGE('',*,*,#2076,.F.);
#2076 = EDGE_CURVE('',#1928,#2077,#2079,.T.);
#2077 = VERTEX_POINT('',#2078);
#2078 = CARTESIAN_POINT('',(-230.924837998,88.252152336235,-29.918776));
#2079 = LINE('',#2080,#2081);
#2080 = CARTESIAN_POINT('',(-230.9248379979,87.948895388209,
    -30.24198405362));
#2081 = VECTOR('',#2082,1.);
#2082 = DIRECTION('',(-2.1820313E-10,0.684240563426,0.72925636875));
#2083 = ORIENTED_EDGE('',*,*,#2084,.T.);
#2084 = EDGE_CURVE('',#1928,#2085,#2087,.T.);
#2085 = VERTEX_POINT('',#2086);
#2086 = CARTESIAN_POINT('',(-230.9248379972,83.484584,-24.80000047131));
#2087 = LINE('',#2088,#2089);
#2088 = CARTESIAN_POINT('',(-230.9248379967,83.484584,-31.02608695877));
#2089 = VECTOR('',#2090,1.);
#2090 = DIRECTION('',(-7.041898E-11,0.,1.));
#2091 = ORIENTED_EDGE('',*,*,#2092,.T.);
#2092 = EDGE_CURVE('',#2085,#2077,#2093,.T.);
#2093 = LINE('',#2094,#2095);
#2094 = CARTESIAN_POINT('',(-230.9248379977,86.508165618769,
    -28.04631693866));
#2095 = VECTOR('',#2096,1.);
#2096 = DIRECTION('',(-1.146652E-10,0.681557259704,-0.731764785805));
#2097 = FACE_BOUND('',#2098,.T.);
#2098 = EDGE_LOOP('',(#2099,#2107,#2115));
#2099 = ORIENTED_EDGE('',*,*,#2100,.F.);
#2100 = EDGE_CURVE('',#1702,#2101,#2103,.T.);
#2101 = VERTEX_POINT('',#2102);
#2102 = CARTESIAN_POINT('',(-230.9248380023,104.684584,-24.80000047131)
  );
#2103 = LINE('',#2104,#2105);
#2104 = CARTESIAN_POINT('',(-230.9248380019,104.684584,-31.02608695877)
  );
#2105 = VECTOR('',#2106,1.);
#2106 = DIRECTION('',(-7.041898E-11,0.,1.));
#2107 = ORIENTED_EDGE('',*,*,#2108,.F.);
#2108 = EDGE_CURVE('',#2109,#1702,#2111,.T.);
#2109 = VERTEX_POINT('',#2110);
#2110 = CARTESIAN_POINT('',(-230.9248380008,99.894900056021,
    -29.90479505256));
#2111 = LINE('',#2112,#2113);
#2112 = CARTESIAN_POINT('',(-230.9248380005,97.820233594303,
    -27.69779122022));
#2113 = VECTOR('',#2114,1.);
#2114 = DIRECTION('',(-1.1570817E-10,0.684924531324,-0.728614017426));
#2115 = ORIENTED_EDGE('',*,*,#2116,.F.);
#2116 = EDGE_CURVE('',#2101,#2109,#2117,.T.);
#2117 = LINE('',#2118,#2119);
#2118 = CARTESIAN_POINT('',(-230.9248380014,101.6413003082,
    -28.04350010109));
#2119 = VECTOR('',#2120,1.);
#2120 = DIRECTION('',(2.1820313E-10,-0.684240563426,-0.72925636875));
#2121 = FACE_BOUND('',#2122,.T.);
#2122 = EDGE_LOOP('',(#2123,#2133,#2141));
#2123 = ORIENTED_EDGE('',*,*,#2124,.F.);
#2124 = EDGE_CURVE('',#2125,#2127,#2129,.T.);
#2125 = VERTEX_POINT('',#2126);
#2126 = CARTESIAN_POINT('',(-230.9248379991,89.484584,-18.80000047131));
#2127 = VERTEX_POINT('',#2128);
#2128 = CARTESIAN_POINT('',(-230.9248379998,94.084584,-23.70263190762));
#2129 = LINE('',#2130,#2131);
#2130 = CARTESIAN_POINT('',(-230.9248379996,92.620272599142,
    -22.14198427579));
#2131 = VECTOR('',#2132,1.);
#2132 = DIRECTION('',(-1.1549615E-10,0.684240563426,-0.72925636875));
#2133 = ORIENTED_EDGE('',*,*,#2134,.T.);
#2134 = EDGE_CURVE('',#2125,#2135,#2137,.T.);
#2135 = VERTEX_POINT('',#2136);
#2136 = CARTESIAN_POINT('',(-230.9248380013,98.684584,-18.80000047131));
#2137 = LINE('',#2138,#2139);
#2138 = CARTESIAN_POINT('',(-230.9248379996,91.784583986491,
    -18.80000047131));
#2139 = VECTOR('',#2140,1.);
#2140 = DIRECTION('',(-2.4384646E-10,1.,0.));
#2141 = ORIENTED_EDGE('',*,*,#2142,.T.);
#2142 = EDGE_CURVE('',#2135,#2127,#2143,.T.);
#2143 = LINE('',#2144,#2145);
#2144 = CARTESIAN_POINT('',(-230.9248380003,95.548895388209,
    -22.14198428927));
#2145 = VECTOR('',#2146,1.);
#2146 = DIRECTION('',(2.1820313E-10,-0.684240563426,-0.72925636875));
#2147 = PLANE('',#2148);
#2148 = AXIS2_PLACEMENT_3D('',#2149,#2150,#2151);
#2149 = CARTESIAN_POINT('',(-230.9248379996,94.084583984809,
    -27.05217391413));
#2150 = DIRECTION('',(1.,2.4384646E-10,7.041898E-11));
#2151 = DIRECTION('',(-2.4384646E-10,1.,0.));
#2152 = ADVANCED_FACE('',(#2153),#2171,.T.);
#2153 = FACE_BOUND('',#2154,.T.);
#2154 = EDGE_LOOP('',(#2155,#2156,#2157,#2165));
#2155 = ORIENTED_EDGE('',*,*,#2051,.F.);
#2156 = ORIENTED_EDGE('',*,*,#417,.T.);
#2157 = ORIENTED_EDGE('',*,*,#2158,.T.);
#2158 = EDGE_CURVE('',#410,#2159,#2161,.T.);
#2159 = VERTEX_POINT('',#2160);
#2160 = CARTESIAN_POINT('',(-244.924838,94.080378257164,-36.101851));
#2161 = LINE('',#2162,#2163);
#2162 = CARTESIAN_POINT('',(-244.924838,96.670609700887,-33.34120967318)
  );
#2163 = VECTOR('',#2164,1.);
#2164 = DIRECTION('',(0.,0.684240563426,0.72925636875));
#2165 = ORIENTED_EDGE('',*,*,#2166,.F.);
#2166 = EDGE_CURVE('',#2052,#2159,#2167,.T.);
#2167 = LINE('',#2168,#2169);
#2168 = CARTESIAN_POINT('',(-182.424838,94.080378257163,-36.101851));
#2169 = VECTOR('',#2170,1.);
#2170 = DIRECTION('',(-1.,1.72E-15,1.72E-15));
#2171 = PLANE('',#2172);
#2172 = AXIS2_PLACEMENT_3D('',#2173,#2174,#2175);
#2173 = CARTESIAN_POINT('',(-182.424838,89.484584,-41.));
#2174 = DIRECTION('',(8.E-17,0.72925636875,-0.684240563426));
#2175 = DIRECTION('',(2.39E-15,0.684240563426,0.72925636875));
#2176 = ADVANCED_FACE('',(#2177,#2188,#2198,#2224,#2250),#2276,.F.);
#2177 = FACE_BOUND('',#2178,.F.);
#2178 = EDGE_LOOP('',(#2179,#2185,#2186,#2187));
#2179 = ORIENTED_EDGE('',*,*,#2180,.F.);
#2180 = EDGE_CURVE('',#689,#961,#2181,.T.);
#2181 = LINE('',#2182,#2183);
#2182 = CARTESIAN_POINT('',(-244.924838,76.484584,0.));
#2183 = VECTOR('',#2184,1.);
#2184 = DIRECTION('',(0.,1.,0.));
#2185 = ORIENTED_EDGE('',*,*,#698,.T.);
#2186 = ORIENTED_EDGE('',*,*,#558,.T.);
#2187 = ORIENTED_EDGE('',*,*,#960,.F.);
#2188 = FACE_BOUND('',#2189,.F.);
#2189 = EDGE_LOOP('',(#2190,#2191,#2192));
#2190 = ORIENTED_EDGE('',*,*,#409,.T.);
#2191 = ORIENTED_EDGE('',*,*,#2158,.T.);
#2192 = ORIENTED_EDGE('',*,*,#2193,.T.);
#2193 = EDGE_CURVE('',#2159,#402,#2194,.T.);
#2194 = LINE('',#2195,#2196);
#2195 = CARTESIAN_POINT('',(-244.924838,80.94511486535,-22.12800168897)
  );
#2196 = VECTOR('',#2197,1.);
#2197 = DIRECTION('',(0.,0.68490571908,-0.728631701185));
#2198 = FACE_BOUND('',#2199,.F.);
#2199 = EDGE_LOOP('',(#2200,#2210,#2218));
#2200 = ORIENTED_EDGE('',*,*,#2201,.T.);
#2201 = EDGE_CURVE('',#2202,#2204,#2206,.T.);
#2202 = VERTEX_POINT('',#2203);
#2203 = CARTESIAN_POINT('',(-244.924838,83.484584,-35.));
#2204 = VERTEX_POINT('',#2205);
#2205 = CARTESIAN_POINT('',(-244.924838,83.484584,-24.80000047131));
#2206 = LINE('',#2207,#2208);
#2207 = CARTESIAN_POINT('',(-244.924838,83.484584,-17.5));
#2208 = VECTOR('',#2209,1.);
#2209 = DIRECTION('',(0.,0.,1.));
#2210 = ORIENTED_EDGE('',*,*,#2211,.T.);
#2211 = EDGE_CURVE('',#2204,#2212,#2214,.T.);
#2212 = VERTEX_POINT('',#2213);
#2213 = CARTESIAN_POINT('',(-244.924838,88.252152336235,-29.918776));
#2214 = LINE('',#2215,#2216);
#2215 = CARTESIAN_POINT('',(-244.924838,75.674391771773,-16.41446343592)
  );
#2216 = VECTOR('',#2217,1.);
#2217 = DIRECTION('',(0.,0.681557259704,-0.731764785805));
#2218 = ORIENTED_EDGE('',*,*,#2219,.F.);
#2219 = EDGE_CURVE('',#2202,#2212,#2220,.T.);
#2220 = LINE('',#2221,#2222);
#2221 = CARTESIAN_POINT('',(-244.924838,90.578204780892,-27.43969386137)
  );
#2222 = VECTOR('',#2223,1.);
#2223 = DIRECTION('',(0.,0.684240563426,0.72925636875));
#2224 = FACE_BOUND('',#2225,.F.);
#2225 = EDGE_LOOP('',(#2226,#2236,#2244));
#2226 = ORIENTED_EDGE('',*,*,#2227,.F.);
#2227 = EDGE_CURVE('',#2228,#2230,#2232,.T.);
#2228 = VERTEX_POINT('',#2229);
#2229 = CARTESIAN_POINT('',(-244.924838,104.684584,-24.80000047131));
#2230 = VERTEX_POINT('',#2231);
#2231 = CARTESIAN_POINT('',(-244.924838,99.894900056021,-29.90479505256)
  );
#2232 = LINE('',#2233,#2234);
#2233 = CARTESIAN_POINT('',(-244.924838,104.27060970088,-25.24120990884)
  );
#2234 = VECTOR('',#2235,1.);
#2235 = DIRECTION('',(0.,-0.684240563426,-0.72925636875));
#2236 = ORIENTED_EDGE('',*,*,#2237,.F.);
#2237 = EDGE_CURVE('',#2238,#2228,#2240,.T.);
#2238 = VERTEX_POINT('',#2239);
#2239 = CARTESIAN_POINT('',(-244.924838,104.684584,-35.));
#2240 = LINE('',#2241,#2242);
#2241 = CARTESIAN_POINT('',(-244.924838,104.684584,-17.5));
#2242 = VECTOR('',#2243,1.);
#2243 = DIRECTION('',(0.,0.,1.));
#2244 = ORIENTED_EDGE('',*,*,#2245,.F.);
#2245 = EDGE_CURVE('',#2230,#2238,#2246,.T.);
#2246 = LINE('',#2247,#2248);
#2247 = CARTESIAN_POINT('',(-244.924838,86.941829024075,-16.12548260138)
  );
#2248 = VECTOR('',#2249,1.);
#2249 = DIRECTION('',(0.,0.684924531324,-0.728614017426));
#2250 = FACE_BOUND('',#2251,.F.);
#2251 = EDGE_LOOP('',(#2252,#2262,#2270));
#2252 = ORIENTED_EDGE('',*,*,#2253,.F.);
#2253 = EDGE_CURVE('',#2254,#2256,#2258,.T.);
#2254 = VERTEX_POINT('',#2255);
#2255 = CARTESIAN_POINT('',(-244.924838,89.484584,-18.80000047131));
#2256 = VERTEX_POINT('',#2257);
#2257 = CARTESIAN_POINT('',(-244.924838,94.084584,-23.70263190762));
#2258 = LINE('',#2259,#2260);
#2259 = CARTESIAN_POINT('',(-244.924838,81.750904603098,-10.55752661704)
  );
#2260 = VECTOR('',#2261,1.);
#2261 = DIRECTION('',(0.,0.684240563426,-0.72925636875));
#2262 = ORIENTED_EDGE('',*,*,#2263,.T.);
#2263 = EDGE_CURVE('',#2254,#2264,#2266,.T.);
#2264 = VERTEX_POINT('',#2265);
#2265 = CARTESIAN_POINT('',(-244.924838,98.684584,-18.80000047131));
#2266 = LINE('',#2267,#2268);
#2267 = CARTESIAN_POINT('',(-244.924838,82.984584,-18.80000047131));
#2268 = VECTOR('',#2269,1.);
#2269 = DIRECTION('',(0.,1.,0.));
#2270 = ORIENTED_EDGE('',*,*,#2271,.T.);
#2271 = EDGE_CURVE('',#2264,#2256,#2272,.T.);
#2272 = LINE('',#2273,#2274);
#2273 = CARTESIAN_POINT('',(-244.924838,98.178204780892,-19.33969409702)
  );
#2274 = VECTOR('',#2275,1.);
#2275 = DIRECTION('',(0.,-0.684240563426,-0.72925636875));
#2276 = PLANE('',#2277);
#2277 = AXIS2_PLACEMENT_3D('',#2278,#2279,#2280);
#2278 = CARTESIAN_POINT('',(-244.924838,76.484584,0.));
#2279 = DIRECTION('',(1.,0.,0.));
#2280 = DIRECTION('',(0.,1.,0.));
#2281 = ADVANCED_FACE('',(#2282),#2288,.T.);
#2282 = FACE_BOUND('',#2283,.T.);
#2283 = EDGE_LOOP('',(#2284,#2285,#2286,#2287));
#2284 = ORIENTED_EDGE('',*,*,#2059,.F.);
#2285 = ORIENTED_EDGE('',*,*,#2166,.T.);
#2286 = ORIENTED_EDGE('',*,*,#2193,.T.);
#2287 = ORIENTED_EDGE('',*,*,#401,.F.);
#2288 = PLANE('',#2289);
#2289 = AXIS2_PLACEMENT_3D('',#2290,#2291,#2292);
#2290 = CARTESIAN_POINT('',(-182.424838,94.080378257163,-36.101851));
#2291 = DIRECTION('',(-2.43E-15,-0.728631701185,-0.68490571908));
#2292 = DIRECTION('',(-1.1E-16,0.68490571908,-0.728631701185));
#2293 = ADVANCED_FACE('',(#2294),#2313,.F.);
#2294 = FACE_BOUND('',#2295,.F.);
#2295 = EDGE_LOOP('',(#2296,#2297,#2305,#2312));
#2296 = ORIENTED_EDGE('',*,*,#575,.F.);
#2297 = ORIENTED_EDGE('',*,*,#2298,.T.);
#2298 = EDGE_CURVE('',#576,#2299,#2301,.T.);
#2299 = VERTEX_POINT('',#2300);
#2300 = CARTESIAN_POINT('',(-236.524838,85.284584,-33.08157900318));
#2301 = LINE('',#2302,#2303);
#2302 = CARTESIAN_POINT('',(-236.524838,85.284584,-47.));
#2303 = VECTOR('',#2304,1.);
#2304 = DIRECTION('',(1.81E-15,0.,1.));
#2305 = ORIENTED_EDGE('',*,*,#2306,.T.);
#2306 = EDGE_CURVE('',#2299,#2299,#2307,.T.);
#2307 = ELLIPSE('',#2308,2.046064023143,1.4);
#2308 = AXIS2_PLACEMENT_3D('',#2309,#2310,#2311);
#2309 = CARTESIAN_POINT('',(-237.924838,85.284584,-33.08157900318));
#2310 = DIRECTION('',(8.E-17,0.72925636875,-0.684240563426));
#2311 = DIRECTION('',(-2.55E-15,-0.684240563426,-0.72925636875));
#2312 = ORIENTED_EDGE('',*,*,#2298,.F.);
#2313 = CYLINDRICAL_SURFACE('',#2314,1.4);
#2314 = AXIS2_PLACEMENT_3D('',#2315,#2316,#2317);
#2315 = CARTESIAN_POINT('',(-237.924838,85.284584,-47.));
#2316 = DIRECTION('',(-1.81E-15,-0.,-1.));
#2317 = DIRECTION('',(1.,0.,-1.81E-15));
#2318 = ADVANCED_FACE('',(#2319),#2338,.T.);
#2319 = FACE_BOUND('',#2320,.F.);
#2320 = EDGE_LOOP('',(#2321,#2329,#2336,#2337));
#2321 = ORIENTED_EDGE('',*,*,#2322,.T.);
#2322 = EDGE_CURVE('',#587,#2323,#2325,.T.);
#2323 = VERTEX_POINT('',#2324);
#2324 = CARTESIAN_POINT('',(-196.049838,94.084584,-49.));
#2325 = LINE('',#2326,#2327);
#2326 = CARTESIAN_POINT('',(-196.049838,94.084584,-47.));
#2327 = VECTOR('',#2328,1.);
#2328 = DIRECTION('',(-1.81E-15,0.,-1.));
#2329 = ORIENTED_EDGE('',*,*,#2330,.T.);
#2330 = EDGE_CURVE('',#2323,#2323,#2331,.T.);
#2331 = CIRCLE('',#2332,3.875);
#2332 = AXIS2_PLACEMENT_3D('',#2333,#2334,#2335);
#2333 = CARTESIAN_POINT('',(-199.924838,94.084584,-49.));
#2334 = DIRECTION('',(-2.E-15,-0.,-1.));
#2335 = DIRECTION('',(1.,0.,-2.E-15));
#2336 = ORIENTED_EDGE('',*,*,#2322,.F.);
#2337 = ORIENTED_EDGE('',*,*,#586,.F.);
#2338 = CYLINDRICAL_SURFACE('',#2339,3.875);
#2339 = AXIS2_PLACEMENT_3D('',#2340,#2341,#2342);
#2340 = CARTESIAN_POINT('',(-199.924838,94.084584,-47.));
#2341 = DIRECTION('',(1.81E-15,0.,1.));
#2342 = DIRECTION('',(1.,0.,-1.81E-15));
#2343 = ADVANCED_FACE('',(#2344),#2363,.F.);
#2344 = FACE_BOUND('',#2345,.F.);
#2345 = EDGE_LOOP('',(#2346,#2347,#2355,#2362));
#2346 = ORIENTED_EDGE('',*,*,#615,.F.);
#2347 = ORIENTED_EDGE('',*,*,#2348,.T.);
#2348 = EDGE_CURVE('',#616,#2349,#2351,.T.);
#2349 = VERTEX_POINT('',#2350);
#2350 = CARTESIAN_POINT('',(-236.524838,102.884584,-33.08518286119));
#2351 = LINE('',#2352,#2353);
#2352 = CARTESIAN_POINT('',(-236.524838,102.884584,-47.));
#2353 = VECTOR('',#2354,1.);
#2354 = DIRECTION('',(1.81E-15,0.,1.));
#2355 = ORIENTED_EDGE('',*,*,#2356,.T.);
#2356 = EDGE_CURVE('',#2349,#2349,#2357,.T.);
#2357 = ELLIPSE('',#2358,2.044020816853,1.4);
#2358 = AXIS2_PLACEMENT_3D('',#2359,#2360,#2361);
#2359 = CARTESIAN_POINT('',(-237.924838,102.884584,-33.08518286119));
#2360 = DIRECTION('',(-2.43E-15,-0.728614017426,-0.684924531324));
#2361 = DIRECTION('',(-2.E-16,0.684924531324,-0.728614017426));
#2362 = ORIENTED_EDGE('',*,*,#2348,.F.);
#2363 = CYLINDRICAL_SURFACE('',#2364,1.4);
#2364 = AXIS2_PLACEMENT_3D('',#2365,#2366,#2367);
#2365 = CARTESIAN_POINT('',(-237.924838,102.884584,-47.));
#2366 = DIRECTION('',(-1.81E-15,-0.,-1.));
#2367 = DIRECTION('',(1.,0.,-1.81E-15));
#2368 = ADVANCED_FACE('',(#2369,#2380),#2383,.T.);
#2369 = FACE_BOUND('',#2370,.T.);
#2370 = EDGE_LOOP('',(#2371));
#2371 = ORIENTED_EDGE('',*,*,#2372,.T.);
#2372 = EDGE_CURVE('',#2373,#2373,#2375,.T.);
#2373 = VERTEX_POINT('',#2374);
#2374 = CARTESIAN_POINT('',(-197.204838,94.084584,-54.6));
#2375 = CIRCLE('',#2376,2.72);
#2376 = AXIS2_PLACEMENT_3D('',#2377,#2378,#2379);
#2377 = CARTESIAN_POINT('',(-199.924838,94.084584,-54.6));
#2378 = DIRECTION('',(-2.E-15,-0.,-1.));
#2379 = DIRECTION('',(1.,0.,-2.E-15));
#2380 = FACE_BOUND('',#2381,.T.);
#2381 = EDGE_LOOP('',(#2382));
#2382 = ORIENTED_EDGE('',*,*,#672,.T.);
#2383 = PLANE('',#2384);
#2384 = AXIS2_PLACEMENT_3D('',#2385,#2386,#2387);
#2385 = CARTESIAN_POINT('',(-199.924838,94.084584,-54.6));
#2386 = DIRECTION('',(-1.74E-15,-0.,-1.));
#2387 = DIRECTION('',(-1.,0.,1.74E-15));
#2388 = ADVANCED_FACE('',(#2389),#2415,.T.);
#2389 = FACE_BOUND('',#2390,.T.);
#2390 = EDGE_LOOP('',(#2391,#2399,#2400,#2401,#2409));
#2391 = ORIENTED_EDGE('',*,*,#2392,.T.);
#2392 = EDGE_CURVE('',#2393,#689,#2395,.T.);
#2393 = VERTEX_POINT('',#2394);
#2394 = CARTESIAN_POINT('',(-245.924838,76.4845836773,0.));
#2395 = LINE('',#2396,#2397);
#2396 = CARTESIAN_POINT('',(-244.924838,76.4845836773,0.));
#2397 = VECTOR('',#2398,1.);
#2398 = DIRECTION('',(1.,0.,0.));
#2399 = ORIENTED_EDGE('',*,*,#688,.T.);
#2400 = ORIENTED_EDGE('',*,*,#722,.T.);
#2401 = ORIENTED_EDGE('',*,*,#2402,.F.);
#2402 = EDGE_CURVE('',#2403,#715,#2405,.T.);
#2403 = VERTEX_POINT('',#2404);
#2404 = CARTESIAN_POINT('',(-245.924838,76.484583892433,5.));
#2405 = LINE('',#2406,#2407);
#2406 = CARTESIAN_POINT('',(-245.924838,76.4845836773,5.));
#2407 = VECTOR('',#2408,1.);
#2408 = DIRECTION('',(1.,0.,0.));
#2409 = ORIENTED_EDGE('',*,*,#2410,.F.);
#2410 = EDGE_CURVE('',#2393,#2403,#2411,.T.);
#2411 = LINE('',#2412,#2413);
#2412 = CARTESIAN_POINT('',(-245.924838,76.4845836773,0.));
#2413 = VECTOR('',#2414,1.);
#2414 = DIRECTION('',(0.,0.,1.));
#2415 = PLANE('',#2416);
#2416 = AXIS2_PLACEMENT_3D('',#2417,#2418,#2419);
#2417 = CARTESIAN_POINT('',(-241.924838,76.4845836773,2.5));
#2418 = DIRECTION('',(-0.,-1.,-0.));
#2419 = DIRECTION('',(0.,0.,-1.));
#2420 = ADVANCED_FACE('',(#2421),#2439,.T.);
#2421 = FACE_BOUND('',#2422,.T.);
#2422 = EDGE_LOOP('',(#2423,#2424,#2432,#2438));
#2423 = ORIENTED_EDGE('',*,*,#903,.T.);
#2424 = ORIENTED_EDGE('',*,*,#2425,.T.);
#2425 = EDGE_CURVE('',#896,#2426,#2428,.T.);
#2426 = VERTEX_POINT('',#2427);
#2427 = CARTESIAN_POINT('',(-237.9248380016,83.484583963679,
    5.000000004682));
#2428 = LINE('',#2429,#2430);
#2429 = CARTESIAN_POINT('',(-230.924838,83.484583976544,-11.8));
#2430 = VECTOR('',#2431,1.);
#2431 = DIRECTION('',(-0.3846153846,-7.06871307693E-10,0.923076923083));
#2432 = ORIENTED_EDGE('',*,*,#2433,.T.);
#2433 = EDGE_CURVE('',#2426,#715,#2434,.T.);
#2434 = LINE('',#2435,#2436);
#2435 = CARTESIAN_POINT('',(-237.924838,111.6845836773,5.));
#2436 = VECTOR('',#2437,1.);
#2437 = DIRECTION('',(0.,-1.,0.));
#2438 = ORIENTED_EDGE('',*,*,#714,.F.);
#2439 = PLANE('',#2440);
#2440 = AXIS2_PLACEMENT_3D('',#2441,#2442,#2443);
#2441 = CARTESIAN_POINT('',(-230.9248379983,76.484583976544,
    -11.80000000468));
#2442 = DIRECTION('',(0.923076923083,-4.267786E-11,0.3846153846));
#2443 = DIRECTION('',(-0.3846153846,-7.0687155E-10,0.923076923083));
#2444 = ADVANCED_FACE('',(#2445),#2456,.T.);
#2445 = FACE_BOUND('',#2446,.T.);
#2446 = EDGE_LOOP('',(#2447,#2448,#2454,#2455));
#2447 = ORIENTED_EDGE('',*,*,#748,.F.);
#2448 = ORIENTED_EDGE('',*,*,#2449,.T.);
#2449 = EDGE_CURVE('',#741,#1936,#2450,.T.);
#2450 = LINE('',#2451,#2452);
#2451 = CARTESIAN_POINT('',(-219.3664196025,76.484583983667,
    -29.40013513018));
#2452 = VECTOR('',#2453,1.);
#2453 = DIRECTION('',(-4.1103104E-10,1.,1.14244969E-09));
#2454 = ORIENTED_EDGE('',*,*,#1935,.F.);
#2455 = ORIENTED_EDGE('',*,*,#2043,.F.);
#2456 = PLANE('',#2457);
#2457 = AXIS2_PLACEMENT_3D('',#2458,#2459,#2460);
#2458 = CARTESIAN_POINT('',(-219.3664196025,76.484583983667,
    -29.40013513018));
#2459 = DIRECTION('',(-0.436007660568,-1.20735223E-09,0.899942953706));
#2460 = DIRECTION('',(-0.899942953706,1.2821233E-10,-0.436007660568));
#2461 = ADVANCED_FACE('',(#2462),#2468,.T.);
#2462 = FACE_BOUND('',#2463,.T.);
#2463 = EDGE_LOOP('',(#2464,#2465,#2466,#2467));
#2464 = ORIENTED_EDGE('',*,*,#740,.F.);
#2465 = ORIENTED_EDGE('',*,*,#2036,.T.);
#2466 = ORIENTED_EDGE('',*,*,#1943,.F.);
#2467 = ORIENTED_EDGE('',*,*,#2449,.F.);
#2468 = PLANE('',#2469);
#2469 = AXIS2_PLACEMENT_3D('',#2470,#2471,#2472);
#2470 = CARTESIAN_POINT('',(-230.9248379953,76.484583972518,
    -23.80000001803));
#2471 = DIRECTION('',(-0.43602469928,8.4891043E-10,-0.89993469853));
#2472 = DIRECTION('',(0.89993469853,8.6803738E-10,-0.43602469928));
#2473 = ADVANCED_FACE('',(#2474),#2490,.F.);
#2474 = FACE_BOUND('',#2475,.F.);
#2475 = EDGE_LOOP('',(#2476,#2477,#2483,#2484));
#2476 = ORIENTED_EDGE('',*,*,#756,.F.);
#2477 = ORIENTED_EDGE('',*,*,#2478,.T.);
#2478 = EDGE_CURVE('',#757,#1964,#2479,.T.);
#2479 = LINE('',#2480,#2481);
#2480 = CARTESIAN_POINT('',(-210.1748379904,76.484583982357,
    -24.94647889814));
#2481 = VECTOR('',#2482,1.);
#2482 = DIRECTION('',(-4.1103104E-10,1.,1.14244969E-09));
#2483 = ORIENTED_EDGE('',*,*,#1971,.F.);
#2484 = ORIENTED_EDGE('',*,*,#2485,.F.);
#2485 = EDGE_CURVE('',#759,#1972,#2486,.T.);
#2486 = LINE('',#2487,#2488);
#2487 = CARTESIAN_POINT('',(-195.4248379884,76.484583980255,
    -17.80000001803));
#2488 = VECTOR('',#2489,1.);
#2489 = DIRECTION('',(-4.1103104E-10,1.,1.14244969E-09));
#2490 = PLANE('',#2491);
#2491 = AXIS2_PLACEMENT_3D('',#2492,#2493,#2494);
#2492 = CARTESIAN_POINT('',(-210.1748379904,76.484583982357,
    -24.94647889814));
#2493 = DIRECTION('',(0.436024699349,1.2073498E-09,-0.899934698496));
#2494 = DIRECTION('',(0.899934698496,-1.2823519E-10,0.436024699349));
#2495 = ADVANCED_FACE('',(#2496),#2507,.T.);
#2496 = FACE_BOUND('',#2497,.T.);
#2497 = EDGE_LOOP('',(#2498,#2499,#2505,#2506));
#2498 = ORIENTED_EDGE('',*,*,#774,.F.);
#2499 = ORIENTED_EDGE('',*,*,#2500,.T.);
#2500 = EDGE_CURVE('',#767,#1962,#2501,.T.);
#2501 = LINE('',#2502,#2503);
#2502 = CARTESIAN_POINT('',(-224.9248379953,76.48458396813,
    -17.80000001803));
#2503 = VECTOR('',#2504,1.);
#2504 = DIRECTION('',(-4.1103104E-10,1.,1.14244969E-09));
#2505 = ORIENTED_EDGE('',*,*,#1979,.F.);
#2506 = ORIENTED_EDGE('',*,*,#2485,.F.);
#2507 = PLANE('',#2508);
#2508 = AXIS2_PLACEMENT_3D('',#2509,#2510,#2511);
#2509 = CARTESIAN_POINT('',(-224.9248379953,76.48458396813,
    -17.80000001803));
#2510 = DIRECTION('',(0.,1.14244969E-09,-1.));
#2511 = DIRECTION('',(1.,4.1103104E-10,4.695822842284E-19));
#2512 = ADVANCED_FACE('',(#2513),#2519,.T.);
#2513 = FACE_BOUND('',#2514,.T.);
#2514 = EDGE_LOOP('',(#2515,#2516,#2517,#2518));
#2515 = ORIENTED_EDGE('',*,*,#766,.F.);
#2516 = ORIENTED_EDGE('',*,*,#2478,.T.);
#2517 = ORIENTED_EDGE('',*,*,#1961,.F.);
#2518 = ORIENTED_EDGE('',*,*,#2500,.F.);
#2519 = PLANE('',#2520);
#2520 = AXIS2_PLACEMENT_3D('',#2521,#2522,#2523);
#2521 = CARTESIAN_POINT('',(-210.1748379904,76.484583982357,
    -24.94647889814));
#2522 = DIRECTION('',(0.43602469928,-8.4891043E-10,0.89993469853));
#2523 = DIRECTION('',(-0.89993469853,-8.6803738E-10,0.43602469928));
#2524 = ADVANCED_FACE('',(#2525),#2536,.F.);
#2525 = FACE_BOUND('',#2526,.F.);
#2526 = EDGE_LOOP('',(#2527,#2528,#2529,#2530));
#2527 = ORIENTED_EDGE('',*,*,#782,.F.);
#2528 = ORIENTED_EDGE('',*,*,#1869,.T.);
#2529 = ORIENTED_EDGE('',*,*,#1896,.F.);
#2530 = ORIENTED_EDGE('',*,*,#2531,.F.);
#2531 = EDGE_CURVE('',#785,#1897,#2532,.T.);
#2532 = LINE('',#2533,#2534);
#2533 = CARTESIAN_POINT('',(-200.983239282,76.484583991223,
    -29.40012684659));
#2534 = VECTOR('',#2535,1.);
#2535 = DIRECTION('',(-4.1103104E-10,1.,1.14244969E-09));
#2536 = PLANE('',#2537);
#2537 = AXIS2_PLACEMENT_3D('',#2538,#2539,#2540);
#2538 = CARTESIAN_POINT('',(-189.4248379884,76.484583989576,
    -23.80000001803));
#2539 = DIRECTION('',(-0.436024699349,-1.2073498E-09,0.899934698496));
#2540 = DIRECTION('',(-0.899934698496,1.2823519E-10,-0.436024699349));
#2541 = ADVANCED_FACE('',(#2542),#2548,.F.);
#2542 = FACE_BOUND('',#2543,.F.);
#2543 = EDGE_LOOP('',(#2544,#2545,#2546,#2547));
#2544 = ORIENTED_EDGE('',*,*,#800,.F.);
#2545 = ORIENTED_EDGE('',*,*,#2531,.T.);
#2546 = ORIENTED_EDGE('',*,*,#1904,.F.);
#2547 = ORIENTED_EDGE('',*,*,#1862,.F.);
#2548 = PLANE('',#2549);
#2549 = AXIS2_PLACEMENT_3D('',#2550,#2551,#2552);
#2550 = CARTESIAN_POINT('',(-200.983239282,76.484583991223,
    -29.40012684659));
#2551 = DIRECTION('',(-0.436008705109,8.4892586E-10,-0.899942447643));
#2552 = DIRECTION('',(0.899942447643,8.6802229E-10,-0.436008705109));
#2553 = ADVANCED_FACE('',(#2554),#2565,.F.);
#2554 = FACE_BOUND('',#2555,.F.);
#2555 = EDGE_LOOP('',(#2556,#2557,#2558,#2559));
#2556 = ORIENTED_EDGE('',*,*,#879,.F.);
#2557 = ORIENTED_EDGE('',*,*,#1837,.F.);
#2558 = ORIENTED_EDGE('',*,*,#1546,.F.);
#2559 = ORIENTED_EDGE('',*,*,#2560,.F.);
#2560 = EDGE_CURVE('',#872,#1547,#2561,.T.);
#2561 = LINE('',#2562,#2563);
#2562 = CARTESIAN_POINT('',(-186.424838,91.584584,-11.8));
#2563 = VECTOR('',#2564,1.);
#2564 = DIRECTION('',(1.35E-15,0.,-1.));
#2565 = PLANE('',#2566);
#2566 = AXIS2_PLACEMENT_3D('',#2567,#2568,#2569);
#2567 = CARTESIAN_POINT('',(-192.424838,91.584584,-11.8));
#2568 = DIRECTION('',(0.,-1.,0.));
#2569 = DIRECTION('',(1.,0.,1.35E-15));
#2570 = ADVANCED_FACE('',(#2571),#2582,.F.);
#2571 = FACE_BOUND('',#2572,.F.);
#2572 = EDGE_LOOP('',(#2573,#2574,#2575,#2576));
#2573 = ORIENTED_EDGE('',*,*,#871,.F.);
#2574 = ORIENTED_EDGE('',*,*,#2560,.T.);
#2575 = ORIENTED_EDGE('',*,*,#1554,.F.);
#2576 = ORIENTED_EDGE('',*,*,#2577,.F.);
#2577 = EDGE_CURVE('',#864,#1555,#2578,.T.);
#2578 = LINE('',#2579,#2580);
#2579 = CARTESIAN_POINT('',(-186.424838,96.584584,-11.8));
#2580 = VECTOR('',#2581,1.);
#2581 = DIRECTION('',(1.35E-15,0.,-1.));
#2582 = PLANE('',#2583);
#2583 = AXIS2_PLACEMENT_3D('',#2584,#2585,#2586);
#2584 = CARTESIAN_POINT('',(-186.424838,91.584584,-11.8));
#2585 = DIRECTION('',(1.,0.,1.35E-15));
#2586 = DIRECTION('',(0.,1.,0.));
#2587 = ADVANCED_FACE('',(#2588),#2594,.F.);
#2588 = FACE_BOUND('',#2589,.F.);
#2589 = EDGE_LOOP('',(#2590,#2591,#2592,#2593));
#2590 = ORIENTED_EDGE('',*,*,#863,.F.);
#2591 = ORIENTED_EDGE('',*,*,#2577,.T.);
#2592 = ORIENTED_EDGE('',*,*,#1562,.F.);
#2593 = ORIENTED_EDGE('',*,*,#1816,.F.);
#2594 = PLANE('',#2595);
#2595 = AXIS2_PLACEMENT_3D('',#2596,#2597,#2598);
#2596 = CARTESIAN_POINT('',(-186.424838,96.584584,-11.8));
#2597 = DIRECTION('',(0.,1.,0.));
#2598 = DIRECTION('',(-1.,0.,-1.35E-15));
#2599 = ADVANCED_FACE('',(#2600),#2618,.T.);
#2600 = FACE_BOUND('',#2601,.T.);
#2601 = EDGE_LOOP('',(#2602,#2610,#2616,#2617));
#2602 = ORIENTED_EDGE('',*,*,#2603,.T.);
#2603 = EDGE_CURVE('',#944,#2604,#2606,.T.);
#2604 = VERTEX_POINT('',#2605);
#2605 = CARTESIAN_POINT('',(-237.9248380065,104.68458396367,
    5.000000018863));
#2606 = LINE('',#2607,#2608);
#2607 = CARTESIAN_POINT('',(-237.924838,111.6845836773,5.));
#2608 = VECTOR('',#2609,1.);
#2609 = DIRECTION('',(0.,-1.,0.));
#2610 = ORIENTED_EDGE('',*,*,#2611,.T.);
#2611 = EDGE_CURVE('',#2604,#840,#2612,.T.);
#2612 = LINE('',#2613,#2614);
#2613 = CARTESIAN_POINT('',(-237.9248380065,104.68458396367,
    5.000000018863));
#2614 = VECTOR('',#2615,1.);
#2615 = DIRECTION('',(0.3846153846,7.068703846161E-10,-0.923076923083));
#2616 = ORIENTED_EDGE('',*,*,#839,.F.);
#2617 = ORIENTED_EDGE('',*,*,#951,.F.);
#2618 = PLANE('',#2619);
#2619 = AXIS2_PLACEMENT_3D('',#2620,#2621,#2622);
#2620 = CARTESIAN_POINT('',(-237.9248380081,111.68458396367,
    5.000000023546));
#2621 = DIRECTION('',(0.923076923083,-4.267691E-11,0.3846153846));
#2622 = DIRECTION('',(0.3846153846,7.068705E-10,-0.923076923083));
#2623 = ADVANCED_FACE('',(#2624,#2643,#2647),#2651,.F.);
#2624 = FACE_BOUND('',#2625,.F.);
#2625 = EDGE_LOOP('',(#2626,#2627,#2635,#2642));
#2626 = ORIENTED_EDGE('',*,*,#913,.F.);
#2627 = ORIENTED_EDGE('',*,*,#2628,.T.);
#2628 = EDGE_CURVE('',#914,#2629,#2631,.T.);
#2629 = VERTEX_POINT('',#2630);
#2630 = CARTESIAN_POINT('',(-184.024838,88.284584,-31.8));
#2631 = LINE('',#2632,#2633);
#2632 = CARTESIAN_POINT('',(-184.024838,88.284584,-11.8));
#2633 = VECTOR('',#2634,1.);
#2634 = DIRECTION('',(1.26E-15,0.,-1.));
#2635 = ORIENTED_EDGE('',*,*,#2636,.T.);
#2636 = EDGE_CURVE('',#2629,#2629,#2637,.T.);
#2637 = CIRCLE('',#2638,1.4);
#2638 = AXIS2_PLACEMENT_3D('',#2639,#2640,#2641);
#2639 = CARTESIAN_POINT('',(-185.424838,88.284584,-31.8));
#2640 = DIRECTION('',(-1.E-15,0.,1.));
#2641 = DIRECTION('',(1.,0.,1.E-15));
#2642 = ORIENTED_EDGE('',*,*,#2628,.F.);
#2643 = FACE_BOUND('',#2644,.F.);
#2644 = EDGE_LOOP('',(#2645,#2646));
#2645 = ORIENTED_EDGE('',*,*,#1350,.F.);
#2646 = ORIENTED_EDGE('',*,*,#1319,.T.);
#2647 = FACE_BOUND('',#2648,.F.);
#2648 = EDGE_LOOP('',(#2649,#2650));
#2649 = ORIENTED_EDGE('',*,*,#1530,.T.);
#2650 = ORIENTED_EDGE('',*,*,#1473,.T.);
#2651 = CYLINDRICAL_SURFACE('',#2652,1.4);
#2652 = AXIS2_PLACEMENT_3D('',#2653,#2654,#2655);
#2653 = CARTESIAN_POINT('',(-185.424838,88.284584,-11.8));
#2654 = DIRECTION('',(-1.26E-15,0.,1.));
#2655 = DIRECTION('',(1.,0.,1.26E-15));
#2656 = ADVANCED_FACE('',(#2657,#2676,#2680),#2684,.F.);
#2657 = FACE_BOUND('',#2658,.F.);
#2658 = EDGE_LOOP('',(#2659,#2660,#2668,#2675));
#2659 = ORIENTED_EDGE('',*,*,#924,.F.);
#2660 = ORIENTED_EDGE('',*,*,#2661,.T.);
#2661 = EDGE_CURVE('',#925,#2662,#2664,.T.);
#2662 = VERTEX_POINT('',#2663);
#2663 = CARTESIAN_POINT('',(-184.024838,99.884584,-31.8));
#2664 = LINE('',#2665,#2666);
#2665 = CARTESIAN_POINT('',(-184.024838,99.884584,-11.8));
#2666 = VECTOR('',#2667,1.);
#2667 = DIRECTION('',(1.26E-15,0.,-1.));
#2668 = ORIENTED_EDGE('',*,*,#2669,.T.);
#2669 = EDGE_CURVE('',#2662,#2662,#2670,.T.);
#2670 = CIRCLE('',#2671,1.4);
#2671 = AXIS2_PLACEMENT_3D('',#2672,#2673,#2674);
#2672 = CARTESIAN_POINT('',(-185.424838,99.884584,-31.8));
#2673 = DIRECTION('',(-1.E-15,0.,1.));
#2674 = DIRECTION('',(1.,0.,1.E-15));
#2675 = ORIENTED_EDGE('',*,*,#2661,.F.);
#2676 = FACE_BOUND('',#2677,.F.);
#2677 = EDGE_LOOP('',(#2678,#2679));
#2678 = ORIENTED_EDGE('',*,*,#1441,.T.);
#2679 = ORIENTED_EDGE('',*,*,#1391,.T.);
#2680 = FACE_BOUND('',#2681,.F.);
#2681 = EDGE_LOOP('',(#2682,#2683));
#2682 = ORIENTED_EDGE('',*,*,#1611,.F.);
#2683 = ORIENTED_EDGE('',*,*,#1586,.T.);
#2684 = CYLINDRICAL_SURFACE('',#2685,1.4);
#2685 = AXIS2_PLACEMENT_3D('',#2686,#2687,#2688);
#2686 = CARTESIAN_POINT('',(-185.424838,99.884584,-11.8));
#2687 = DIRECTION('',(-1.26E-15,0.,1.));
#2688 = DIRECTION('',(1.,0.,1.26E-15));
#2689 = ADVANCED_FACE('',(#2690),#2716,.T.);
#2690 = FACE_BOUND('',#2691,.T.);
#2691 = EDGE_LOOP('',(#2692,#2702,#2708,#2709,#2710));
#2692 = ORIENTED_EDGE('',*,*,#2693,.T.);
#2693 = EDGE_CURVE('',#2694,#2696,#2698,.T.);
#2694 = VERTEX_POINT('',#2695);
#2695 = CARTESIAN_POINT('',(-245.924838,111.6845836773,0.));
#2696 = VERTEX_POINT('',#2697);
#2697 = CARTESIAN_POINT('',(-245.924838,111.68458383865,5.));
#2698 = LINE('',#2699,#2700);
#2699 = CARTESIAN_POINT('',(-245.924838,111.6845836773,0.));
#2700 = VECTOR('',#2701,1.);
#2701 = DIRECTION('',(0.,0.,1.));
#2702 = ORIENTED_EDGE('',*,*,#2703,.T.);
#2703 = EDGE_CURVE('',#2696,#944,#2704,.T.);
#2704 = LINE('',#2705,#2706);
#2705 = CARTESIAN_POINT('',(-245.924838,111.6845836773,5.));
#2706 = VECTOR('',#2707,1.);
#2707 = DIRECTION('',(1.,0.,0.));
#2708 = ORIENTED_EDGE('',*,*,#941,.F.);
#2709 = ORIENTED_EDGE('',*,*,#968,.F.);
#2710 = ORIENTED_EDGE('',*,*,#2711,.F.);
#2711 = EDGE_CURVE('',#2694,#961,#2712,.T.);
#2712 = LINE('',#2713,#2714);
#2713 = CARTESIAN_POINT('',(-244.924838,111.6845836773,0.));
#2714 = VECTOR('',#2715,1.);
#2715 = DIRECTION('',(1.,0.,0.));
#2716 = PLANE('',#2717);
#2717 = AXIS2_PLACEMENT_3D('',#2718,#2719,#2720);
#2718 = CARTESIAN_POINT('',(-241.924838,111.6845836773,2.5));
#2719 = DIRECTION('',(0.,1.,0.));
#2720 = DIRECTION('',(0.,0.,1.));
#2721 = ADVANCED_FACE('',(#2722),#2733,.T.);
#2722 = FACE_BOUND('',#2723,.T.);
#2723 = EDGE_LOOP('',(#2724,#2725,#2731,#2732));
#2724 = ORIENTED_EDGE('',*,*,#1701,.F.);
#2725 = ORIENTED_EDGE('',*,*,#2726,.T.);
#2726 = EDGE_CURVE('',#1694,#979,#2727,.T.);
#2727 = LINE('',#2728,#2729);
#2728 = CARTESIAN_POINT('',(-219.3664196025,76.484583983667,
    -29.40013513018));
#2729 = VECTOR('',#2730,1.);
#2730 = DIRECTION('',(-4.1103104E-10,1.,1.14244969E-09));
#2731 = ORIENTED_EDGE('',*,*,#976,.F.);
#2732 = ORIENTED_EDGE('',*,*,#2067,.F.);
#2733 = PLANE('',#2734);
#2734 = AXIS2_PLACEMENT_3D('',#2735,#2736,#2737);
#2735 = CARTESIAN_POINT('',(-219.3664196025,76.484583983667,
    -29.40013513018));
#2736 = DIRECTION('',(-0.436007660568,-1.20735223E-09,0.899942953706));
#2737 = DIRECTION('',(-0.899942953706,1.2821233E-10,-0.436007660568));
#2738 = ADVANCED_FACE('',(#2739),#2745,.T.);
#2739 = FACE_BOUND('',#2740,.T.);
#2740 = EDGE_LOOP('',(#2741,#2742,#2743,#2744));
#2741 = ORIENTED_EDGE('',*,*,#1691,.F.);
#2742 = ORIENTED_EDGE('',*,*,#2022,.T.);
#2743 = ORIENTED_EDGE('',*,*,#986,.F.);
#2744 = ORIENTED_EDGE('',*,*,#2726,.F.);
#2745 = PLANE('',#2746);
#2746 = AXIS2_PLACEMENT_3D('',#2747,#2748,#2749);
#2747 = CARTESIAN_POINT('',(-230.9248379953,76.484583972518,
    -23.80000001803));
#2748 = DIRECTION('',(-0.43602469928,8.4891043E-10,-0.89993469853));
#2749 = DIRECTION('',(0.89993469853,8.6803738E-10,-0.43602469928));
#2750 = ADVANCED_FACE('',(#2751),#2767,.T.);
#2751 = FACE_BOUND('',#2752,.T.);
#2752 = EDGE_LOOP('',(#2753,#2754,#2760,#2761));
#2753 = ORIENTED_EDGE('',*,*,#1774,.F.);
#2754 = ORIENTED_EDGE('',*,*,#2755,.T.);
#2755 = EDGE_CURVE('',#1767,#1022,#2756,.T.);
#2756 = LINE('',#2757,#2758);
#2757 = CARTESIAN_POINT('',(-224.9248379953,76.48458396813,
    -17.80000001803));
#2758 = VECTOR('',#2759,1.);
#2759 = DIRECTION('',(-4.1103104E-10,1.,1.14244969E-09));
#2760 = ORIENTED_EDGE('',*,*,#1019,.F.);
#2761 = ORIENTED_EDGE('',*,*,#2762,.F.);
#2762 = EDGE_CURVE('',#1759,#1020,#2763,.T.);
#2763 = LINE('',#2764,#2765);
#2764 = CARTESIAN_POINT('',(-195.4248379884,76.484583980255,
    -17.80000001803));
#2765 = VECTOR('',#2766,1.);
#2766 = DIRECTION('',(-4.1103104E-10,1.,1.14244969E-09));
#2767 = PLANE('',#2768);
#2768 = AXIS2_PLACEMENT_3D('',#2769,#2770,#2771);
#2769 = CARTESIAN_POINT('',(-224.9248379953,76.48458396813,
    -17.80000001803));
#2770 = DIRECTION('',(0.,1.14244969E-09,-1.));
#2771 = DIRECTION('',(1.,4.1103104E-10,4.695822842284E-19));
#2772 = ADVANCED_FACE('',(#2773),#2784,.F.);
#2773 = FACE_BOUND('',#2774,.F.);
#2774 = EDGE_LOOP('',(#2775,#2776,#2782,#2783));
#2775 = ORIENTED_EDGE('',*,*,#1756,.F.);
#2776 = ORIENTED_EDGE('',*,*,#2777,.T.);
#2777 = EDGE_CURVE('',#1757,#1030,#2778,.T.);
#2778 = LINE('',#2779,#2780);
#2779 = CARTESIAN_POINT('',(-210.1748379904,76.484583982357,
    -24.94647889814));
#2780 = VECTOR('',#2781,1.);
#2781 = DIRECTION('',(-4.1103104E-10,1.,1.14244969E-09));
#2782 = ORIENTED_EDGE('',*,*,#1037,.F.);
#2783 = ORIENTED_EDGE('',*,*,#2762,.F.);
#2784 = PLANE('',#2785);
#2785 = AXIS2_PLACEMENT_3D('',#2786,#2787,#2788);
#2786 = CARTESIAN_POINT('',(-210.1748379904,76.484583982357,
    -24.94647889814));
#2787 = DIRECTION('',(0.436024699349,1.2073498E-09,-0.899934698496));
#2788 = DIRECTION('',(0.899934698496,-1.2823519E-10,0.436024699349));
#2789 = ADVANCED_FACE('',(#2790),#2796,.T.);
#2790 = FACE_BOUND('',#2791,.T.);
#2791 = EDGE_LOOP('',(#2792,#2793,#2794,#2795));
#2792 = ORIENTED_EDGE('',*,*,#1766,.F.);
#2793 = ORIENTED_EDGE('',*,*,#2777,.T.);
#2794 = ORIENTED_EDGE('',*,*,#1029,.F.);
#2795 = ORIENTED_EDGE('',*,*,#2755,.F.);
#2796 = PLANE('',#2797);
#2797 = AXIS2_PLACEMENT_3D('',#2798,#2799,#2800);
#2798 = CARTESIAN_POINT('',(-210.1748379904,76.484583982357,
    -24.94647889814));
#2799 = DIRECTION('',(0.43602469928,-8.4891043E-10,0.89993469853));
#2800 = DIRECTION('',(-0.89993469853,-8.6803738E-10,0.43602469928));
#2801 = ADVANCED_FACE('',(#2802),#2813,.F.);
#2802 = FACE_BOUND('',#2803,.F.);
#2803 = EDGE_LOOP('',(#2804,#2805,#2806,#2807));
#2804 = ORIENTED_EDGE('',*,*,#1733,.F.);
#2805 = ORIENTED_EDGE('',*,*,#1789,.T.);
#2806 = ORIENTED_EDGE('',*,*,#1045,.F.);
#2807 = ORIENTED_EDGE('',*,*,#2808,.F.);
#2808 = EDGE_CURVE('',#1726,#1046,#2809,.T.);
#2809 = LINE('',#2810,#2811);
#2810 = CARTESIAN_POINT('',(-200.983239282,76.484583991223,
    -29.40012684659));
#2811 = VECTOR('',#2812,1.);
#2812 = DIRECTION('',(-4.1103104E-10,1.,1.14244969E-09));
#2813 = PLANE('',#2814);
#2814 = AXIS2_PLACEMENT_3D('',#2815,#2816,#2817);
#2815 = CARTESIAN_POINT('',(-189.4248379884,76.484583989576,
    -23.80000001803));
#2816 = DIRECTION('',(-0.436024699349,-1.2073498E-09,0.899934698496));
#2817 = DIRECTION('',(-0.899934698496,1.2823519E-10,-0.436024699349));
#2818 = ADVANCED_FACE('',(#2819),#2825,.F.);
#2819 = FACE_BOUND('',#2820,.F.);
#2820 = EDGE_LOOP('',(#2821,#2822,#2823,#2824));
#2821 = ORIENTED_EDGE('',*,*,#1725,.F.);
#2822 = ORIENTED_EDGE('',*,*,#2808,.T.);
#2823 = ORIENTED_EDGE('',*,*,#1055,.F.);
#2824 = ORIENTED_EDGE('',*,*,#1796,.F.);
#2825 = PLANE('',#2826);
#2826 = AXIS2_PLACEMENT_3D('',#2827,#2828,#2829);
#2827 = CARTESIAN_POINT('',(-200.983239282,76.484583991223,
    -29.40012684659));
#2828 = DIRECTION('',(-0.436008705109,8.4892586E-10,-0.899942447643));
#2829 = DIRECTION('',(0.899942447643,8.6802229E-10,-0.436008705109));
#2830 = ADVANCED_FACE('',(#2831),#2842,.F.);
#2831 = FACE_BOUND('',#2832,.F.);
#2832 = EDGE_LOOP('',(#2833,#2834,#2840,#2841));
#2833 = ORIENTED_EDGE('',*,*,#1134,.T.);
#2834 = ORIENTED_EDGE('',*,*,#2835,.F.);
#2835 = EDGE_CURVE('',#1499,#1127,#2836,.T.);
#2836 = LINE('',#2837,#2838);
#2837 = CARTESIAN_POINT('',(-186.424838,91.584584,-11.8));
#2838 = VECTOR('',#2839,1.);
#2839 = DIRECTION('',(1.35E-15,0.,-1.));
#2840 = ORIENTED_EDGE('',*,*,#1498,.T.);
#2841 = ORIENTED_EDGE('',*,*,#1845,.F.);
#2842 = PLANE('',#2843);
#2843 = AXIS2_PLACEMENT_3D('',#2844,#2845,#2846);
#2844 = CARTESIAN_POINT('',(-192.424838,91.584584,-11.8));
#2845 = DIRECTION('',(0.,-1.,0.));
#2846 = DIRECTION('',(1.,0.,1.35E-15));
#2847 = ADVANCED_FACE('',(#2848),#2860,.F.);
#2848 = FACE_BOUND('',#2849,.F.);
#2849 = EDGE_LOOP('',(#2850,#2851,#2852,#2853,#2859));
#2850 = ORIENTED_EDGE('',*,*,#1506,.T.);
#2851 = ORIENTED_EDGE('',*,*,#2835,.T.);
#2852 = ORIENTED_EDGE('',*,*,#1126,.T.);
#2853 = ORIENTED_EDGE('',*,*,#2854,.F.);
#2854 = EDGE_CURVE('',#1628,#1119,#2855,.T.);
#2855 = LINE('',#2856,#2857);
#2856 = CARTESIAN_POINT('',(-186.424838,96.584584,-11.8));
#2857 = VECTOR('',#2858,1.);
#2858 = DIRECTION('',(1.35E-15,0.,-1.));
#2859 = ORIENTED_EDGE('',*,*,#1635,.F.);
#2860 = PLANE('',#2861);
#2861 = AXIS2_PLACEMENT_3D('',#2862,#2863,#2864);
#2862 = CARTESIAN_POINT('',(-186.424838,91.584584,-11.8));
#2863 = DIRECTION('',(1.,0.,1.35E-15));
#2864 = DIRECTION('',(0.,1.,0.));
#2865 = ADVANCED_FACE('',(#2866),#2872,.F.);
#2866 = FACE_BOUND('',#2867,.F.);
#2867 = EDGE_LOOP('',(#2868,#2869,#2870,#2871));
#2868 = ORIENTED_EDGE('',*,*,#1627,.F.);
#2869 = ORIENTED_EDGE('',*,*,#2854,.T.);
#2870 = ORIENTED_EDGE('',*,*,#1118,.T.);
#2871 = ORIENTED_EDGE('',*,*,#1808,.F.);
#2872 = PLANE('',#2873);
#2873 = AXIS2_PLACEMENT_3D('',#2874,#2875,#2876);
#2874 = CARTESIAN_POINT('',(-186.424838,96.584584,-11.8));
#2875 = DIRECTION('',(0.,1.,0.));
#2876 = DIRECTION('',(-1.,0.,-1.35E-15));
#2877 = ADVANCED_FACE('',(#2878,#2903,#2914),#2925,.T.);
#2878 = FACE_BOUND('',#2879,.T.);
#2879 = EDGE_LOOP('',(#2880,#2888,#2896,#2902));
#2880 = ORIENTED_EDGE('',*,*,#2881,.T.);
#2881 = EDGE_CURVE('',#840,#2882,#2884,.T.);
#2882 = VERTEX_POINT('',#2883);
#2883 = CARTESIAN_POINT('',(-237.9248380065,104.68458397491,
    -11.79999998113));
#2884 = LINE('',#2885,#2886);
#2885 = CARTESIAN_POINT('',(-230.9248380049,104.68458397654,
    -11.79999998581));
#2886 = VECTOR('',#2887,1.);
#2887 = DIRECTION('',(-1.,-2.324790004474E-10,6.6891102E-10));
#2888 = ORIENTED_EDGE('',*,*,#2889,.T.);
#2889 = EDGE_CURVE('',#2882,#2890,#2892,.T.);
#2890 = VERTEX_POINT('',#2891);
#2891 = CARTESIAN_POINT('',(-237.9248380016,83.484583974916,
    -11.79999999531));
#2892 = LINE('',#2893,#2894);
#2893 = CARTESIAN_POINT('',(-237.924838,111.684584,-11.8));
#2894 = VECTOR('',#2895,1.);
#2895 = DIRECTION('',(0.,-1.,0.));
#2896 = ORIENTED_EDGE('',*,*,#2897,.T.);
#2897 = EDGE_CURVE('',#2890,#896,#2898,.T.);
#2898 = LINE('',#2899,#2900);
#2899 = CARTESIAN_POINT('',(-237.9248380016,83.484583974916,
    -11.79999999531));
#2900 = VECTOR('',#2901,1.);
#2901 = DIRECTION('',(1.,2.324790004474E-10,-6.6891102E-10));
#2902 = ORIENTED_EDGE('',*,*,#2029,.F.);
#2903 = FACE_BOUND('',#2904,.T.);
#2904 = EDGE_LOOP('',(#2905));
#2905 = ORIENTED_EDGE('',*,*,#2906,.F.);
#2906 = EDGE_CURVE('',#2907,#2907,#2909,.T.);
#2907 = VERTEX_POINT('',#2908);
#2908 = CARTESIAN_POINT('',(-233.524838,88.284584,-11.8));
#2909 = CIRCLE('',#2910,1.4);
#2910 = AXIS2_PLACEMENT_3D('',#2911,#2912,#2913);
#2911 = CARTESIAN_POINT('',(-234.924838,88.284584,-11.8));
#2912 = DIRECTION('',(-1.E-15,0.,1.));
#2913 = DIRECTION('',(1.,0.,1.E-15));
#2914 = FACE_BOUND('',#2915,.T.);
#2915 = EDGE_LOOP('',(#2916));
#2916 = ORIENTED_EDGE('',*,*,#2917,.F.);
#2917 = EDGE_CURVE('',#2918,#2918,#2920,.T.);
#2918 = VERTEX_POINT('',#2919);
#2919 = CARTESIAN_POINT('',(-233.524838,99.884584,-11.8));
#2920 = CIRCLE('',#2921,1.4);
#2921 = AXIS2_PLACEMENT_3D('',#2922,#2923,#2924);
#2922 = CARTESIAN_POINT('',(-234.924838,99.884584,-11.8));
#2923 = DIRECTION('',(-1.E-15,0.,1.));
#2924 = DIRECTION('',(1.,0.,1.E-15));
#2925 = PLANE('',#2926);
#2926 = AXIS2_PLACEMENT_3D('',#2927,#2928,#2929);
#2927 = CARTESIAN_POINT('',(-210.174838,94.084584,-11.8));
#2928 = DIRECTION('',(-1.35E-15,0.,1.));
#2929 = DIRECTION('',(1.,0.,1.35E-15));
#2930 = ADVANCED_FACE('',(#2931,#2964),#2967,.F.);
#2931 = FACE_BOUND('',#2932,.F.);
#2932 = EDGE_LOOP('',(#2933,#2941,#2942,#2948,#2949,#2957));
#2933 = ORIENTED_EDGE('',*,*,#2934,.F.);
#2934 = EDGE_CURVE('',#2077,#2935,#2937,.T.);
#2935 = VERTEX_POINT('',#2936);
#2936 = CARTESIAN_POINT('',(-233.5252136978,88.252152336235,-29.918776)
  );
#2937 = LINE('',#2938,#2939);
#2938 = CARTESIAN_POINT('',(-182.424838,88.252152336235,-29.918776));
#2939 = VECTOR('',#2940,1.);
#2940 = DIRECTION('',(-1.,1.72E-15,1.72E-15));
#2941 = ORIENTED_EDGE('',*,*,#2076,.F.);
#2942 = ORIENTED_EDGE('',*,*,#2943,.T.);
#2943 = EDGE_CURVE('',#1928,#2202,#2944,.T.);
#2944 = LINE('',#2945,#2946);
#2945 = CARTESIAN_POINT('',(-182.424838,83.484584,-35.));
#2946 = VECTOR('',#2947,1.);
#2947 = DIRECTION('',(-1.,1.72E-15,1.72E-15));
#2948 = ORIENTED_EDGE('',*,*,#2219,.T.);
#2949 = ORIENTED_EDGE('',*,*,#2950,.F.);
#2950 = EDGE_CURVE('',#2951,#2212,#2953,.T.);
#2951 = VERTEX_POINT('',#2952);
#2952 = CARTESIAN_POINT('',(-236.3244623021,88.252152336235,-29.918776)
  );
#2953 = LINE('',#2954,#2955);
#2954 = CARTESIAN_POINT('',(-182.424838,88.252152336235,-29.918776));
#2955 = VECTOR('',#2956,1.);
#2956 = DIRECTION('',(-1.,1.72E-15,1.72E-15));
#2957 = ORIENTED_EDGE('',*,*,#2958,.F.);
#2958 = EDGE_CURVE('',#2935,#2951,#2959,.T.);
#2959 = ELLIPSE('',#2960,2.046064023143,1.4);
#2960 = AXIS2_PLACEMENT_3D('',#2961,#2962,#2963);
#2961 = CARTESIAN_POINT('',(-234.924838,88.284584,-29.88421067515));
#2962 = DIRECTION('',(8.E-17,0.72925636875,-0.684240563426));
#2963 = DIRECTION('',(-1.66E-15,0.684240563426,0.72925636875));
#2964 = FACE_BOUND('',#2965,.F.);
#2965 = EDGE_LOOP('',(#2966));
#2966 = ORIENTED_EDGE('',*,*,#2306,.F.);
#2967 = PLANE('',#2968);
#2968 = AXIS2_PLACEMENT_3D('',#2969,#2970,#2971);
#2969 = CARTESIAN_POINT('',(-182.424838,83.484584,-35.));
#2970 = DIRECTION('',(8.E-17,0.72925636875,-0.684240563426));
#2971 = DIRECTION('',(2.39E-15,0.684240563426,0.72925636875));
#2972 = ADVANCED_FACE('',(#2973,#2992),#3011,.T.);
#2973 = FACE_BOUND('',#2974,.T.);
#2974 = EDGE_LOOP('',(#2975,#2976,#2977,#2983,#2984,#2985));
#2975 = ORIENTED_EDGE('',*,*,#2934,.F.);
#2976 = ORIENTED_EDGE('',*,*,#2092,.F.);
#2977 = ORIENTED_EDGE('',*,*,#2978,.T.);
#2978 = EDGE_CURVE('',#2085,#2204,#2979,.T.);
#2979 = LINE('',#2980,#2981);
#2980 = CARTESIAN_POINT('',(-182.424838,83.484584,-24.80000047131));
#2981 = VECTOR('',#2982,1.);
#2982 = DIRECTION('',(-1.,1.72E-15,1.72E-15));
#2983 = ORIENTED_EDGE('',*,*,#2211,.T.);
#2984 = ORIENTED_EDGE('',*,*,#2950,.F.);
#2985 = ORIENTED_EDGE('',*,*,#2986,.F.);
#2986 = EDGE_CURVE('',#2935,#2951,#2987,.T.);
#2987 = ELLIPSE('',#2988,2.054119415597,1.4);
#2988 = AXIS2_PLACEMENT_3D('',#2989,#2990,#2991);
#2989 = CARTESIAN_POINT('',(-234.924838,88.284584,-29.95359677132));
#2990 = DIRECTION('',(-2.43E-15,-0.731764785805,-0.681557259704));
#2991 = DIRECTION('',(-3.99E-15,-0.681557259704,0.731764785805));
#2992 = FACE_BOUND('',#2993,.T.);
#2993 = EDGE_LOOP('',(#2994,#3005));
#2994 = ORIENTED_EDGE('',*,*,#2995,.F.);
#2995 = EDGE_CURVE('',#2996,#2998,#3000,.T.);
#2996 = VERTEX_POINT('',#2997);
#2997 = CARTESIAN_POINT('',(-239.3025070621,85.533638121231,-27.));
#2998 = VERTEX_POINT('',#2999);
#2999 = CARTESIAN_POINT('',(-236.5471689378,85.533638121231,-27.));
#3000 = ELLIPSE('',#3001,2.054119415597,1.4);
#3001 = AXIS2_PLACEMENT_3D('',#3002,#3003,#3004);
#3002 = CARTESIAN_POINT('',(-237.924838,85.284584,-26.73259908381));
#3003 = DIRECTION('',(-2.43E-15,-0.731764785805,-0.681557259704));
#3004 = DIRECTION('',(-2.1E-16,0.681557259704,-0.731764785805));
#3005 = ORIENTED_EDGE('',*,*,#3006,.T.);
#3006 = EDGE_CURVE('',#2996,#2998,#3007,.T.);
#3007 = LINE('',#3008,#3009);
#3008 = CARTESIAN_POINT('',(-210.174838,85.533638121231,-27.));
#3009 = VECTOR('',#3010,1.);
#3010 = DIRECTION('',(1.,-1.8E-16,-3.38E-15));
#3011 = PLANE('',#3012);
#3012 = AXIS2_PLACEMENT_3D('',#3013,#3014,#3015);
#3013 = CARTESIAN_POINT('',(-182.424838,83.484584,-24.80000047131));
#3014 = DIRECTION('',(-2.43E-15,-0.731764785805,-0.681557259704));
#3015 = DIRECTION('',(-1.2E-16,0.681557259704,-0.731764785805));
#3016 = ADVANCED_FACE('',(#3017),#3023,.T.);
#3017 = FACE_BOUND('',#3018,.T.);
#3018 = EDGE_LOOP('',(#3019,#3020,#3021,#3022));
#3019 = ORIENTED_EDGE('',*,*,#2084,.F.);
#3020 = ORIENTED_EDGE('',*,*,#2943,.T.);
#3021 = ORIENTED_EDGE('',*,*,#2201,.T.);
#3022 = ORIENTED_EDGE('',*,*,#2978,.F.);
#3023 = PLANE('',#3024);
#3024 = AXIS2_PLACEMENT_3D('',#3025,#3026,#3027);
#3025 = CARTESIAN_POINT('',(-182.424838,83.484584,-35.));
#3026 = DIRECTION('',(1.72E-15,1.,0.));
#3027 = DIRECTION('',(1.72E-15,-2.9584E-30,1.));
#3028 = ADVANCED_FACE('',(#3029),#3045,.F.);
#3029 = FACE_BOUND('',#3030,.F.);
#3030 = EDGE_LOOP('',(#3031,#3032,#3038,#3039));
#3031 = ORIENTED_EDGE('',*,*,#2100,.F.);
#3032 = ORIENTED_EDGE('',*,*,#3033,.T.);
#3033 = EDGE_CURVE('',#1702,#2238,#3034,.T.);
#3034 = LINE('',#3035,#3036);
#3035 = CARTESIAN_POINT('',(-182.424838,104.684584,-35.));
#3036 = VECTOR('',#3037,1.);
#3037 = DIRECTION('',(-1.,1.72E-15,1.72E-15));
#3038 = ORIENTED_EDGE('',*,*,#2237,.T.);
#3039 = ORIENTED_EDGE('',*,*,#3040,.F.);
#3040 = EDGE_CURVE('',#2101,#2228,#3041,.T.);
#3041 = LINE('',#3042,#3043);
#3042 = CARTESIAN_POINT('',(-182.424838,104.684584,-24.80000047131));
#3043 = VECTOR('',#3044,1.);
#3044 = DIRECTION('',(-1.,1.72E-15,1.72E-15));
#3045 = PLANE('',#3046);
#3046 = AXIS2_PLACEMENT_3D('',#3047,#3048,#3049);
#3047 = CARTESIAN_POINT('',(-182.424838,104.684584,-35.));
#3048 = DIRECTION('',(1.72E-15,1.,0.));
#3049 = DIRECTION('',(1.72E-15,-2.9584E-30,1.));
#3050 = ADVANCED_FACE('',(#3051,#3079),#3098,.F.);
#3051 = FACE_BOUND('',#3052,.F.);
#3052 = EDGE_LOOP('',(#3053,#3061,#3062,#3063,#3064,#3072));
#3053 = ORIENTED_EDGE('',*,*,#3054,.F.);
#3054 = EDGE_CURVE('',#2109,#3055,#3057,.T.);
#3055 = VERTEX_POINT('',#3056);
#3056 = CARTESIAN_POINT('',(-233.524876008,99.894900056021,
    -29.90479505256));
#3057 = LINE('',#3058,#3059);
#3058 = CARTESIAN_POINT('',(-182.424838,99.894900056021,-29.90479505256)
  );
#3059 = VECTOR('',#3060,1.);
#3060 = DIRECTION('',(-1.,1.72E-15,1.72E-15));
#3061 = ORIENTED_EDGE('',*,*,#2116,.F.);
#3062 = ORIENTED_EDGE('',*,*,#3040,.T.);
#3063 = ORIENTED_EDGE('',*,*,#2227,.T.);
#3064 = ORIENTED_EDGE('',*,*,#3065,.F.);
#3065 = EDGE_CURVE('',#3066,#2230,#3068,.T.);
#3066 = VERTEX_POINT('',#3067);
#3067 = CARTESIAN_POINT('',(-236.3247999919,99.894900056021,
    -29.90479505256));
#3068 = LINE('',#3069,#3070);
#3069 = CARTESIAN_POINT('',(-182.424838,99.894900056021,-29.90479505256)
  );
#3070 = VECTOR('',#3071,1.);
#3071 = DIRECTION('',(-1.,1.72E-15,1.72E-15));
#3072 = ORIENTED_EDGE('',*,*,#3073,.F.);
#3073 = EDGE_CURVE('',#3055,#3066,#3074,.T.);
#3074 = ELLIPSE('',#3075,2.046064023143,1.4);
#3075 = AXIS2_PLACEMENT_3D('',#3076,#3077,#3078);
#3076 = CARTESIAN_POINT('',(-234.924838,99.884584,-29.91578979615));
#3077 = DIRECTION('',(-8.E-17,-0.72925636875,0.684240563426));
#3078 = DIRECTION('',(-1.66E-15,0.684240563426,0.72925636875));
#3079 = FACE_BOUND('',#3080,.F.);
#3080 = EDGE_LOOP('',(#3081,#3092));
#3081 = ORIENTED_EDGE('',*,*,#3082,.F.);
#3082 = EDGE_CURVE('',#3083,#3085,#3087,.T.);
#3083 = VERTEX_POINT('',#3084);
#3084 = CARTESIAN_POINT('',(-239.2996833973,102.62038685129,-27.));
#3085 = VERTEX_POINT('',#3086);
#3086 = CARTESIAN_POINT('',(-236.5499926026,102.62038685129,-27.));
#3087 = ELLIPSE('',#3088,2.046064023143,1.4);
#3088 = AXIS2_PLACEMENT_3D('',#3089,#3090,#3091);
#3089 = CARTESIAN_POINT('',(-237.924838,102.884584,-26.71842146812));
#3090 = DIRECTION('',(-8.E-17,-0.72925636875,0.684240563426));
#3091 = DIRECTION('',(-2.55E-15,-0.684240563426,-0.72925636875));
#3092 = ORIENTED_EDGE('',*,*,#3093,.T.);
#3093 = EDGE_CURVE('',#3083,#3085,#3094,.T.);
#3094 = LINE('',#3095,#3096);
#3095 = CARTESIAN_POINT('',(-210.174838,102.62038685129,-27.));
#3096 = VECTOR('',#3097,1.);
#3097 = DIRECTION('',(1.,-3.28E-15,-3.38E-15));
#3098 = PLANE('',#3099);
#3099 = AXIS2_PLACEMENT_3D('',#3100,#3101,#3102);
#3100 = CARTESIAN_POINT('',(-182.424838,104.684584,-24.80000047131));
#3101 = DIRECTION('',(-8.E-17,-0.72925636875,0.684240563426));
#3102 = DIRECTION('',(-2.39E-15,-0.684240563426,-0.72925636875));
#3103 = ADVANCED_FACE('',(#3104,#3118),#3121,.F.);
#3104 = FACE_BOUND('',#3105,.F.);
#3105 = EDGE_LOOP('',(#3106,#3107,#3108,#3115,#3116,#3117));
#3106 = ORIENTED_EDGE('',*,*,#2108,.F.);
#3107 = ORIENTED_EDGE('',*,*,#3054,.T.);
#3108 = ORIENTED_EDGE('',*,*,#3109,.F.);
#3109 = EDGE_CURVE('',#3066,#3055,#3110,.T.);
#3110 = ELLIPSE('',#3111,2.044020816853,1.4);
#3111 = AXIS2_PLACEMENT_3D('',#3112,#3113,#3114);
#3112 = CARTESIAN_POINT('',(-234.924838,99.884584,-29.89382096318));
#3113 = DIRECTION('',(-2.43E-15,-0.728614017426,-0.684924531324));
#3114 = DIRECTION('',(-4.02E-15,-0.684924531324,0.728614017426));
#3115 = ORIENTED_EDGE('',*,*,#3065,.T.);
#3116 = ORIENTED_EDGE('',*,*,#2245,.T.);
#3117 = ORIENTED_EDGE('',*,*,#3033,.F.);
#3118 = FACE_BOUND('',#3119,.F.);
#3119 = EDGE_LOOP('',(#3120));
#3120 = ORIENTED_EDGE('',*,*,#2356,.F.);
#3121 = PLANE('',#3122);
#3122 = AXIS2_PLACEMENT_3D('',#3123,#3124,#3125);
#3123 = CARTESIAN_POINT('',(-182.424838,99.894900056021,-29.90479505256)
  );
#3124 = DIRECTION('',(-2.43E-15,-0.728614017426,-0.684924531324));
#3125 = DIRECTION('',(-1.1E-16,0.684924531324,-0.728614017426));
#3126 = ADVANCED_FACE('',(#3127),#3160,.F.);
#3127 = FACE_BOUND('',#3128,.F.);
#3128 = EDGE_LOOP('',(#3129,#3135,#3136,#3144,#3153,#3159));
#3129 = ORIENTED_EDGE('',*,*,#3130,.F.);
#3130 = EDGE_CURVE('',#2127,#2256,#3131,.T.);
#3131 = LINE('',#3132,#3133);
#3132 = CARTESIAN_POINT('',(-182.424838,94.084584,-23.70263190762));
#3133 = VECTOR('',#3134,1.);
#3134 = DIRECTION('',(-1.,1.72E-15,1.72E-15));
#3135 = ORIENTED_EDGE('',*,*,#2124,.F.);
#3136 = ORIENTED_EDGE('',*,*,#3137,.T.);
#3137 = EDGE_CURVE('',#2125,#3138,#3140,.T.);
#3138 = VERTEX_POINT('',#3139);
#3139 = CARTESIAN_POINT('',(-234.2037277449,89.484584,-18.80000047131));
#3140 = LINE('',#3141,#3142);
#3141 = CARTESIAN_POINT('',(-182.424838,89.484584,-18.80000047131));
#3142 = VECTOR('',#3143,1.);
#3143 = DIRECTION('',(-1.,1.72E-15,1.72E-15));
#3144 = ORIENTED_EDGE('',*,*,#3145,.F.);
#3145 = EDGE_CURVE('',#3146,#3138,#3148,.T.);
#3146 = VERTEX_POINT('',#3147);
#3147 = CARTESIAN_POINT('',(-235.645948255,89.484584,-18.80000047131));
#3148 = ELLIPSE('',#3149,2.046064023143,1.4);
#3149 = AXIS2_PLACEMENT_3D('',#3150,#3151,#3152);
#3150 = CARTESIAN_POINT('',(-234.924838,88.284584,-17.52105314009));
#3151 = DIRECTION('',(-2.43E-15,-0.72925636875,-0.684240563426));
#3152 = DIRECTION('',(-4.01E-15,-0.684240563426,0.72925636875));
#3153 = ORIENTED_EDGE('',*,*,#3154,.T.);
#3154 = EDGE_CURVE('',#3146,#2254,#3155,.T.);
#3155 = LINE('',#3156,#3157);
#3156 = CARTESIAN_POINT('',(-182.424838,89.484584,-18.80000047131));
#3157 = VECTOR('',#3158,1.);
#3158 = DIRECTION('',(-1.,1.72E-15,1.72E-15));
#3159 = ORIENTED_EDGE('',*,*,#2253,.T.);
#3160 = PLANE('',#3161);
#3161 = AXIS2_PLACEMENT_3D('',#3162,#3163,#3164);
#3162 = CARTESIAN_POINT('',(-182.424838,89.484584,-18.80000047131));
#3163 = DIRECTION('',(-2.43E-15,-0.72925636875,-0.684240563426));
#3164 = DIRECTION('',(-1.2E-16,0.684240563426,-0.72925636875));
#3165 = ADVANCED_FACE('',(#3166),#3194,.T.);
#3166 = FACE_BOUND('',#3167,.T.);
#3167 = EDGE_LOOP('',(#3168,#3169,#3170,#3178,#3187,#3193));
#3168 = ORIENTED_EDGE('',*,*,#3130,.F.);
#3169 = ORIENTED_EDGE('',*,*,#2142,.F.);
#3170 = ORIENTED_EDGE('',*,*,#3171,.T.);
#3171 = EDGE_CURVE('',#2135,#3172,#3174,.T.);
#3172 = VERTEX_POINT('',#3173);
#3173 = CARTESIAN_POINT('',(-234.2037277449,98.684584,-18.80000047131));
#3174 = LINE('',#3175,#3176);
#3175 = CARTESIAN_POINT('',(-182.424838,98.684584,-18.80000047131));
#3176 = VECTOR('',#3177,1.);
#3177 = DIRECTION('',(-1.,1.72E-15,1.72E-15));
#3178 = ORIENTED_EDGE('',*,*,#3179,.F.);
#3179 = EDGE_CURVE('',#3180,#3172,#3182,.T.);
#3180 = VERTEX_POINT('',#3181);
#3181 = CARTESIAN_POINT('',(-235.645948255,98.684584,-18.80000047131));
#3182 = ELLIPSE('',#3183,2.046064023143,1.4);
#3183 = AXIS2_PLACEMENT_3D('',#3184,#3185,#3186);
#3184 = CARTESIAN_POINT('',(-234.924838,99.884584,-17.52105314009));
#3185 = DIRECTION('',(-8.E-17,-0.72925636875,0.684240563426));
#3186 = DIRECTION('',(-1.66E-15,0.684240563426,0.72925636875));
#3187 = ORIENTED_EDGE('',*,*,#3188,.T.);
#3188 = EDGE_CURVE('',#3180,#2264,#3189,.T.);
#3189 = LINE('',#3190,#3191);
#3190 = CARTESIAN_POINT('',(-182.424838,98.684584,-18.80000047131));
#3191 = VECTOR('',#3192,1.);
#3192 = DIRECTION('',(-1.,1.72E-15,1.72E-15));
#3193 = ORIENTED_EDGE('',*,*,#2271,.T.);
#3194 = PLANE('',#3195);
#3195 = AXIS2_PLACEMENT_3D('',#3196,#3197,#3198);
#3196 = CARTESIAN_POINT('',(-182.424838,98.684584,-18.80000047131));
#3197 = DIRECTION('',(-8.E-17,-0.72925636875,0.684240563426));
#3198 = DIRECTION('',(-2.39E-15,-0.684240563426,-0.72925636875));
#3199 = ADVANCED_FACE('',(#3200),#3222,.T.);
#3200 = FACE_BOUND('',#3201,.T.);
#3201 = EDGE_LOOP('',(#3202,#3203,#3204,#3211,#3212,#3213,#3214,#3221));
#3202 = ORIENTED_EDGE('',*,*,#2134,.F.);
#3203 = ORIENTED_EDGE('',*,*,#3137,.T.);
#3204 = ORIENTED_EDGE('',*,*,#3205,.T.);
#3205 = EDGE_CURVE('',#3138,#3146,#3206,.T.);
#3206 = CIRCLE('',#3207,1.4);
#3207 = AXIS2_PLACEMENT_3D('',#3208,#3209,#3210);
#3208 = CARTESIAN_POINT('',(-234.924838,88.284584,-18.80000047131));
#3209 = DIRECTION('',(-1.26E-15,0.,1.));
#3210 = DIRECTION('',(1.,0.,1.26E-15));
#3211 = ORIENTED_EDGE('',*,*,#3154,.T.);
#3212 = ORIENTED_EDGE('',*,*,#2263,.T.);
#3213 = ORIENTED_EDGE('',*,*,#3188,.F.);
#3214 = ORIENTED_EDGE('',*,*,#3215,.T.);
#3215 = EDGE_CURVE('',#3180,#3172,#3216,.T.);
#3216 = CIRCLE('',#3217,1.4);
#3217 = AXIS2_PLACEMENT_3D('',#3218,#3219,#3220);
#3218 = CARTESIAN_POINT('',(-234.924838,99.884584,-18.80000047131));
#3219 = DIRECTION('',(-1.26E-15,0.,1.));
#3220 = DIRECTION('',(1.,0.,1.26E-15));
#3221 = ORIENTED_EDGE('',*,*,#3171,.F.);
#3222 = PLANE('',#3223);
#3223 = AXIS2_PLACEMENT_3D('',#3224,#3225,#3226);
#3224 = CARTESIAN_POINT('',(-182.424838,89.484584,-18.80000047131));
#3225 = DIRECTION('',(-1.72E-15,0.,-1.));
#3226 = DIRECTION('',(1.67E-15,1.,-2.8724E-30));
#3227 = ADVANCED_FACE('',(#3228,#3256,#3267,#3278,#3289,#3300),#3311,.T.
  );
#3228 = FACE_BOUND('',#3229,.T.);
#3229 = EDGE_LOOP('',(#3230,#3231,#3239,#3248,#3254,#3255));
#3230 = ORIENTED_EDGE('',*,*,#2392,.F.);
#3231 = ORIENTED_EDGE('',*,*,#3232,.F.);
#3232 = EDGE_CURVE('',#3233,#2393,#3235,.T.);
#3233 = VERTEX_POINT('',#3234);
#3234 = CARTESIAN_POINT('',(-291.9248376567,76.584584,0.));
#3235 = LINE('',#3236,#3237);
#3236 = CARTESIAN_POINT('',(-291.9248376567,76.584584,0.));
#3237 = VECTOR('',#3238,1.);
#3238 = DIRECTION('',(0.999997637059,-2.173907922873E-03,0.));
#3239 = ORIENTED_EDGE('',*,*,#3240,.F.);
#3240 = EDGE_CURVE('',#3241,#3233,#3243,.T.);
#3241 = VERTEX_POINT('',#3242);
#3242 = CARTESIAN_POINT('',(-291.924832281,111.58458399999,0.));
#3243 = CIRCLE('',#3244,17.5);
#3244 = AXIS2_PLACEMENT_3D('',#3245,#3246,#3247);
#3245 = CARTESIAN_POINT('',(-291.924838,94.084584,0.));
#3246 = DIRECTION('',(0.,0.,1.));
#3247 = DIRECTION('',(1.,0.,0.));
#3248 = ORIENTED_EDGE('',*,*,#3249,.T.);
#3249 = EDGE_CURVE('',#3241,#2694,#3250,.T.);
#3250 = LINE('',#3251,#3252);
#3251 = CARTESIAN_POINT('',(-291.924832281,111.58458399999,0.));
#3252 = VECTOR('',#3253,1.);
#3253 = DIRECTION('',(0.999997637059,2.173908176939E-03,0.));
#3254 = ORIENTED_EDGE('',*,*,#2711,.T.);
#3255 = ORIENTED_EDGE('',*,*,#2180,.F.);
#3256 = FACE_BOUND('',#3257,.T.);
#3257 = EDGE_LOOP('',(#3258));
#3258 = ORIENTED_EDGE('',*,*,#3259,.T.);
#3259 = EDGE_CURVE('',#3260,#3260,#3262,.T.);
#3260 = VERTEX_POINT('',#3261);
#3261 = CARTESIAN_POINT('',(-290.824838,86.834584,0.));
#3262 = CIRCLE('',#3263,1.1);
#3263 = AXIS2_PLACEMENT_3D('',#3264,#3265,#3266);
#3264 = CARTESIAN_POINT('',(-291.924838,86.834584,0.));
#3265 = DIRECTION('',(0.,0.,1.));
#3266 = DIRECTION('',(1.,0.,0.));
#3267 = FACE_BOUND('',#3268,.T.);
#3268 = EDGE_LOOP('',(#3269));
#3269 = ORIENTED_EDGE('',*,*,#3270,.T.);
#3270 = EDGE_CURVE('',#3271,#3271,#3273,.T.);
#3271 = VERTEX_POINT('',#3272);
#3272 = CARTESIAN_POINT('',(-283.574838,94.084584,0.));
#3273 = CIRCLE('',#3274,1.1);
#3274 = AXIS2_PLACEMENT_3D('',#3275,#3276,#3277);
#3275 = CARTESIAN_POINT('',(-284.674838,94.084584,0.));
#3276 = DIRECTION('',(0.,0.,1.));
#3277 = DIRECTION('',(1.,0.,0.));
#3278 = FACE_BOUND('',#3279,.T.);
#3279 = EDGE_LOOP('',(#3280));
#3280 = ORIENTED_EDGE('',*,*,#3281,.T.);
#3281 = EDGE_CURVE('',#3282,#3282,#3284,.T.);
#3282 = VERTEX_POINT('',#3283);
#3283 = CARTESIAN_POINT('',(-287.544838,94.084584,0.));
#3284 = CIRCLE('',#3285,4.38);
#3285 = AXIS2_PLACEMENT_3D('',#3286,#3287,#3288);
#3286 = CARTESIAN_POINT('',(-291.924838,94.084584,0.));
#3287 = DIRECTION('',(0.,0.,1.));
#3288 = DIRECTION('',(1.,0.,0.));
#3289 = FACE_BOUND('',#3290,.T.);
#3290 = EDGE_LOOP('',(#3291));
#3291 = ORIENTED_EDGE('',*,*,#3292,.T.);
#3292 = EDGE_CURVE('',#3293,#3293,#3295,.T.);
#3293 = VERTEX_POINT('',#3294);
#3294 = CARTESIAN_POINT('',(-290.824838,101.334584,0.));
#3295 = CIRCLE('',#3296,1.1);
#3296 = AXIS2_PLACEMENT_3D('',#3297,#3298,#3299);
#3297 = CARTESIAN_POINT('',(-291.924838,101.334584,0.));
#3298 = DIRECTION('',(0.,0.,1.));
#3299 = DIRECTION('',(1.,0.,0.));
#3300 = FACE_BOUND('',#3301,.T.);
#3301 = EDGE_LOOP('',(#3302));
#3302 = ORIENTED_EDGE('',*,*,#3303,.T.);
#3303 = EDGE_CURVE('',#3304,#3304,#3306,.T.);
#3304 = VERTEX_POINT('',#3305);
#3305 = CARTESIAN_POINT('',(-298.074838,94.084584,0.));
#3306 = CIRCLE('',#3307,1.1);
#3307 = AXIS2_PLACEMENT_3D('',#3308,#3309,#3310);
#3308 = CARTESIAN_POINT('',(-299.174838,94.084584,0.));
#3309 = DIRECTION('',(0.,0.,1.));
#3310 = DIRECTION('',(1.,0.,0.));
#3311 = PLANE('',#3312);
#3312 = AXIS2_PLACEMENT_3D('',#3313,#3314,#3315);
#3313 = CARTESIAN_POINT('',(-273.5816322481,94.084583925606,0.));
#3314 = DIRECTION('',(-0.,-0.,-1.));
#3315 = DIRECTION('',(-1.,0.,0.));
#3316 = ADVANCED_FACE('',(#3317,#3320),#3331,.F.);
#3317 = FACE_BOUND('',#3318,.F.);
#3318 = EDGE_LOOP('',(#3319));
#3319 = ORIENTED_EDGE('',*,*,#2330,.F.);
#3320 = FACE_BOUND('',#3321,.F.);
#3321 = EDGE_LOOP('',(#3322));
#3322 = ORIENTED_EDGE('',*,*,#3323,.T.);
#3323 = EDGE_CURVE('',#3324,#3324,#3326,.T.);
#3324 = VERTEX_POINT('',#3325);
#3325 = CARTESIAN_POINT('',(-197.204838,94.084584,-49.));
#3326 = CIRCLE('',#3327,2.72);
#3327 = AXIS2_PLACEMENT_3D('',#3328,#3329,#3330);
#3328 = CARTESIAN_POINT('',(-199.924838,94.084584,-49.));
#3329 = DIRECTION('',(-1.8E-15,-0.,-1.));
#3330 = DIRECTION('',(1.,0.,-1.8E-15));
#3331 = PLANE('',#3332);
#3332 = AXIS2_PLACEMENT_3D('',#3333,#3334,#3335);
#3333 = CARTESIAN_POINT('',(-199.924838,94.084584,-49.));
#3334 = DIRECTION('',(1.22E-15,0.,1.));
#3335 = DIRECTION('',(1.,0.,-1.22E-15));
#3336 = ADVANCED_FACE('',(#3337),#3348,.T.);
#3337 = FACE_BOUND('',#3338,.T.);
#3338 = EDGE_LOOP('',(#3339,#3340,#3346,#3347));
#3339 = ORIENTED_EDGE('',*,*,#2372,.F.);
#3340 = ORIENTED_EDGE('',*,*,#3341,.T.);
#3341 = EDGE_CURVE('',#2373,#3324,#3342,.T.);
#3342 = LINE('',#3343,#3344);
#3343 = CARTESIAN_POINT('',(-197.204838,94.084584,-54.6));
#3344 = VECTOR('',#3345,1.);
#3345 = DIRECTION('',(1.8E-15,0.,1.));
#3346 = ORIENTED_EDGE('',*,*,#3323,.T.);
#3347 = ORIENTED_EDGE('',*,*,#3341,.F.);
#3348 = CYLINDRICAL_SURFACE('',#3349,2.72);
#3349 = AXIS2_PLACEMENT_3D('',#3350,#3351,#3352);
#3350 = CARTESIAN_POINT('',(-199.924838,94.084584,-54.6));
#3351 = DIRECTION('',(-1.8E-15,-0.,-1.));
#3352 = DIRECTION('',(1.,0.,-1.8E-15));
#3353 = ADVANCED_FACE('',(#3354,#3389,#3400,#3411),#3422,.T.);
#3354 = FACE_BOUND('',#3355,.T.);
#3355 = EDGE_LOOP('',(#3356,#3357,#3365,#3374,#3380,#3381,#3382,#3388));
#3356 = ORIENTED_EDGE('',*,*,#2703,.F.);
#3357 = ORIENTED_EDGE('',*,*,#3358,.F.);
#3358 = EDGE_CURVE('',#3359,#2696,#3361,.T.);
#3359 = VERTEX_POINT('',#3360);
#3360 = CARTESIAN_POINT('',(-291.924832281,111.58458399999,5.));
#3361 = LINE('',#3362,#3363);
#3362 = CARTESIAN_POINT('',(-291.924832281,111.58458399999,5.));
#3363 = VECTOR('',#3364,1.);
#3364 = DIRECTION('',(0.999997637059,2.173908176939E-03,0.));
#3365 = ORIENTED_EDGE('',*,*,#3366,.T.);
#3366 = EDGE_CURVE('',#3359,#3367,#3369,.T.);
#3367 = VERTEX_POINT('',#3368);
#3368 = CARTESIAN_POINT('',(-291.9248376567,76.584584,5.));
#3369 = CIRCLE('',#3370,17.5);
#3370 = AXIS2_PLACEMENT_3D('',#3371,#3372,#3373);
#3371 = CARTESIAN_POINT('',(-291.924838,94.084584,5.));
#3372 = DIRECTION('',(0.,0.,1.));
#3373 = DIRECTION('',(1.,0.,0.));
#3374 = ORIENTED_EDGE('',*,*,#3375,.T.);
#3375 = EDGE_CURVE('',#3367,#2403,#3376,.T.);
#3376 = LINE('',#3377,#3378);
#3377 = CARTESIAN_POINT('',(-291.9248376567,76.584584,5.));
#3378 = VECTOR('',#3379,1.);
#3379 = DIRECTION('',(0.999997637059,-2.173907922873E-03,0.));
#3380 = ORIENTED_EDGE('',*,*,#2402,.T.);
#3381 = ORIENTED_EDGE('',*,*,#2433,.F.);
#3382 = ORIENTED_EDGE('',*,*,#3383,.F.);
#3383 = EDGE_CURVE('',#2604,#2426,#3384,.T.);
#3384 = LINE('',#3385,#3386);
#3385 = CARTESIAN_POINT('',(-237.924838,111.6845836773,5.));
#3386 = VECTOR('',#3387,1.);
#3387 = DIRECTION('',(0.,-1.,0.));
#3388 = ORIENTED_EDGE('',*,*,#2603,.F.);
#3389 = FACE_BOUND('',#3390,.T.);
#3390 = EDGE_LOOP('',(#3391));
#3391 = ORIENTED_EDGE('',*,*,#3392,.F.);
#3392 = EDGE_CURVE('',#3393,#3393,#3395,.T.);
#3393 = VERTEX_POINT('',#3394);
#3394 = CARTESIAN_POINT('',(-241.024838,85.2845836773,5.));
#3395 = CIRCLE('',#3396,0.9);
#3396 = AXIS2_PLACEMENT_3D('',#3397,#3398,#3399);
#3397 = CARTESIAN_POINT('',(-241.924838,85.2845836773,5.));
#3398 = DIRECTION('',(0.,0.,1.));
#3399 = DIRECTION('',(1.,0.,0.));
#3400 = FACE_BOUND('',#3401,.T.);
#3401 = EDGE_LOOP('',(#3402));
#3402 = ORIENTED_EDGE('',*,*,#3403,.F.);
#3403 = EDGE_CURVE('',#3404,#3404,#3406,.T.);
#3404 = VERTEX_POINT('',#3405);
#3405 = CARTESIAN_POINT('',(-281.174838,94.084584,5.));
#3406 = CIRCLE('',#3407,10.75);
#3407 = AXIS2_PLACEMENT_3D('',#3408,#3409,#3410);
#3408 = CARTESIAN_POINT('',(-291.924838,94.084584,5.));
#3409 = DIRECTION('',(0.,0.,1.));
#3410 = DIRECTION('',(1.,0.,0.));
#3411 = FACE_BOUND('',#3412,.T.);
#3412 = EDGE_LOOP('',(#3413));
#3413 = ORIENTED_EDGE('',*,*,#3414,.F.);
#3414 = EDGE_CURVE('',#3415,#3415,#3417,.T.);
#3415 = VERTEX_POINT('',#3416);
#3416 = CARTESIAN_POINT('',(-241.024838,102.884584,5.));
#3417 = CIRCLE('',#3418,0.9);
#3418 = AXIS2_PLACEMENT_3D('',#3419,#3420,#3421);
#3419 = CARTESIAN_POINT('',(-241.924838,102.884584,5.));
#3420 = DIRECTION('',(0.,0.,1.));
#3421 = DIRECTION('',(1.,0.,0.));
#3422 = PLANE('',#3423);
#3423 = AXIS2_PLACEMENT_3D('',#3424,#3425,#3426);
#3424 = CARTESIAN_POINT('',(-270.0221312335,94.084583849799,5.));
#3425 = DIRECTION('',(0.,0.,1.));
#3426 = DIRECTION('',(1.,0.,0.));
#3427 = ADVANCED_FACE('',(#3428),#3439,.T.);
#3428 = FACE_BOUND('',#3429,.T.);
#3429 = EDGE_LOOP('',(#3430,#3436,#3437,#3438));
#3430 = ORIENTED_EDGE('',*,*,#3431,.T.);
#3431 = EDGE_CURVE('',#3367,#3233,#3432,.T.);
#3432 = LINE('',#3433,#3434);
#3433 = CARTESIAN_POINT('',(-291.9248376567,76.584584,5.));
#3434 = VECTOR('',#3435,1.);
#3435 = DIRECTION('',(-0.,-0.,-1.));
#3436 = ORIENTED_EDGE('',*,*,#3232,.T.);
#3437 = ORIENTED_EDGE('',*,*,#2410,.T.);
#3438 = ORIENTED_EDGE('',*,*,#3375,.F.);
#3439 = PLANE('',#3440);
#3440 = AXIS2_PLACEMENT_3D('',#3441,#3442,#3443);
#3441 = CARTESIAN_POINT('',(-291.9248376567,76.584584,5.));
#3442 = DIRECTION('',(-2.173907922873E-03,-0.999997637059,0.));
#3443 = DIRECTION('',(0.999997637059,-2.173907922873E-03,0.));
#3444 = ADVANCED_FACE('',(#3445),#3455,.T.);
#3445 = FACE_BOUND('',#3446,.F.);
#3446 = EDGE_LOOP('',(#3447,#3453,#3454));
#3447 = ORIENTED_EDGE('',*,*,#3448,.T.);
#3448 = EDGE_CURVE('',#2426,#2890,#3449,.T.);
#3449 = LINE('',#3450,#3451);
#3450 = CARTESIAN_POINT('',(-237.9248380016,83.484583963679,
    5.000000004682));
#3451 = VECTOR('',#3452,1.);
#3452 = DIRECTION('',(3.37984449224E-15,6.68911E-10,-1.));
#3453 = ORIENTED_EDGE('',*,*,#2897,.T.);
#3454 = ORIENTED_EDGE('',*,*,#2425,.T.);
#3455 = PLANE('',#3456);
#3456 = AXIS2_PLACEMENT_3D('',#3457,#3458,#3459);
#3457 = CARTESIAN_POINT('',(-235.8248380009,83.484583970722,
    -4.799999996829));
#3458 = DIRECTION('',(-2.324774E-10,1.,6.689117E-10));
#3459 = DIRECTION('',(0.,-6.689117E-10,1.));
#3460 = ADVANCED_FACE('',(#3461),#3471,.F.);
#3461 = FACE_BOUND('',#3462,.F.);
#3462 = EDGE_LOOP('',(#3463,#3464,#3470));
#3463 = ORIENTED_EDGE('',*,*,#2881,.T.);
#3464 = ORIENTED_EDGE('',*,*,#3465,.T.);
#3465 = EDGE_CURVE('',#2882,#2604,#3466,.T.);
#3466 = LINE('',#3467,#3468);
#3467 = CARTESIAN_POINT('',(-237.9248380065,104.68458397491,
    -11.79999998113));
#3468 = VECTOR('',#3469,1.);
#3469 = DIRECTION('',(-3.379844492472E-15,-6.6891E-10,1.));
#3470 = ORIENTED_EDGE('',*,*,#2611,.T.);
#3471 = PLANE('',#3472);
#3472 = AXIS2_PLACEMENT_3D('',#3473,#3474,#3475);
#3473 = CARTESIAN_POINT('',(-235.8248380058,104.68458397072,
    -4.799999982648));
#3474 = DIRECTION('',(-2.3247943E-10,1.,6.6891001E-10));
#3475 = DIRECTION('',(0.,-6.6891001E-10,1.));
#3476 = ADVANCED_FACE('',(#3477),#3480,.T.);
#3477 = FACE_BOUND('',#3478,.T.);
#3478 = EDGE_LOOP('',(#3479));
#3479 = ORIENTED_EDGE('',*,*,#2636,.T.);
#3480 = PLANE('',#3481);
#3481 = AXIS2_PLACEMENT_3D('',#3482,#3483,#3484);
#3482 = CARTESIAN_POINT('',(-210.174838,94.084584,-31.8));
#3483 = DIRECTION('',(-1.26E-15,0.,1.));
#3484 = DIRECTION('',(1.,0.,1.26E-15));
#3485 = ADVANCED_FACE('',(#3486),#3489,.T.);
#3486 = FACE_BOUND('',#3487,.T.);
#3487 = EDGE_LOOP('',(#3488));
#3488 = ORIENTED_EDGE('',*,*,#2669,.T.);
#3489 = PLANE('',#3490);
#3490 = AXIS2_PLACEMENT_3D('',#3491,#3492,#3493);
#3491 = CARTESIAN_POINT('',(-210.174838,94.084584,-31.8));
#3492 = DIRECTION('',(-1.26E-15,0.,1.));
#3493 = DIRECTION('',(1.,0.,1.26E-15));
#3494 = ADVANCED_FACE('',(#3495),#3506,.F.);
#3495 = FACE_BOUND('',#3496,.F.);
#3496 = EDGE_LOOP('',(#3497,#3503,#3504,#3505));
#3497 = ORIENTED_EDGE('',*,*,#3498,.T.);
#3498 = EDGE_CURVE('',#3359,#3241,#3499,.T.);
#3499 = LINE('',#3500,#3501);
#3500 = CARTESIAN_POINT('',(-291.924832281,111.58458399999,5.));
#3501 = VECTOR('',#3502,1.);
#3502 = DIRECTION('',(-0.,-0.,-1.));
#3503 = ORIENTED_EDGE('',*,*,#3249,.T.);
#3504 = ORIENTED_EDGE('',*,*,#2693,.T.);
#3505 = ORIENTED_EDGE('',*,*,#3358,.F.);
#3506 = PLANE('',#3507);
#3507 = AXIS2_PLACEMENT_3D('',#3508,#3509,#3510);
#3508 = CARTESIAN_POINT('',(-291.924832281,111.58458399999,5.));
#3509 = DIRECTION('',(2.173908176939E-03,-0.999997637059,0.));
#3510 = DIRECTION('',(0.999997637059,2.173908176939E-03,0.));
#3511 = ADVANCED_FACE('',(#3512),#3518,.T.);
#3512 = FACE_BOUND('',#3513,.T.);
#3513 = EDGE_LOOP('',(#3514,#3515,#3516,#3517));
#3514 = ORIENTED_EDGE('',*,*,#2889,.F.);
#3515 = ORIENTED_EDGE('',*,*,#3465,.T.);
#3516 = ORIENTED_EDGE('',*,*,#3383,.T.);
#3517 = ORIENTED_EDGE('',*,*,#3448,.T.);
#3518 = PLANE('',#3519);
#3519 = AXIS2_PLACEMENT_3D('',#3520,#3521,#3522);
#3520 = CARTESIAN_POINT('',(-237.924838,94.084583922579,-24.5));
#3521 = DIRECTION('',(1.,0.,1.51E-15));
#3522 = DIRECTION('',(-1.51E-15,0.,1.));
#3523 = ADVANCED_FACE('',(#3524,#3543,#3547),#3551,.F.);
#3524 = FACE_BOUND('',#3525,.F.);
#3525 = EDGE_LOOP('',(#3526,#3527,#3535,#3542));
#3526 = ORIENTED_EDGE('',*,*,#2906,.F.);
#3527 = ORIENTED_EDGE('',*,*,#3528,.T.);
#3528 = EDGE_CURVE('',#2907,#3529,#3531,.T.);
#3529 = VERTEX_POINT('',#3530);
#3530 = CARTESIAN_POINT('',(-233.524838,88.284584,-31.8));
#3531 = LINE('',#3532,#3533);
#3532 = CARTESIAN_POINT('',(-233.524838,88.284584,-11.8));
#3533 = VECTOR('',#3534,1.);
#3534 = DIRECTION('',(1.26E-15,0.,-1.));
#3535 = ORIENTED_EDGE('',*,*,#3536,.T.);
#3536 = EDGE_CURVE('',#3529,#3529,#3537,.T.);
#3537 = CIRCLE('',#3538,1.4);
#3538 = AXIS2_PLACEMENT_3D('',#3539,#3540,#3541);
#3539 = CARTESIAN_POINT('',(-234.924838,88.284584,-31.8));
#3540 = DIRECTION('',(-1.E-15,0.,1.));
#3541 = DIRECTION('',(1.,0.,1.E-15));
#3542 = ORIENTED_EDGE('',*,*,#3528,.F.);
#3543 = FACE_BOUND('',#3544,.F.);
#3544 = EDGE_LOOP('',(#3545,#3546));
#3545 = ORIENTED_EDGE('',*,*,#2986,.F.);
#3546 = ORIENTED_EDGE('',*,*,#2958,.T.);
#3547 = FACE_BOUND('',#3548,.F.);
#3548 = EDGE_LOOP('',(#3549,#3550));
#3549 = ORIENTED_EDGE('',*,*,#3205,.T.);
#3550 = ORIENTED_EDGE('',*,*,#3145,.T.);
#3551 = CYLINDRICAL_SURFACE('',#3552,1.4);
#3552 = AXIS2_PLACEMENT_3D('',#3553,#3554,#3555);
#3553 = CARTESIAN_POINT('',(-234.924838,88.284584,-11.8));
#3554 = DIRECTION('',(-1.26E-15,0.,1.));
#3555 = DIRECTION('',(1.,0.,1.26E-15));
#3556 = ADVANCED_FACE('',(#3557,#3576,#3580),#3584,.F.);
#3557 = FACE_BOUND('',#3558,.F.);
#3558 = EDGE_LOOP('',(#3559,#3560,#3568,#3575));
#3559 = ORIENTED_EDGE('',*,*,#2917,.F.);
#3560 = ORIENTED_EDGE('',*,*,#3561,.T.);
#3561 = EDGE_CURVE('',#2918,#3562,#3564,.T.);
#3562 = VERTEX_POINT('',#3563);
#3563 = CARTESIAN_POINT('',(-233.524838,99.884584,-31.8));
#3564 = LINE('',#3565,#3566);
#3565 = CARTESIAN_POINT('',(-233.524838,99.884584,-11.8));
#3566 = VECTOR('',#3567,1.);
#3567 = DIRECTION('',(1.26E-15,0.,-1.));
#3568 = ORIENTED_EDGE('',*,*,#3569,.T.);
#3569 = EDGE_CURVE('',#3562,#3562,#3570,.T.);
#3570 = CIRCLE('',#3571,1.4);
#3571 = AXIS2_PLACEMENT_3D('',#3572,#3573,#3574);
#3572 = CARTESIAN_POINT('',(-234.924838,99.884584,-31.8));
#3573 = DIRECTION('',(-1.E-15,0.,1.));
#3574 = DIRECTION('',(1.,0.,1.E-15));
#3575 = ORIENTED_EDGE('',*,*,#3561,.F.);
#3576 = FACE_BOUND('',#3577,.F.);
#3577 = EDGE_LOOP('',(#3578,#3579));
#3578 = ORIENTED_EDGE('',*,*,#3109,.T.);
#3579 = ORIENTED_EDGE('',*,*,#3073,.T.);
#3580 = FACE_BOUND('',#3581,.F.);
#3581 = EDGE_LOOP('',(#3582,#3583));
#3582 = ORIENTED_EDGE('',*,*,#3179,.F.);
#3583 = ORIENTED_EDGE('',*,*,#3215,.T.);
#3584 = CYLINDRICAL_SURFACE('',#3585,1.4);
#3585 = AXIS2_PLACEMENT_3D('',#3586,#3587,#3588);
#3586 = CARTESIAN_POINT('',(-234.924838,99.884584,-11.8));
#3587 = DIRECTION('',(-1.26E-15,0.,1.));
#3588 = DIRECTION('',(1.,0.,1.26E-15));
#3589 = ADVANCED_FACE('',(#3590),#3600,.F.);
#3590 = FACE_BOUND('',#3591,.F.);
#3591 = EDGE_LOOP('',(#3592,#3593));
#3592 = ORIENTED_EDGE('',*,*,#2995,.F.);
#3593 = ORIENTED_EDGE('',*,*,#3594,.T.);
#3594 = EDGE_CURVE('',#2996,#2998,#3595,.T.);
#3595 = CIRCLE('',#3596,1.4);
#3596 = AXIS2_PLACEMENT_3D('',#3597,#3598,#3599);
#3597 = CARTESIAN_POINT('',(-237.924838,85.284584,-27.));
#3598 = DIRECTION('',(-2.E-15,-0.,-1.));
#3599 = DIRECTION('',(1.,0.,-2.E-15));
#3600 = CYLINDRICAL_SURFACE('',#3601,1.4);
#3601 = AXIS2_PLACEMENT_3D('',#3602,#3603,#3604);
#3602 = CARTESIAN_POINT('',(-237.924838,85.284584,-47.));
#3603 = DIRECTION('',(-1.81E-15,-0.,-1.));
#3604 = DIRECTION('',(1.,0.,-1.81E-15));
#3605 = ADVANCED_FACE('',(#3606),#3610,.F.);
#3606 = FACE_BOUND('',#3607,.F.);
#3607 = EDGE_LOOP('',(#3608,#3609));
#3608 = ORIENTED_EDGE('',*,*,#3594,.F.);
#3609 = ORIENTED_EDGE('',*,*,#3006,.T.);
#3610 = PLANE('',#3611);
#3611 = AXIS2_PLACEMENT_3D('',#3612,#3613,#3614);
#3612 = CARTESIAN_POINT('',(-237.924838,94.084584,-27.));
#3613 = DIRECTION('',(3.38E-15,0.,1.));
#3614 = DIRECTION('',(1.,0.,-3.38E-15));
#3615 = ADVANCED_FACE('',(#3616),#3626,.F.);
#3616 = FACE_BOUND('',#3617,.F.);
#3617 = EDGE_LOOP('',(#3618,#3619));
#3618 = ORIENTED_EDGE('',*,*,#3082,.T.);
#3619 = ORIENTED_EDGE('',*,*,#3620,.T.);
#3620 = EDGE_CURVE('',#3085,#3083,#3621,.T.);
#3621 = CIRCLE('',#3622,1.4);
#3622 = AXIS2_PLACEMENT_3D('',#3623,#3624,#3625);
#3623 = CARTESIAN_POINT('',(-237.924838,102.884584,-27.));
#3624 = DIRECTION('',(-2.E-15,-0.,-1.));
#3625 = DIRECTION('',(1.,0.,-2.E-15));
#3626 = CYLINDRICAL_SURFACE('',#3627,1.4);
#3627 = AXIS2_PLACEMENT_3D('',#3628,#3629,#3630);
#3628 = CARTESIAN_POINT('',(-237.924838,102.884584,-47.));
#3629 = DIRECTION('',(-1.81E-15,-0.,-1.));
#3630 = DIRECTION('',(1.,0.,-1.81E-15));
#3631 = ADVANCED_FACE('',(#3632),#3636,.F.);
#3632 = FACE_BOUND('',#3633,.F.);
#3633 = EDGE_LOOP('',(#3634,#3635));
#3634 = ORIENTED_EDGE('',*,*,#3620,.F.);
#3635 = ORIENTED_EDGE('',*,*,#3093,.F.);
#3636 = PLANE('',#3637);
#3637 = AXIS2_PLACEMENT_3D('',#3638,#3639,#3640);
#3638 = CARTESIAN_POINT('',(-237.924838,94.084584,-27.));
#3639 = DIRECTION('',(3.38E-15,0.,1.));
#3640 = DIRECTION('',(1.,0.,-3.38E-15));
#3641 = ADVANCED_FACE('',(#3642),#3648,.T.);
#3642 = FACE_BOUND('',#3643,.T.);
#3643 = EDGE_LOOP('',(#3644,#3645,#3646,#3647));
#3644 = ORIENTED_EDGE('',*,*,#3498,.T.);
#3645 = ORIENTED_EDGE('',*,*,#3240,.T.);
#3646 = ORIENTED_EDGE('',*,*,#3431,.F.);
#3647 = ORIENTED_EDGE('',*,*,#3366,.F.);
#3648 = CYLINDRICAL_SURFACE('',#3649,17.5);
#3649 = AXIS2_PLACEMENT_3D('',#3650,#3651,#3652);
#3650 = CARTESIAN_POINT('',(-291.924838,94.084584,5.));
#3651 = DIRECTION('',(0.,0.,1.));
#3652 = DIRECTION('',(1.,0.,0.));
#3653 = ADVANCED_FACE('',(#3654),#3673,.F.);
#3654 = FACE_BOUND('',#3655,.F.);
#3655 = EDGE_LOOP('',(#3656,#3665,#3671,#3672));
#3656 = ORIENTED_EDGE('',*,*,#3657,.F.);
#3657 = EDGE_CURVE('',#3658,#3658,#3660,.T.);
#3658 = VERTEX_POINT('',#3659);
#3659 = CARTESIAN_POINT('',(-290.824838,86.834584,2.25));
#3660 = CIRCLE('',#3661,1.1);
#3661 = AXIS2_PLACEMENT_3D('',#3662,#3663,#3664);
#3662 = CARTESIAN_POINT('',(-291.924838,86.834584,2.25));
#3663 = DIRECTION('',(0.,0.,1.));
#3664 = DIRECTION('',(1.,0.,0.));
#3665 = ORIENTED_EDGE('',*,*,#3666,.T.);
#3666 = EDGE_CURVE('',#3658,#3260,#3667,.T.);
#3667 = LINE('',#3668,#3669);
#3668 = CARTESIAN_POINT('',(-290.824838,86.834584,2.25));
#3669 = VECTOR('',#3670,1.);
#3670 = DIRECTION('',(-0.,-0.,-1.));
#3671 = ORIENTED_EDGE('',*,*,#3259,.T.);
#3672 = ORIENTED_EDGE('',*,*,#3666,.F.);
#3673 = CYLINDRICAL_SURFACE('',#3674,1.1);
#3674 = AXIS2_PLACEMENT_3D('',#3675,#3676,#3677);
#3675 = CARTESIAN_POINT('',(-291.924838,86.834584,2.25));
#3676 = DIRECTION('',(0.,0.,1.));
#3677 = DIRECTION('',(1.,0.,0.));
#3678 = ADVANCED_FACE('',(#3679),#3698,.F.);
#3679 = FACE_BOUND('',#3680,.F.);
#3680 = EDGE_LOOP('',(#3681,#3690,#3696,#3697));
#3681 = ORIENTED_EDGE('',*,*,#3682,.F.);
#3682 = EDGE_CURVE('',#3683,#3683,#3685,.T.);
#3683 = VERTEX_POINT('',#3684);
#3684 = CARTESIAN_POINT('',(-283.574838,94.084584,2.25));
#3685 = CIRCLE('',#3686,1.1);
#3686 = AXIS2_PLACEMENT_3D('',#3687,#3688,#3689);
#3687 = CARTESIAN_POINT('',(-284.674838,94.084584,2.25));
#3688 = DIRECTION('',(0.,0.,1.));
#3689 = DIRECTION('',(1.,0.,0.));
#3690 = ORIENTED_EDGE('',*,*,#3691,.T.);
#3691 = EDGE_CURVE('',#3683,#3271,#3692,.T.);
#3692 = LINE('',#3693,#3694);
#3693 = CARTESIAN_POINT('',(-283.574838,94.084584,2.25));
#3694 = VECTOR('',#3695,1.);
#3695 = DIRECTION('',(-0.,-0.,-1.));
#3696 = ORIENTED_EDGE('',*,*,#3270,.T.);
#3697 = ORIENTED_EDGE('',*,*,#3691,.F.);
#3698 = CYLINDRICAL_SURFACE('',#3699,1.1);
#3699 = AXIS2_PLACEMENT_3D('',#3700,#3701,#3702);
#3700 = CARTESIAN_POINT('',(-284.674838,94.084584,2.25));
#3701 = DIRECTION('',(0.,0.,1.));
#3702 = DIRECTION('',(1.,0.,0.));
#3703 = ADVANCED_FACE('',(#3704),#3723,.F.);
#3704 = FACE_BOUND('',#3705,.F.);
#3705 = EDGE_LOOP('',(#3706,#3715,#3721,#3722));
#3706 = ORIENTED_EDGE('',*,*,#3707,.F.);
#3707 = EDGE_CURVE('',#3708,#3708,#3710,.T.);
#3708 = VERTEX_POINT('',#3709);
#3709 = CARTESIAN_POINT('',(-287.544838,94.084584,2.25));
#3710 = CIRCLE('',#3711,4.38);
#3711 = AXIS2_PLACEMENT_3D('',#3712,#3713,#3714);
#3712 = CARTESIAN_POINT('',(-291.924838,94.084584,2.25));
#3713 = DIRECTION('',(0.,0.,1.));
#3714 = DIRECTION('',(1.,0.,0.));
#3715 = ORIENTED_EDGE('',*,*,#3716,.T.);
#3716 = EDGE_CURVE('',#3708,#3282,#3717,.T.);
#3717 = LINE('',#3718,#3719);
#3718 = CARTESIAN_POINT('',(-287.544838,94.084584,2.25));
#3719 = VECTOR('',#3720,1.);
#3720 = DIRECTION('',(-0.,-0.,-1.));
#3721 = ORIENTED_EDGE('',*,*,#3281,.T.);
#3722 = ORIENTED_EDGE('',*,*,#3716,.F.);
#3723 = CYLINDRICAL_SURFACE('',#3724,4.38);
#3724 = AXIS2_PLACEMENT_3D('',#3725,#3726,#3727);
#3725 = CARTESIAN_POINT('',(-291.924838,94.084584,2.25));
#3726 = DIRECTION('',(0.,0.,1.));
#3727 = DIRECTION('',(1.,0.,0.));
#3728 = ADVANCED_FACE('',(#3729),#3748,.F.);
#3729 = FACE_BOUND('',#3730,.F.);
#3730 = EDGE_LOOP('',(#3731,#3740,#3746,#3747));
#3731 = ORIENTED_EDGE('',*,*,#3732,.F.);
#3732 = EDGE_CURVE('',#3733,#3733,#3735,.T.);
#3733 = VERTEX_POINT('',#3734);
#3734 = CARTESIAN_POINT('',(-290.824838,101.334584,2.25));
#3735 = CIRCLE('',#3736,1.1);
#3736 = AXIS2_PLACEMENT_3D('',#3737,#3738,#3739);
#3737 = CARTESIAN_POINT('',(-291.924838,101.334584,2.25));
#3738 = DIRECTION('',(0.,0.,1.));
#3739 = DIRECTION('',(1.,0.,0.));
#3740 = ORIENTED_EDGE('',*,*,#3741,.T.);
#3741 = EDGE_CURVE('',#3733,#3293,#3742,.T.);
#3742 = LINE('',#3743,#3744);
#3743 = CARTESIAN_POINT('',(-290.824838,101.334584,2.25));
#3744 = VECTOR('',#3745,1.);
#3745 = DIRECTION('',(-0.,-0.,-1.));
#3746 = ORIENTED_EDGE('',*,*,#3292,.T.);
#3747 = ORIENTED_EDGE('',*,*,#3741,.F.);
#3748 = CYLINDRICAL_SURFACE('',#3749,1.1);
#3749 = AXIS2_PLACEMENT_3D('',#3750,#3751,#3752);
#3750 = CARTESIAN_POINT('',(-291.924838,101.334584,2.25));
#3751 = DIRECTION('',(0.,0.,1.));
#3752 = DIRECTION('',(1.,0.,0.));
#3753 = ADVANCED_FACE('',(#3754),#3773,.F.);
#3754 = FACE_BOUND('',#3755,.F.);
#3755 = EDGE_LOOP('',(#3756,#3765,#3771,#3772));
#3756 = ORIENTED_EDGE('',*,*,#3757,.F.);
#3757 = EDGE_CURVE('',#3758,#3758,#3760,.T.);
#3758 = VERTEX_POINT('',#3759);
#3759 = CARTESIAN_POINT('',(-298.074838,94.084584,2.25));
#3760 = CIRCLE('',#3761,1.1);
#3761 = AXIS2_PLACEMENT_3D('',#3762,#3763,#3764);
#3762 = CARTESIAN_POINT('',(-299.174838,94.084584,2.25));
#3763 = DIRECTION('',(0.,0.,1.));
#3764 = DIRECTION('',(1.,0.,0.));
#3765 = ORIENTED_EDGE('',*,*,#3766,.T.);
#3766 = EDGE_CURVE('',#3758,#3304,#3767,.T.);
#3767 = LINE('',#3768,#3769);
#3768 = CARTESIAN_POINT('',(-298.074838,94.084584,2.25));
#3769 = VECTOR('',#3770,1.);
#3770 = DIRECTION('',(-0.,-0.,-1.));
#3771 = ORIENTED_EDGE('',*,*,#3303,.T.);
#3772 = ORIENTED_EDGE('',*,*,#3766,.F.);
#3773 = CYLINDRICAL_SURFACE('',#3774,1.1);
#3774 = AXIS2_PLACEMENT_3D('',#3775,#3776,#3777);
#3775 = CARTESIAN_POINT('',(-299.174838,94.084584,2.25));
#3776 = DIRECTION('',(0.,0.,1.));
#3777 = DIRECTION('',(1.,0.,0.));
#3778 = ADVANCED_FACE('',(#3779),#3798,.F.);
#3779 = FACE_BOUND('',#3780,.F.);
#3780 = EDGE_LOOP('',(#3781,#3789,#3796,#3797));
#3781 = ORIENTED_EDGE('',*,*,#3782,.T.);
#3782 = EDGE_CURVE('',#3393,#3783,#3785,.T.);
#3783 = VERTEX_POINT('',#3784);
#3784 = CARTESIAN_POINT('',(-241.024838,85.2845836773,-20.));
#3785 = LINE('',#3786,#3787);
#3786 = CARTESIAN_POINT('',(-241.024838,85.2845836773,5.));
#3787 = VECTOR('',#3788,1.);
#3788 = DIRECTION('',(-0.,-0.,-1.));
#3789 = ORIENTED_EDGE('',*,*,#3790,.T.);
#3790 = EDGE_CURVE('',#3783,#3783,#3791,.T.);
#3791 = CIRCLE('',#3792,0.9);
#3792 = AXIS2_PLACEMENT_3D('',#3793,#3794,#3795);
#3793 = CARTESIAN_POINT('',(-241.924838,85.2845836773,-20.));
#3794 = DIRECTION('',(0.,0.,1.));
#3795 = DIRECTION('',(1.,0.,0.));
#3796 = ORIENTED_EDGE('',*,*,#3782,.F.);
#3797 = ORIENTED_EDGE('',*,*,#3392,.F.);
#3798 = CYLINDRICAL_SURFACE('',#3799,0.9);
#3799 = AXIS2_PLACEMENT_3D('',#3800,#3801,#3802);
#3800 = CARTESIAN_POINT('',(-241.924838,85.2845836773,5.));
#3801 = DIRECTION('',(0.,0.,1.));
#3802 = DIRECTION('',(1.,0.,0.));
#3803 = ADVANCED_FACE('',(#3804),#3823,.F.);
#3804 = FACE_BOUND('',#3805,.F.);
#3805 = EDGE_LOOP('',(#3806,#3814,#3821,#3822));
#3806 = ORIENTED_EDGE('',*,*,#3807,.T.);
#3807 = EDGE_CURVE('',#3404,#3808,#3810,.T.);
#3808 = VERTEX_POINT('',#3809);
#3809 = CARTESIAN_POINT('',(-281.174838,94.084584,2.25));
#3810 = LINE('',#3811,#3812);
#3811 = CARTESIAN_POINT('',(-281.174838,94.084584,5.));
#3812 = VECTOR('',#3813,1.);
#3813 = DIRECTION('',(-0.,-0.,-1.));
#3814 = ORIENTED_EDGE('',*,*,#3815,.T.);
#3815 = EDGE_CURVE('',#3808,#3808,#3816,.T.);
#3816 = CIRCLE('',#3817,10.75);
#3817 = AXIS2_PLACEMENT_3D('',#3818,#3819,#3820);
#3818 = CARTESIAN_POINT('',(-291.924838,94.084584,2.25));
#3819 = DIRECTION('',(0.,0.,1.));
#3820 = DIRECTION('',(1.,0.,0.));
#3821 = ORIENTED_EDGE('',*,*,#3807,.F.);
#3822 = ORIENTED_EDGE('',*,*,#3403,.F.);
#3823 = CYLINDRICAL_SURFACE('',#3824,10.75);
#3824 = AXIS2_PLACEMENT_3D('',#3825,#3826,#3827);
#3825 = CARTESIAN_POINT('',(-291.924838,94.084584,5.));
#3826 = DIRECTION('',(0.,0.,1.));
#3827 = DIRECTION('',(1.,0.,0.));
#3828 = ADVANCED_FACE('',(#3829),#3848,.F.);
#3829 = FACE_BOUND('',#3830,.F.);
#3830 = EDGE_LOOP('',(#3831,#3839,#3846,#3847));
#3831 = ORIENTED_EDGE('',*,*,#3832,.T.);
#3832 = EDGE_CURVE('',#3415,#3833,#3835,.T.);
#3833 = VERTEX_POINT('',#3834);
#3834 = CARTESIAN_POINT('',(-241.024838,102.884584,-20.));
#3835 = LINE('',#3836,#3837);
#3836 = CARTESIAN_POINT('',(-241.024838,102.884584,5.));
#3837 = VECTOR('',#3838,1.);
#3838 = DIRECTION('',(-0.,-0.,-1.));
#3839 = ORIENTED_EDGE('',*,*,#3840,.T.);
#3840 = EDGE_CURVE('',#3833,#3833,#3841,.T.);
#3841 = CIRCLE('',#3842,0.9);
#3842 = AXIS2_PLACEMENT_3D('',#3843,#3844,#3845);
#3843 = CARTESIAN_POINT('',(-241.924838,102.884584,-20.));
#3844 = DIRECTION('',(0.,0.,1.));
#3845 = DIRECTION('',(1.,0.,0.));
#3846 = ORIENTED_EDGE('',*,*,#3832,.F.);
#3847 = ORIENTED_EDGE('',*,*,#3414,.F.);
#3848 = CYLINDRICAL_SURFACE('',#3849,0.9);
#3849 = AXIS2_PLACEMENT_3D('',#3850,#3851,#3852);
#3850 = CARTESIAN_POINT('',(-241.924838,102.884584,5.));
#3851 = DIRECTION('',(0.,0.,1.));
#3852 = DIRECTION('',(1.,0.,0.));
#3853 = ADVANCED_FACE('',(#3854),#3857,.T.);
#3854 = FACE_BOUND('',#3855,.T.);
#3855 = EDGE_LOOP('',(#3856));
#3856 = ORIENTED_EDGE('',*,*,#3536,.T.);
#3857 = PLANE('',#3858);
#3858 = AXIS2_PLACEMENT_3D('',#3859,#3860,#3861);
#3859 = CARTESIAN_POINT('',(-210.174838,94.084584,-31.8));
#3860 = DIRECTION('',(-1.26E-15,0.,1.));
#3861 = DIRECTION('',(1.,0.,1.26E-15));
#3862 = ADVANCED_FACE('',(#3863),#3866,.T.);
#3863 = FACE_BOUND('',#3864,.T.);
#3864 = EDGE_LOOP('',(#3865));
#3865 = ORIENTED_EDGE('',*,*,#3569,.T.);
#3866 = PLANE('',#3867);
#3867 = AXIS2_PLACEMENT_3D('',#3868,#3869,#3870);
#3868 = CARTESIAN_POINT('',(-210.174838,94.084584,-31.8));
#3869 = DIRECTION('',(-1.26E-15,0.,1.));
#3870 = DIRECTION('',(1.,0.,1.26E-15));
#3871 = ADVANCED_FACE('',(#3872,#3875,#3878,#3881,#3884,#3887),#3890,.T.
  );
#3872 = FACE_BOUND('',#3873,.T.);
#3873 = EDGE_LOOP('',(#3874));
#3874 = ORIENTED_EDGE('',*,*,#3815,.T.);
#3875 = FACE_BOUND('',#3876,.T.);
#3876 = EDGE_LOOP('',(#3877));
#3877 = ORIENTED_EDGE('',*,*,#3657,.F.);
#3878 = FACE_BOUND('',#3879,.T.);
#3879 = EDGE_LOOP('',(#3880));
#3880 = ORIENTED_EDGE('',*,*,#3757,.F.);
#3881 = FACE_BOUND('',#3882,.T.);
#3882 = EDGE_LOOP('',(#3883));
#3883 = ORIENTED_EDGE('',*,*,#3707,.F.);
#3884 = FACE_BOUND('',#3885,.T.);
#3885 = EDGE_LOOP('',(#3886));
#3886 = ORIENTED_EDGE('',*,*,#3682,.F.);
#3887 = FACE_BOUND('',#3888,.T.);
#3888 = EDGE_LOOP('',(#3889));
#3889 = ORIENTED_EDGE('',*,*,#3732,.F.);
#3890 = PLANE('',#3891);
#3891 = AXIS2_PLACEMENT_3D('',#3892,#3893,#3894);
#3892 = CARTESIAN_POINT('',(-291.924838,94.084584,2.25));
#3893 = DIRECTION('',(0.,0.,1.));
#3894 = DIRECTION('',(1.,0.,0.));
#3895 = ADVANCED_FACE('',(#3896),#3899,.T.);
#3896 = FACE_BOUND('',#3897,.T.);
#3897 = EDGE_LOOP('',(#3898));
#3898 = ORIENTED_EDGE('',*,*,#3790,.T.);
#3899 = PLANE('',#3900);
#3900 = AXIS2_PLACEMENT_3D('',#3901,#3902,#3903);
#3901 = CARTESIAN_POINT('',(-241.924838,94.08458383865,-20.));
#3902 = DIRECTION('',(0.,0.,1.));
#3903 = DIRECTION('',(1.,0.,0.));
#3904 = ADVANCED_FACE('',(#3905),#3908,.T.);
#3905 = FACE_BOUND('',#3906,.T.);
#3906 = EDGE_LOOP('',(#3907));
#3907 = ORIENTED_EDGE('',*,*,#3840,.T.);
#3908 = PLANE('',#3909);
#3909 = AXIS2_PLACEMENT_3D('',#3910,#3911,#3912);
#3910 = CARTESIAN_POINT('',(-241.924838,94.08458383865,-20.));
#3911 = DIRECTION('',(0.,0.,1.));
#3912 = DIRECTION('',(1.,0.,0.));
#3913 = ( GEOMETRIC_REPRESENTATION_CONTEXT(3) 
GLOBAL_UNCERTAINTY_ASSIGNED_CONTEXT((#3917)) 
GLOBAL_UNIT_ASSIGNED_CONTEXT((#3914,#3915,#3916)) REPRESENTATION_CONTEXT
('Context #1','3D Context with UNIT and UNCERTAINTY') );
#3914 = ( LENGTH_UNIT() NAMED_UNIT(*) SI_UNIT(.MILLI.,.METRE.) );
#3915 = ( NAMED_UNIT(*) PLANE_ANGLE_UNIT() SI_UNIT($,.RADIAN.) );
#3916 = ( NAMED_UNIT(*) SI_UNIT($,.STERADIAN.) SOLID_ANGLE_UNIT() );
#3917 = UNCERTAINTY_MEASURE_WITH_UNIT(LENGTH_MEASURE(1.E-04),#3914,
  'distance_accuracy_value','confusion accuracy');
#3918 = PRODUCT_RELATED_PRODUCT_CATEGORY('part',$,(#7));
#3919 = MECHANICAL_DESIGN_GEOMETRIC_PRESENTATION_REPRESENTATION('',(
    #3920),#3913);
#3920 = STYLED_ITEM('color',(#3921),#15);
#3921 = PRESENTATION_STYLE_ASSIGNMENT((#3922,#3928));
#3922 = SURFACE_STYLE_USAGE(.BOTH.,#3923);
#3923 = SURFACE_SIDE_STYLE('',(#3924));
#3924 = SURFACE_STYLE_FILL_AREA(#3925);
#3925 = FILL_AREA_STYLE('',(#3926));
#3926 = FILL_AREA_STYLE_COLOUR('',#3927);
#3927 = COLOUR_RGB('',0.447058818107,0.474509808674,0.501960817233);
#3928 = CURVE_STYLE('',#3929,POSITIVE_LENGTH_MEASURE(0.1),#3930);
#3929 = DRAUGHTING_PRE_DEFINED_CURVE_FONT('continuous');
#3930 = COLOUR_RGB('',9.803921802644E-02,9.803921802644E-02,
  9.803921802644E-02);
ENDSEC;
END-ISO-10303-21;
